[0.109s] DEBUG:colcon:Command line arguments: ['/usr/bin/colcon', 'build']
[0.109s] DEBUG:colcon:Parsed command line arguments: Namespace(log_base=None, log_level=None, verb_name='build', build_base='build', install_base='install', merge_install=False, symlink_install=False, test_result_base=None, continue_on_error=False, executor='parallel', parallel_workers=16, event_handlers=None, ignore_user_meta=False, metas=['./colcon.meta'], base_paths=['.'], packages_ignore=None, packages_ignore_regex=None, paths=None, packages_up_to=None, packages_up_to_regex=None, packages_above=None, packages_above_and_dependencies=None, packages_above_depth=None, packages_select_by_dep=None, packages_skip_by_dep=None, packages_skip_up_to=None, packages_select_build_failed=False, packages_skip_build_finished=False, packages_select_test_failures=False, packages_skip_test_passed=False, packages_select=None, packages_skip=None, packages_select_regex=None, packages_skip_regex=None, packages_start=None, packages_end=None, allow_overriding=[], cmake_args=None, cmake_target=None, cmake_target_skip_unavailable=False, cmake_clean_cache=False, cmake_clean_first=False, cmake_force_configure=False, ament_cmake_args=None, catkin_cmake_args=None, catkin_skip_building_tests=False, mixin_files=None, mixin=None, verb_parser=<colcon_mixin.mixin.mixin_argument.MixinArgumentDecorator object at 0x78b3d3aab070>, verb_extension=<colcon_core.verb.build.BuildVerb object at 0x78b3d3aaaa10>, main=<bound method BuildVerb.main of <colcon_core.verb.build.BuildVerb object at 0x78b3d3aaaa10>>, mixin_verb=('build',))
[0.282s] Level 1:colcon.colcon_core.package_discovery:discover_packages(colcon_meta) check parameters
[0.282s] Level 1:colcon.colcon_core.package_discovery:discover_packages(recursive) check parameters
[0.282s] Level 1:colcon.colcon_core.package_discovery:discover_packages(ignore) check parameters
[0.282s] Level 1:colcon.colcon_core.package_discovery:discover_packages(path) check parameters
[0.282s] Level 1:colcon.colcon_core.package_discovery:discover_packages(colcon_meta) discover
[0.282s] Level 1:colcon.colcon_core.package_discovery:discover_packages(recursive) discover
[0.283s] INFO:colcon.colcon_core.package_discovery:Crawling recursively for packages in '/home/phy_ai/.ihub/daksha'
[0.283s] Level 1:colcon.colcon_core.package_identification:_identify(.) by extensions ['ignore', 'ignore_ament_install']
[0.283s] Level 1:colcon.colcon_core.package_identification:_identify(.) by extension 'ignore'
[0.283s] Level 1:colcon.colcon_core.package_identification:_identify(.) by extension 'ignore_ament_install'
[0.283s] Level 1:colcon.colcon_core.package_identification:_identify(.) by extensions ['colcon_pkg']
[0.283s] Level 1:colcon.colcon_core.package_identification:_identify(.) by extension 'colcon_pkg'
[0.283s] Level 1:colcon.colcon_core.package_identification:_identify(.) by extensions ['colcon_meta']
[0.283s] Level 1:colcon.colcon_core.package_identification:_identify(.) by extension 'colcon_meta'
[0.283s] Level 1:colcon.colcon_core.package_identification:_identify(.) by extensions ['ros']
[0.283s] Level 1:colcon.colcon_core.package_identification:_identify(.) by extension 'ros'
[0.304s] Level 1:colcon.colcon_core.package_identification:_identify(.) by extensions ['cmake', 'python']
[0.304s] Level 1:colcon.colcon_core.package_identification:_identify(.) by extension 'cmake'
[0.304s] Level 1:colcon.colcon_core.package_identification:_identify(.) by extension 'python'
[0.304s] Level 1:colcon.colcon_core.package_identification:_identify(.) by extensions ['python_setup_py']
[0.304s] Level 1:colcon.colcon_core.package_identification:_identify(.) by extension 'python_setup_py'
[0.304s] Level 1:colcon.colcon_core.package_identification:_identify(build) by extensions ['ignore', 'ignore_ament_install']
[0.304s] Level 1:colcon.colcon_core.package_identification:_identify(build) by extension 'ignore'
[0.304s] Level 1:colcon.colcon_core.package_identification:_identify(build) ignored
[0.304s] Level 1:colcon.colcon_core.package_identification:_identify(docs) by extensions ['ignore', 'ignore_ament_install']
[0.304s] Level 1:colcon.colcon_core.package_identification:_identify(docs) by extension 'ignore'
[0.304s] Level 1:colcon.colcon_core.package_identification:_identify(docs) by extension 'ignore_ament_install'
[0.304s] Level 1:colcon.colcon_core.package_identification:_identify(docs) by extensions ['colcon_pkg']
[0.304s] Level 1:colcon.colcon_core.package_identification:_identify(docs) by extension 'colcon_pkg'
[0.304s] Level 1:colcon.colcon_core.package_identification:_identify(docs) by extensions ['colcon_meta']
[0.304s] Level 1:colcon.colcon_core.package_identification:_identify(docs) by extension 'colcon_meta'
[0.304s] Level 1:colcon.colcon_core.package_identification:_identify(docs) by extensions ['ros']
[0.305s] Level 1:colcon.colcon_core.package_identification:_identify(docs) by extension 'ros'
[0.305s] Level 1:colcon.colcon_core.package_identification:_identify(docs) by extensions ['cmake', 'python']
[0.305s] Level 1:colcon.colcon_core.package_identification:_identify(docs) by extension 'cmake'
[0.305s] Level 1:colcon.colcon_core.package_identification:_identify(docs) by extension 'python'
[0.305s] Level 1:colcon.colcon_core.package_identification:_identify(docs) by extensions ['python_setup_py']
[0.305s] Level 1:colcon.colcon_core.package_identification:_identify(docs) by extension 'python_setup_py'
[0.305s] Level 1:colcon.colcon_core.package_identification:_identify(install) by extensions ['ignore', 'ignore_ament_install']
[0.305s] Level 1:colcon.colcon_core.package_identification:_identify(install) by extension 'ignore'
[0.305s] Level 1:colcon.colcon_core.package_identification:_identify(install) ignored
[0.305s] Level 1:colcon.colcon_core.package_identification:_identify(log) by extensions ['ignore', 'ignore_ament_install']
[0.305s] Level 1:colcon.colcon_core.package_identification:_identify(log) by extension 'ignore'
[0.305s] Level 1:colcon.colcon_core.package_identification:_identify(log) ignored
[0.305s] Level 1:colcon.colcon_core.package_identification:_identify(src) by extensions ['ignore', 'ignore_ament_install']
[0.305s] Level 1:colcon.colcon_core.package_identification:_identify(src) by extension 'ignore'
[0.305s] Level 1:colcon.colcon_core.package_identification:_identify(src) by extension 'ignore_ament_install'
[0.305s] Level 1:colcon.colcon_core.package_identification:_identify(src) by extensions ['colcon_pkg']
[0.305s] Level 1:colcon.colcon_core.package_identification:_identify(src) by extension 'colcon_pkg'
[0.305s] Level 1:colcon.colcon_core.package_identification:_identify(src) by extensions ['colcon_meta']
[0.305s] Level 1:colcon.colcon_core.package_identification:_identify(src) by extension 'colcon_meta'
[0.305s] Level 1:colcon.colcon_core.package_identification:_identify(src) by extensions ['ros']
[0.305s] Level 1:colcon.colcon_core.package_identification:_identify(src) by extension 'ros'
[0.305s] Level 1:colcon.colcon_core.package_identification:_identify(src) by extensions ['cmake', 'python']
[0.305s] Level 1:colcon.colcon_core.package_identification:_identify(src) by extension 'cmake'
[0.305s] Level 1:colcon.colcon_core.package_identification:_identify(src) by extension 'python'
[0.306s] Level 1:colcon.colcon_core.package_identification:_identify(src) by extensions ['python_setup_py']
[0.306s] Level 1:colcon.colcon_core.package_identification:_identify(src) by extension 'python_setup_py'
[0.306s] Level 1:colcon.colcon_core.package_identification:_identify(src/automation) by extensions ['ignore', 'ignore_ament_install']
[0.306s] Level 1:colcon.colcon_core.package_identification:_identify(src/automation) by extension 'ignore'
[0.306s] Level 1:colcon.colcon_core.package_identification:_identify(src/automation) by extension 'ignore_ament_install'
[0.306s] Level 1:colcon.colcon_core.package_identification:_identify(src/automation) by extensions ['colcon_pkg']
[0.306s] Level 1:colcon.colcon_core.package_identification:_identify(src/automation) by extension 'colcon_pkg'
[0.306s] Level 1:colcon.colcon_core.package_identification:_identify(src/automation) by extensions ['colcon_meta']
[0.306s] Level 1:colcon.colcon_core.package_identification:_identify(src/automation) by extension 'colcon_meta'
[0.306s] Level 1:colcon.colcon_core.package_identification:_identify(src/automation) by extensions ['ros']
[0.306s] Level 1:colcon.colcon_core.package_identification:_identify(src/automation) by extension 'ros'
[0.308s] DEBUG:colcon.colcon_core.package_identification:Package 'src/automation' with type 'ros.ament_cmake' and name 'automation'
[0.308s] Level 1:colcon.colcon_core.package_identification:_identify(src/controllers) by extensions ['ignore', 'ignore_ament_install']
[0.308s] Level 1:colcon.colcon_core.package_identification:_identify(src/controllers) by extension 'ignore'
[0.308s] Level 1:colcon.colcon_core.package_identification:_identify(src/controllers) by extension 'ignore_ament_install'
[0.308s] Level 1:colcon.colcon_core.package_identification:_identify(src/controllers) by extensions ['colcon_pkg']
[0.309s] Level 1:colcon.colcon_core.package_identification:_identify(src/controllers) by extension 'colcon_pkg'
[0.309s] Level 1:colcon.colcon_core.package_identification:_identify(src/controllers) by extensions ['colcon_meta']
[0.309s] Level 1:colcon.colcon_core.package_identification:_identify(src/controllers) by extension 'colcon_meta'
[0.309s] Level 1:colcon.colcon_core.package_identification:_identify(src/controllers) by extensions ['ros']
[0.309s] Level 1:colcon.colcon_core.package_identification:_identify(src/controllers) by extension 'ros'
[0.309s] Level 1:colcon.colcon_core.package_identification:_identify(src/controllers) by extensions ['cmake', 'python']
[0.309s] Level 1:colcon.colcon_core.package_identification:_identify(src/controllers) by extension 'cmake'
[0.309s] Level 1:colcon.colcon_core.package_identification:_identify(src/controllers) by extension 'python'
[0.309s] Level 1:colcon.colcon_core.package_identification:_identify(src/controllers) by extensions ['python_setup_py']
[0.309s] Level 1:colcon.colcon_core.package_identification:_identify(src/controllers) by extension 'python_setup_py'
[0.309s] Level 1:colcon.colcon_core.package_identification:_identify(src/controllers/collision_management) by extensions ['ignore', 'ignore_ament_install']
[0.309s] Level 1:colcon.colcon_core.package_identification:_identify(src/controllers/collision_management) by extension 'ignore'
[0.309s] Level 1:colcon.colcon_core.package_identification:_identify(src/controllers/collision_management) by extension 'ignore_ament_install'
[0.309s] Level 1:colcon.colcon_core.package_identification:_identify(src/controllers/collision_management) by extensions ['colcon_pkg']
[0.309s] Level 1:colcon.colcon_core.package_identification:_identify(src/controllers/collision_management) by extension 'colcon_pkg'
[0.309s] Level 1:colcon.colcon_core.package_identification:_identify(src/controllers/collision_management) by extensions ['colcon_meta']
[0.309s] Level 1:colcon.colcon_core.package_identification:_identify(src/controllers/collision_management) by extension 'colcon_meta'
[0.309s] Level 1:colcon.colcon_core.package_identification:_identify(src/controllers/collision_management) by extensions ['ros']
[0.309s] Level 1:colcon.colcon_core.package_identification:_identify(src/controllers/collision_management) by extension 'ros'
[0.310s] DEBUG:colcon.colcon_core.package_identification:Package 'src/controllers/collision_management' with type 'ros.ament_cmake' and name 'collision_management'
[0.310s] Level 1:colcon.colcon_core.package_identification:_identify(src/controllers/dynamics) by extensions ['ignore', 'ignore_ament_install']
[0.310s] Level 1:colcon.colcon_core.package_identification:_identify(src/controllers/dynamics) by extension 'ignore'
[0.310s] Level 1:colcon.colcon_core.package_identification:_identify(src/controllers/dynamics) by extension 'ignore_ament_install'
[0.310s] Level 1:colcon.colcon_core.package_identification:_identify(src/controllers/dynamics) by extensions ['colcon_pkg']
[0.310s] Level 1:colcon.colcon_core.package_identification:_identify(src/controllers/dynamics) by extension 'colcon_pkg'
[0.310s] Level 1:colcon.colcon_core.package_identification:_identify(src/controllers/dynamics) by extensions ['colcon_meta']
[0.310s] Level 1:colcon.colcon_core.package_identification:_identify(src/controllers/dynamics) by extension 'colcon_meta'
[0.310s] Level 1:colcon.colcon_core.package_identification:_identify(src/controllers/dynamics) by extensions ['ros']
[0.310s] Level 1:colcon.colcon_core.package_identification:_identify(src/controllers/dynamics) by extension 'ros'
[0.311s] DEBUG:colcon.colcon_core.package_identification:Package 'src/controllers/dynamics' with type 'ros.ament_cmake' and name 'dynamics'
[0.311s] Level 1:colcon.colcon_core.package_identification:_identify(src/controllers/hw_interface) by extensions ['ignore', 'ignore_ament_install']
[0.311s] Level 1:colcon.colcon_core.package_identification:_identify(src/controllers/hw_interface) by extension 'ignore'
[0.311s] Level 1:colcon.colcon_core.package_identification:_identify(src/controllers/hw_interface) by extension 'ignore_ament_install'
[0.311s] Level 1:colcon.colcon_core.package_identification:_identify(src/controllers/hw_interface) by extensions ['colcon_pkg']
[0.311s] Level 1:colcon.colcon_core.package_identification:_identify(src/controllers/hw_interface) by extension 'colcon_pkg'
[0.311s] Level 1:colcon.colcon_core.package_identification:_identify(src/controllers/hw_interface) by extensions ['colcon_meta']
[0.311s] Level 1:colcon.colcon_core.package_identification:_identify(src/controllers/hw_interface) by extension 'colcon_meta'
[0.311s] Level 1:colcon.colcon_core.package_identification:_identify(src/controllers/hw_interface) by extensions ['ros']
[0.311s] Level 1:colcon.colcon_core.package_identification:_identify(src/controllers/hw_interface) by extension 'ros'
[0.312s] DEBUG:colcon.colcon_core.package_identification:Package 'src/controllers/hw_interface' with type 'ros.ament_cmake' and name 'hw_interface'
[0.312s] Level 1:colcon.colcon_core.package_identification:_identify(src/controllers/kinematics) by extensions ['ignore', 'ignore_ament_install']
[0.312s] Level 1:colcon.colcon_core.package_identification:_identify(src/controllers/kinematics) by extension 'ignore'
[0.312s] Level 1:colcon.colcon_core.package_identification:_identify(src/controllers/kinematics) by extension 'ignore_ament_install'
[0.312s] Level 1:colcon.colcon_core.package_identification:_identify(src/controllers/kinematics) by extensions ['colcon_pkg']
[0.312s] Level 1:colcon.colcon_core.package_identification:_identify(src/controllers/kinematics) by extension 'colcon_pkg'
[0.313s] Level 1:colcon.colcon_core.package_identification:_identify(src/controllers/kinematics) by extensions ['colcon_meta']
[0.313s] Level 1:colcon.colcon_core.package_identification:_identify(src/controllers/kinematics) by extension 'colcon_meta'
[0.313s] Level 1:colcon.colcon_core.package_identification:_identify(src/controllers/kinematics) by extensions ['ros']
[0.313s] Level 1:colcon.colcon_core.package_identification:_identify(src/controllers/kinematics) by extension 'ros'
[0.313s] DEBUG:colcon.colcon_core.package_identification:Package 'src/controllers/kinematics' with type 'ros.ament_python' and name 'kinematics'
[0.313s] Level 1:colcon.colcon_core.package_identification:_identify(src/controllers/moveit_collision_management) by extensions ['ignore', 'ignore_ament_install']
[0.313s] Level 1:colcon.colcon_core.package_identification:_identify(src/controllers/moveit_collision_management) by extension 'ignore'
[0.313s] Level 1:colcon.colcon_core.package_identification:_identify(src/controllers/moveit_collision_management) by extension 'ignore_ament_install'
[0.313s] Level 1:colcon.colcon_core.package_identification:_identify(src/controllers/moveit_collision_management) by extensions ['colcon_pkg']
[0.313s] Level 1:colcon.colcon_core.package_identification:_identify(src/controllers/moveit_collision_management) by extension 'colcon_pkg'
[0.313s] Level 1:colcon.colcon_core.package_identification:_identify(src/controllers/moveit_collision_management) by extensions ['colcon_meta']
[0.313s] Level 1:colcon.colcon_core.package_identification:_identify(src/controllers/moveit_collision_management) by extension 'colcon_meta'
[0.313s] Level 1:colcon.colcon_core.package_identification:_identify(src/controllers/moveit_collision_management) by extensions ['ros']
[0.313s] Level 1:colcon.colcon_core.package_identification:_identify(src/controllers/moveit_collision_management) by extension 'ros'
[0.314s] DEBUG:colcon.colcon_core.package_identification:Package 'src/controllers/moveit_collision_management' with type 'ros.ament_cmake' and name 'moveit_collision_management'
[0.314s] Level 1:colcon.colcon_core.package_identification:_identify(src/controllers/posveleff_controllers) by extensions ['ignore', 'ignore_ament_install']
[0.314s] Level 1:colcon.colcon_core.package_identification:_identify(src/controllers/posveleff_controllers) by extension 'ignore'
[0.314s] Level 1:colcon.colcon_core.package_identification:_identify(src/controllers/posveleff_controllers) by extension 'ignore_ament_install'
[0.314s] Level 1:colcon.colcon_core.package_identification:_identify(src/controllers/posveleff_controllers) by extensions ['colcon_pkg']
[0.314s] Level 1:colcon.colcon_core.package_identification:_identify(src/controllers/posveleff_controllers) by extension 'colcon_pkg'
[0.314s] Level 1:colcon.colcon_core.package_identification:_identify(src/controllers/posveleff_controllers) by extensions ['colcon_meta']
[0.314s] Level 1:colcon.colcon_core.package_identification:_identify(src/controllers/posveleff_controllers) by extension 'colcon_meta'
[0.314s] Level 1:colcon.colcon_core.package_identification:_identify(src/controllers/posveleff_controllers) by extensions ['ros']
[0.314s] Level 1:colcon.colcon_core.package_identification:_identify(src/controllers/posveleff_controllers) by extension 'ros'
[0.315s] DEBUG:colcon.colcon_core.package_identification:Package 'src/controllers/posveleff_controllers' with type 'ros.ament_cmake' and name 'posveleff_controllers'
[0.315s] Level 1:colcon.colcon_core.package_identification:_identify(src/custom_v3format_dataset) by extensions ['ignore', 'ignore_ament_install']
[0.315s] Level 1:colcon.colcon_core.package_identification:_identify(src/custom_v3format_dataset) by extension 'ignore'
[0.315s] Level 1:colcon.colcon_core.package_identification:_identify(src/custom_v3format_dataset) by extension 'ignore_ament_install'
[0.315s] Level 1:colcon.colcon_core.package_identification:_identify(src/custom_v3format_dataset) by extensions ['colcon_pkg']
[0.315s] Level 1:colcon.colcon_core.package_identification:_identify(src/custom_v3format_dataset) by extension 'colcon_pkg'
[0.315s] Level 1:colcon.colcon_core.package_identification:_identify(src/custom_v3format_dataset) by extensions ['colcon_meta']
[0.316s] Level 1:colcon.colcon_core.package_identification:_identify(src/custom_v3format_dataset) by extension 'colcon_meta'
[0.316s] Level 1:colcon.colcon_core.package_identification:_identify(src/custom_v3format_dataset) by extensions ['ros']
[0.316s] Level 1:colcon.colcon_core.package_identification:_identify(src/custom_v3format_dataset) by extension 'ros'
[0.316s] Level 1:colcon.colcon_core.package_identification:_identify(src/custom_v3format_dataset) by extensions ['cmake', 'python']
[0.316s] Level 1:colcon.colcon_core.package_identification:_identify(src/custom_v3format_dataset) by extension 'cmake'
[0.316s] Level 1:colcon.colcon_core.package_identification:_identify(src/custom_v3format_dataset) by extension 'python'
[0.316s] Level 1:colcon.colcon_core.package_identification:_identify(src/custom_v3format_dataset) by extensions ['python_setup_py']
[0.316s] Level 1:colcon.colcon_core.package_identification:_identify(src/custom_v3format_dataset) by extension 'python_setup_py'
[0.316s] Level 1:colcon.colcon_core.package_identification:_identify(src/custom_v3format_dataset/__pycache__) by extensions ['ignore', 'ignore_ament_install']
[0.316s] Level 1:colcon.colcon_core.package_identification:_identify(src/custom_v3format_dataset/__pycache__) by extension 'ignore'
[0.316s] Level 1:colcon.colcon_core.package_identification:_identify(src/custom_v3format_dataset/__pycache__) by extension 'ignore_ament_install'
[0.316s] Level 1:colcon.colcon_core.package_identification:_identify(src/custom_v3format_dataset/__pycache__) by extensions ['colcon_pkg']
[0.316s] Level 1:colcon.colcon_core.package_identification:_identify(src/custom_v3format_dataset/__pycache__) by extension 'colcon_pkg'
[0.316s] Level 1:colcon.colcon_core.package_identification:_identify(src/custom_v3format_dataset/__pycache__) by extensions ['colcon_meta']
[0.316s] Level 1:colcon.colcon_core.package_identification:_identify(src/custom_v3format_dataset/__pycache__) by extension 'colcon_meta'
[0.316s] Level 1:colcon.colcon_core.package_identification:_identify(src/custom_v3format_dataset/__pycache__) by extensions ['ros']
[0.316s] Level 1:colcon.colcon_core.package_identification:_identify(src/custom_v3format_dataset/__pycache__) by extension 'ros'
[0.316s] Level 1:colcon.colcon_core.package_identification:_identify(src/custom_v3format_dataset/__pycache__) by extensions ['cmake', 'python']
[0.316s] Level 1:colcon.colcon_core.package_identification:_identify(src/custom_v3format_dataset/__pycache__) by extension 'cmake'
[0.316s] Level 1:colcon.colcon_core.package_identification:_identify(src/custom_v3format_dataset/__pycache__) by extension 'python'
[0.316s] Level 1:colcon.colcon_core.package_identification:_identify(src/custom_v3format_dataset/__pycache__) by extensions ['python_setup_py']
[0.316s] Level 1:colcon.colcon_core.package_identification:_identify(src/custom_v3format_dataset/__pycache__) by extension 'python_setup_py'
[0.316s] Level 1:colcon.colcon_core.package_identification:_identify(src/daksha_description_full_body) by extensions ['ignore', 'ignore_ament_install']
[0.316s] Level 1:colcon.colcon_core.package_identification:_identify(src/daksha_description_full_body) by extension 'ignore'
[0.316s] Level 1:colcon.colcon_core.package_identification:_identify(src/daksha_description_full_body) by extension 'ignore_ament_install'
[0.316s] Level 1:colcon.colcon_core.package_identification:_identify(src/daksha_description_full_body) by extensions ['colcon_pkg']
[0.317s] Level 1:colcon.colcon_core.package_identification:_identify(src/daksha_description_full_body) by extension 'colcon_pkg'
[0.317s] Level 1:colcon.colcon_core.package_identification:_identify(src/daksha_description_full_body) by extensions ['colcon_meta']
[0.317s] Level 1:colcon.colcon_core.package_identification:_identify(src/daksha_description_full_body) by extension 'colcon_meta'
[0.317s] Level 1:colcon.colcon_core.package_identification:_identify(src/daksha_description_full_body) by extensions ['ros']
[0.317s] Level 1:colcon.colcon_core.package_identification:_identify(src/daksha_description_full_body) by extension 'ros'
[0.317s] DEBUG:colcon.colcon_core.package_identification:Package 'src/daksha_description_full_body' with type 'ros.ament_python' and name 'daksha_description_full_body'
[0.317s] Level 1:colcon.colcon_core.package_identification:_identify(src/diagnosis) by extensions ['ignore', 'ignore_ament_install']
[0.318s] Level 1:colcon.colcon_core.package_identification:_identify(src/diagnosis) by extension 'ignore'
[0.318s] Level 1:colcon.colcon_core.package_identification:_identify(src/diagnosis) by extension 'ignore_ament_install'
[0.318s] Level 1:colcon.colcon_core.package_identification:_identify(src/diagnosis) by extensions ['colcon_pkg']
[0.318s] Level 1:colcon.colcon_core.package_identification:_identify(src/diagnosis) by extension 'colcon_pkg'
[0.318s] Level 1:colcon.colcon_core.package_identification:_identify(src/diagnosis) by extensions ['colcon_meta']
[0.318s] Level 1:colcon.colcon_core.package_identification:_identify(src/diagnosis) by extension 'colcon_meta'
[0.318s] Level 1:colcon.colcon_core.package_identification:_identify(src/diagnosis) by extensions ['ros']
[0.318s] Level 1:colcon.colcon_core.package_identification:_identify(src/diagnosis) by extension 'ros'
[0.318s] Level 1:colcon.colcon_core.package_identification:_identify(src/diagnosis) by extensions ['cmake', 'python']
[0.318s] Level 1:colcon.colcon_core.package_identification:_identify(src/diagnosis) by extension 'cmake'
[0.318s] Level 1:colcon.colcon_core.package_identification:_identify(src/diagnosis) by extension 'python'
[0.318s] Level 1:colcon.colcon_core.package_identification:_identify(src/diagnosis) by extensions ['python_setup_py']
[0.318s] Level 1:colcon.colcon_core.package_identification:_identify(src/diagnosis) by extension 'python_setup_py'
[0.318s] Level 1:colcon.colcon_core.package_identification:_identify(src/diagnosis/temp_graph) by extensions ['ignore', 'ignore_ament_install']
[0.318s] Level 1:colcon.colcon_core.package_identification:_identify(src/diagnosis/temp_graph) by extension 'ignore'
[0.318s] Level 1:colcon.colcon_core.package_identification:_identify(src/diagnosis/temp_graph) by extension 'ignore_ament_install'
[0.318s] Level 1:colcon.colcon_core.package_identification:_identify(src/diagnosis/temp_graph) by extensions ['colcon_pkg']
[0.318s] Level 1:colcon.colcon_core.package_identification:_identify(src/diagnosis/temp_graph) by extension 'colcon_pkg'
[0.318s] Level 1:colcon.colcon_core.package_identification:_identify(src/diagnosis/temp_graph) by extensions ['colcon_meta']
[0.318s] Level 1:colcon.colcon_core.package_identification:_identify(src/diagnosis/temp_graph) by extension 'colcon_meta'
[0.318s] Level 1:colcon.colcon_core.package_identification:_identify(src/diagnosis/temp_graph) by extensions ['ros']
[0.318s] Level 1:colcon.colcon_core.package_identification:_identify(src/diagnosis/temp_graph) by extension 'ros'
[0.318s] Level 1:colcon.colcon_core.package_identification:_identify(src/diagnosis/temp_graph) by extensions ['cmake', 'python']
[0.318s] Level 1:colcon.colcon_core.package_identification:_identify(src/diagnosis/temp_graph) by extension 'cmake'
[0.318s] Level 1:colcon.colcon_core.package_identification:_identify(src/diagnosis/temp_graph) by extension 'python'
[0.318s] Level 1:colcon.colcon_core.package_identification:_identify(src/diagnosis/temp_graph) by extensions ['python_setup_py']
[0.318s] Level 1:colcon.colcon_core.package_identification:_identify(src/diagnosis/temp_graph) by extension 'python_setup_py'
[0.319s] Level 1:colcon.colcon_core.package_identification:_identify(src/diagnosis/temp_graph/build) by extensions ['ignore', 'ignore_ament_install']
[0.319s] Level 1:colcon.colcon_core.package_identification:_identify(src/diagnosis/temp_graph/build) by extension 'ignore'
[0.319s] Level 1:colcon.colcon_core.package_identification:_identify(src/diagnosis/temp_graph/build) by extension 'ignore_ament_install'
[0.319s] Level 1:colcon.colcon_core.package_identification:_identify(src/diagnosis/temp_graph/build) by extensions ['colcon_pkg']
[0.319s] Level 1:colcon.colcon_core.package_identification:_identify(src/diagnosis/temp_graph/build) by extension 'colcon_pkg'
[0.319s] Level 1:colcon.colcon_core.package_identification:_identify(src/diagnosis/temp_graph/build) by extensions ['colcon_meta']
[0.319s] Level 1:colcon.colcon_core.package_identification:_identify(src/diagnosis/temp_graph/build) by extension 'colcon_meta'
[0.319s] Level 1:colcon.colcon_core.package_identification:_identify(src/diagnosis/temp_graph/build) by extensions ['ros']
[0.319s] Level 1:colcon.colcon_core.package_identification:_identify(src/diagnosis/temp_graph/build) by extension 'ros'
[0.319s] Level 1:colcon.colcon_core.package_identification:_identify(src/diagnosis/temp_graph/build) by extensions ['cmake', 'python']
[0.319s] Level 1:colcon.colcon_core.package_identification:_identify(src/diagnosis/temp_graph/build) by extension 'cmake'
[0.319s] Level 1:colcon.colcon_core.package_identification:_identify(src/diagnosis/temp_graph/build) by extension 'python'
[0.319s] Level 1:colcon.colcon_core.package_identification:_identify(src/diagnosis/temp_graph/build) by extensions ['python_setup_py']
[0.319s] Level 1:colcon.colcon_core.package_identification:_identify(src/diagnosis/temp_graph/build) by extension 'python_setup_py'
[0.319s] Level 1:colcon.colcon_core.package_identification:_identify(src/diagnosis/temp_graph/build/lib) by extensions ['ignore', 'ignore_ament_install']
[0.319s] Level 1:colcon.colcon_core.package_identification:_identify(src/diagnosis/temp_graph/build/lib) by extension 'ignore'
[0.319s] Level 1:colcon.colcon_core.package_identification:_identify(src/diagnosis/temp_graph/build/lib) by extension 'ignore_ament_install'
[0.319s] Level 1:colcon.colcon_core.package_identification:_identify(src/diagnosis/temp_graph/build/lib) by extensions ['colcon_pkg']
[0.319s] Level 1:colcon.colcon_core.package_identification:_identify(src/diagnosis/temp_graph/build/lib) by extension 'colcon_pkg'
[0.319s] Level 1:colcon.colcon_core.package_identification:_identify(src/diagnosis/temp_graph/build/lib) by extensions ['colcon_meta']
[0.319s] Level 1:colcon.colcon_core.package_identification:_identify(src/diagnosis/temp_graph/build/lib) by extension 'colcon_meta'
[0.319s] Level 1:colcon.colcon_core.package_identification:_identify(src/diagnosis/temp_graph/build/lib) by extensions ['ros']
[0.319s] Level 1:colcon.colcon_core.package_identification:_identify(src/diagnosis/temp_graph/build/lib) by extension 'ros'
[0.319s] Level 1:colcon.colcon_core.package_identification:_identify(src/diagnosis/temp_graph/build/lib) by extensions ['cmake', 'python']
[0.319s] Level 1:colcon.colcon_core.package_identification:_identify(src/diagnosis/temp_graph/build/lib) by extension 'cmake'
[0.319s] Level 1:colcon.colcon_core.package_identification:_identify(src/diagnosis/temp_graph/build/lib) by extension 'python'
[0.319s] Level 1:colcon.colcon_core.package_identification:_identify(src/diagnosis/temp_graph/build/lib) by extensions ['python_setup_py']
[0.319s] Level 1:colcon.colcon_core.package_identification:_identify(src/diagnosis/temp_graph/build/lib) by extension 'python_setup_py'
[0.320s] Level 1:colcon.colcon_core.package_identification:_identify(src/diagnosis/temp_graph/build/lib/temp_graph) by extensions ['ignore', 'ignore_ament_install']
[0.320s] Level 1:colcon.colcon_core.package_identification:_identify(src/diagnosis/temp_graph/build/lib/temp_graph) by extension 'ignore'
[0.320s] Level 1:colcon.colcon_core.package_identification:_identify(src/diagnosis/temp_graph/build/lib/temp_graph) by extension 'ignore_ament_install'
[0.320s] Level 1:colcon.colcon_core.package_identification:_identify(src/diagnosis/temp_graph/build/lib/temp_graph) by extensions ['colcon_pkg']
[0.320s] Level 1:colcon.colcon_core.package_identification:_identify(src/diagnosis/temp_graph/build/lib/temp_graph) by extension 'colcon_pkg'
[0.320s] Level 1:colcon.colcon_core.package_identification:_identify(src/diagnosis/temp_graph/build/lib/temp_graph) by extensions ['colcon_meta']
[0.320s] Level 1:colcon.colcon_core.package_identification:_identify(src/diagnosis/temp_graph/build/lib/temp_graph) by extension 'colcon_meta'
[0.320s] Level 1:colcon.colcon_core.package_identification:_identify(src/diagnosis/temp_graph/build/lib/temp_graph) by extensions ['ros']
[0.320s] Level 1:colcon.colcon_core.package_identification:_identify(src/diagnosis/temp_graph/build/lib/temp_graph) by extension 'ros'
[0.320s] Level 1:colcon.colcon_core.package_identification:_identify(src/diagnosis/temp_graph/build/lib/temp_graph) by extensions ['cmake', 'python']
[0.320s] Level 1:colcon.colcon_core.package_identification:_identify(src/diagnosis/temp_graph/build/lib/temp_graph) by extension 'cmake'
[0.320s] Level 1:colcon.colcon_core.package_identification:_identify(src/diagnosis/temp_graph/build/lib/temp_graph) by extension 'python'
[0.320s] Level 1:colcon.colcon_core.package_identification:_identify(src/diagnosis/temp_graph/build/lib/temp_graph) by extensions ['python_setup_py']
[0.320s] Level 1:colcon.colcon_core.package_identification:_identify(src/diagnosis/temp_graph/build/lib/temp_graph) by extension 'python_setup_py'
[0.320s] Level 1:colcon.colcon_core.package_identification:_identify(src/diagnosis/temp_graph/temp_graph) by extensions ['ignore', 'ignore_ament_install']
[0.320s] Level 1:colcon.colcon_core.package_identification:_identify(src/diagnosis/temp_graph/temp_graph) by extension 'ignore'
[0.320s] Level 1:colcon.colcon_core.package_identification:_identify(src/diagnosis/temp_graph/temp_graph) by extension 'ignore_ament_install'
[0.320s] Level 1:colcon.colcon_core.package_identification:_identify(src/diagnosis/temp_graph/temp_graph) by extensions ['colcon_pkg']
[0.320s] Level 1:colcon.colcon_core.package_identification:_identify(src/diagnosis/temp_graph/temp_graph) by extension 'colcon_pkg'
[0.320s] Level 1:colcon.colcon_core.package_identification:_identify(src/diagnosis/temp_graph/temp_graph) by extensions ['colcon_meta']
[0.320s] Level 1:colcon.colcon_core.package_identification:_identify(src/diagnosis/temp_graph/temp_graph) by extension 'colcon_meta'
[0.320s] Level 1:colcon.colcon_core.package_identification:_identify(src/diagnosis/temp_graph/temp_graph) by extensions ['ros']
[0.320s] Level 1:colcon.colcon_core.package_identification:_identify(src/diagnosis/temp_graph/temp_graph) by extension 'ros'
[0.320s] Level 1:colcon.colcon_core.package_identification:_identify(src/diagnosis/temp_graph/temp_graph) by extensions ['cmake', 'python']
[0.320s] Level 1:colcon.colcon_core.package_identification:_identify(src/diagnosis/temp_graph/temp_graph) by extension 'cmake'
[0.320s] Level 1:colcon.colcon_core.package_identification:_identify(src/diagnosis/temp_graph/temp_graph) by extension 'python'
[0.321s] Level 1:colcon.colcon_core.package_identification:_identify(src/diagnosis/temp_graph/temp_graph) by extensions ['python_setup_py']
[0.321s] Level 1:colcon.colcon_core.package_identification:_identify(src/diagnosis/temp_graph/temp_graph) by extension 'python_setup_py'
[0.321s] Level 1:colcon.colcon_core.package_identification:_identify(src/diagnosis/temp_graph/temp_graph/__pycache__) by extensions ['ignore', 'ignore_ament_install']
[0.321s] Level 1:colcon.colcon_core.package_identification:_identify(src/diagnosis/temp_graph/temp_graph/__pycache__) by extension 'ignore'
[0.321s] Level 1:colcon.colcon_core.package_identification:_identify(src/diagnosis/temp_graph/temp_graph/__pycache__) by extension 'ignore_ament_install'
[0.321s] Level 1:colcon.colcon_core.package_identification:_identify(src/diagnosis/temp_graph/temp_graph/__pycache__) by extensions ['colcon_pkg']
[0.321s] Level 1:colcon.colcon_core.package_identification:_identify(src/diagnosis/temp_graph/temp_graph/__pycache__) by extension 'colcon_pkg'
[0.321s] Level 1:colcon.colcon_core.package_identification:_identify(src/diagnosis/temp_graph/temp_graph/__pycache__) by extensions ['colcon_meta']
[0.321s] Level 1:colcon.colcon_core.package_identification:_identify(src/diagnosis/temp_graph/temp_graph/__pycache__) by extension 'colcon_meta'
[0.321s] Level 1:colcon.colcon_core.package_identification:_identify(src/diagnosis/temp_graph/temp_graph/__pycache__) by extensions ['ros']
[0.321s] Level 1:colcon.colcon_core.package_identification:_identify(src/diagnosis/temp_graph/temp_graph/__pycache__) by extension 'ros'
[0.321s] Level 1:colcon.colcon_core.package_identification:_identify(src/diagnosis/temp_graph/temp_graph/__pycache__) by extensions ['cmake', 'python']
[0.321s] Level 1:colcon.colcon_core.package_identification:_identify(src/diagnosis/temp_graph/temp_graph/__pycache__) by extension 'cmake'
[0.321s] Level 1:colcon.colcon_core.package_identification:_identify(src/diagnosis/temp_graph/temp_graph/__pycache__) by extension 'python'
[0.321s] Level 1:colcon.colcon_core.package_identification:_identify(src/diagnosis/temp_graph/temp_graph/__pycache__) by extensions ['python_setup_py']
[0.321s] Level 1:colcon.colcon_core.package_identification:_identify(src/diagnosis/temp_graph/temp_graph/__pycache__) by extension 'python_setup_py'
[0.321s] Level 1:colcon.colcon_core.package_identification:_identify(src/diagnosis/vajara) by extensions ['ignore', 'ignore_ament_install']
[0.321s] Level 1:colcon.colcon_core.package_identification:_identify(src/diagnosis/vajara) by extension 'ignore'
[0.321s] Level 1:colcon.colcon_core.package_identification:_identify(src/diagnosis/vajara) by extension 'ignore_ament_install'
[0.321s] Level 1:colcon.colcon_core.package_identification:_identify(src/diagnosis/vajara) by extensions ['colcon_pkg']
[0.321s] Level 1:colcon.colcon_core.package_identification:_identify(src/diagnosis/vajara) by extension 'colcon_pkg'
[0.321s] Level 1:colcon.colcon_core.package_identification:_identify(src/diagnosis/vajara) by extensions ['colcon_meta']
[0.321s] Level 1:colcon.colcon_core.package_identification:_identify(src/diagnosis/vajara) by extension 'colcon_meta'
[0.321s] Level 1:colcon.colcon_core.package_identification:_identify(src/diagnosis/vajara) by extensions ['ros']
[0.321s] Level 1:colcon.colcon_core.package_identification:_identify(src/diagnosis/vajara) by extension 'ros'
[0.322s] DEBUG:colcon.colcon_core.package_identification:Package 'src/diagnosis/vajara' with type 'ros.ament_python' and name 'vajara'
[0.322s] Level 1:colcon.colcon_core.package_identification:_identify(src/gen2) by extensions ['ignore', 'ignore_ament_install']
[0.322s] Level 1:colcon.colcon_core.package_identification:_identify(src/gen2) by extension 'ignore'
[0.322s] Level 1:colcon.colcon_core.package_identification:_identify(src/gen2) by extension 'ignore_ament_install'
[0.322s] Level 1:colcon.colcon_core.package_identification:_identify(src/gen2) by extensions ['colcon_pkg']
[0.322s] Level 1:colcon.colcon_core.package_identification:_identify(src/gen2) by extension 'colcon_pkg'
[0.322s] Level 1:colcon.colcon_core.package_identification:_identify(src/gen2) by extensions ['colcon_meta']
[0.322s] Level 1:colcon.colcon_core.package_identification:_identify(src/gen2) by extension 'colcon_meta'
[0.322s] Level 1:colcon.colcon_core.package_identification:_identify(src/gen2) by extensions ['ros']
[0.322s] Level 1:colcon.colcon_core.package_identification:_identify(src/gen2) by extension 'ros'
[0.323s] DEBUG:colcon.colcon_core.package_identification:Package 'src/gen2' with type 'ros.ament_python' and name 'gen2'
[0.323s] Level 1:colcon.colcon_core.package_identification:_identify(src/gesture_management) by extensions ['ignore', 'ignore_ament_install']
[0.323s] Level 1:colcon.colcon_core.package_identification:_identify(src/gesture_management) by extension 'ignore'
[0.323s] Level 1:colcon.colcon_core.package_identification:_identify(src/gesture_management) by extension 'ignore_ament_install'
[0.323s] Level 1:colcon.colcon_core.package_identification:_identify(src/gesture_management) by extensions ['colcon_pkg']
[0.323s] Level 1:colcon.colcon_core.package_identification:_identify(src/gesture_management) by extension 'colcon_pkg'
[0.323s] Level 1:colcon.colcon_core.package_identification:_identify(src/gesture_management) by extensions ['colcon_meta']
[0.323s] Level 1:colcon.colcon_core.package_identification:_identify(src/gesture_management) by extension 'colcon_meta'
[0.323s] Level 1:colcon.colcon_core.package_identification:_identify(src/gesture_management) by extensions ['ros']
[0.323s] Level 1:colcon.colcon_core.package_identification:_identify(src/gesture_management) by extension 'ros'
[0.324s] DEBUG:colcon.colcon_core.package_identification:Package 'src/gesture_management' with type 'ros.ament_cmake' and name 'gesture_management'
[0.324s] Level 1:colcon.colcon_core.package_identification:_identify(src/global) by extensions ['ignore', 'ignore_ament_install']
[0.324s] Level 1:colcon.colcon_core.package_identification:_identify(src/global) by extension 'ignore'
[0.324s] Level 1:colcon.colcon_core.package_identification:_identify(src/global) by extension 'ignore_ament_install'
[0.324s] Level 1:colcon.colcon_core.package_identification:_identify(src/global) by extensions ['colcon_pkg']
[0.324s] Level 1:colcon.colcon_core.package_identification:_identify(src/global) by extension 'colcon_pkg'
[0.324s] Level 1:colcon.colcon_core.package_identification:_identify(src/global) by extensions ['colcon_meta']
[0.324s] Level 1:colcon.colcon_core.package_identification:_identify(src/global) by extension 'colcon_meta'
[0.324s] Level 1:colcon.colcon_core.package_identification:_identify(src/global) by extensions ['ros']
[0.324s] Level 1:colcon.colcon_core.package_identification:_identify(src/global) by extension 'ros'
[0.324s] Level 1:colcon.colcon_core.package_identification:_identify(src/global) by extensions ['cmake', 'python']
[0.324s] Level 1:colcon.colcon_core.package_identification:_identify(src/global) by extension 'cmake'
[0.324s] Level 1:colcon.colcon_core.package_identification:_identify(src/global) by extension 'python'
[0.324s] Level 1:colcon.colcon_core.package_identification:_identify(src/global) by extensions ['python_setup_py']
[0.324s] Level 1:colcon.colcon_core.package_identification:_identify(src/global) by extension 'python_setup_py'
[0.324s] Level 1:colcon.colcon_core.package_identification:_identify(src/global/daksha_api_bridge_follower) by extensions ['ignore', 'ignore_ament_install']
[0.324s] Level 1:colcon.colcon_core.package_identification:_identify(src/global/daksha_api_bridge_follower) by extension 'ignore'
[0.324s] Level 1:colcon.colcon_core.package_identification:_identify(src/global/daksha_api_bridge_follower) by extension 'ignore_ament_install'
[0.324s] Level 1:colcon.colcon_core.package_identification:_identify(src/global/daksha_api_bridge_follower) by extensions ['colcon_pkg']
[0.324s] Level 1:colcon.colcon_core.package_identification:_identify(src/global/daksha_api_bridge_follower) by extension 'colcon_pkg'
[0.324s] Level 1:colcon.colcon_core.package_identification:_identify(src/global/daksha_api_bridge_follower) by extensions ['colcon_meta']
[0.324s] Level 1:colcon.colcon_core.package_identification:_identify(src/global/daksha_api_bridge_follower) by extension 'colcon_meta'
[0.324s] Level 1:colcon.colcon_core.package_identification:_identify(src/global/daksha_api_bridge_follower) by extensions ['ros']
[0.324s] Level 1:colcon.colcon_core.package_identification:_identify(src/global/daksha_api_bridge_follower) by extension 'ros'
[0.325s] DEBUG:colcon.colcon_core.package_identification:Package 'src/global/daksha_api_bridge_follower' with type 'ros.ament_python' and name 'daksha_api_bridge_follower'
[0.325s] Level 1:colcon.colcon_core.package_identification:_identify(src/global/daksha_api_bridge_leader) by extensions ['ignore', 'ignore_ament_install']
[0.325s] Level 1:colcon.colcon_core.package_identification:_identify(src/global/daksha_api_bridge_leader) by extension 'ignore'
[0.325s] Level 1:colcon.colcon_core.package_identification:_identify(src/global/daksha_api_bridge_leader) by extension 'ignore_ament_install'
[0.325s] Level 1:colcon.colcon_core.package_identification:_identify(src/global/daksha_api_bridge_leader) by extensions ['colcon_pkg']
[0.325s] Level 1:colcon.colcon_core.package_identification:_identify(src/global/daksha_api_bridge_leader) by extension 'colcon_pkg'
[0.325s] Level 1:colcon.colcon_core.package_identification:_identify(src/global/daksha_api_bridge_leader) by extensions ['colcon_meta']
[0.325s] Level 1:colcon.colcon_core.package_identification:_identify(src/global/daksha_api_bridge_leader) by extension 'colcon_meta'
[0.325s] Level 1:colcon.colcon_core.package_identification:_identify(src/global/daksha_api_bridge_leader) by extensions ['ros']
[0.325s] Level 1:colcon.colcon_core.package_identification:_identify(src/global/daksha_api_bridge_leader) by extension 'ros'
[0.326s] DEBUG:colcon.colcon_core.package_identification:Package 'src/global/daksha_api_bridge_leader' with type 'ros.ament_python' and name 'daksha_api_bridge_leader'
[0.326s] Level 1:colcon.colcon_core.package_identification:_identify(src/joint_cmd_logger) by extensions ['ignore', 'ignore_ament_install']
[0.326s] Level 1:colcon.colcon_core.package_identification:_identify(src/joint_cmd_logger) by extension 'ignore'
[0.326s] Level 1:colcon.colcon_core.package_identification:_identify(src/joint_cmd_logger) by extension 'ignore_ament_install'
[0.326s] Level 1:colcon.colcon_core.package_identification:_identify(src/joint_cmd_logger) by extensions ['colcon_pkg']
[0.326s] Level 1:colcon.colcon_core.package_identification:_identify(src/joint_cmd_logger) by extension 'colcon_pkg'
[0.326s] Level 1:colcon.colcon_core.package_identification:_identify(src/joint_cmd_logger) by extensions ['colcon_meta']
[0.326s] Level 1:colcon.colcon_core.package_identification:_identify(src/joint_cmd_logger) by extension 'colcon_meta'
[0.326s] Level 1:colcon.colcon_core.package_identification:_identify(src/joint_cmd_logger) by extensions ['ros']
[0.326s] Level 1:colcon.colcon_core.package_identification:_identify(src/joint_cmd_logger) by extension 'ros'
[0.327s] DEBUG:colcon.colcon_core.package_identification:Package 'src/joint_cmd_logger' with type 'ros.ament_python' and name 'joint_cmd_logger'
[0.327s] Level 1:colcon.colcon_core.package_identification:_identify(src/motor_configure) by extensions ['ignore', 'ignore_ament_install']
[0.327s] Level 1:colcon.colcon_core.package_identification:_identify(src/motor_configure) by extension 'ignore'
[0.327s] Level 1:colcon.colcon_core.package_identification:_identify(src/motor_configure) by extension 'ignore_ament_install'
[0.327s] Level 1:colcon.colcon_core.package_identification:_identify(src/motor_configure) by extensions ['colcon_pkg']
[0.327s] Level 1:colcon.colcon_core.package_identification:_identify(src/motor_configure) by extension 'colcon_pkg'
[0.327s] Level 1:colcon.colcon_core.package_identification:_identify(src/motor_configure) by extensions ['colcon_meta']
[0.327s] Level 1:colcon.colcon_core.package_identification:_identify(src/motor_configure) by extension 'colcon_meta'
[0.327s] Level 1:colcon.colcon_core.package_identification:_identify(src/motor_configure) by extensions ['ros']
[0.327s] Level 1:colcon.colcon_core.package_identification:_identify(src/motor_configure) by extension 'ros'
[0.327s] DEBUG:colcon.colcon_core.package_identification:Package 'src/motor_configure' with type 'ros.ament_python' and name 'motor_configure'
[0.327s] Level 1:colcon.colcon_core.package_identification:_identify(src/navigation) by extensions ['ignore', 'ignore_ament_install']
[0.328s] Level 1:colcon.colcon_core.package_identification:_identify(src/navigation) by extension 'ignore'
[0.328s] Level 1:colcon.colcon_core.package_identification:_identify(src/navigation) by extension 'ignore_ament_install'
[0.328s] Level 1:colcon.colcon_core.package_identification:_identify(src/navigation) by extensions ['colcon_pkg']
[0.328s] Level 1:colcon.colcon_core.package_identification:_identify(src/navigation) by extension 'colcon_pkg'
[0.328s] Level 1:colcon.colcon_core.package_identification:_identify(src/navigation) by extensions ['colcon_meta']
[0.328s] Level 1:colcon.colcon_core.package_identification:_identify(src/navigation) by extension 'colcon_meta'
[0.328s] Level 1:colcon.colcon_core.package_identification:_identify(src/navigation) by extensions ['ros']
[0.328s] Level 1:colcon.colcon_core.package_identification:_identify(src/navigation) by extension 'ros'
[0.328s] Level 1:colcon.colcon_core.package_identification:_identify(src/navigation) by extensions ['cmake', 'python']
[0.328s] Level 1:colcon.colcon_core.package_identification:_identify(src/navigation) by extension 'cmake'
[0.328s] Level 1:colcon.colcon_core.package_identification:_identify(src/navigation) by extension 'python'
[0.328s] Level 1:colcon.colcon_core.package_identification:_identify(src/navigation) by extensions ['python_setup_py']
[0.328s] Level 1:colcon.colcon_core.package_identification:_identify(src/navigation) by extension 'python_setup_py'
[0.328s] Level 1:colcon.colcon_core.package_identification:_identify(src/navigation/web_nav_site) by extensions ['ignore', 'ignore_ament_install']
[0.328s] Level 1:colcon.colcon_core.package_identification:_identify(src/navigation/web_nav_site) by extension 'ignore'
[0.328s] Level 1:colcon.colcon_core.package_identification:_identify(src/navigation/web_nav_site) by extension 'ignore_ament_install'
[0.328s] Level 1:colcon.colcon_core.package_identification:_identify(src/navigation/web_nav_site) by extensions ['colcon_pkg']
[0.328s] Level 1:colcon.colcon_core.package_identification:_identify(src/navigation/web_nav_site) by extension 'colcon_pkg'
[0.328s] Level 1:colcon.colcon_core.package_identification:_identify(src/navigation/web_nav_site) by extensions ['colcon_meta']
[0.328s] Level 1:colcon.colcon_core.package_identification:_identify(src/navigation/web_nav_site) by extension 'colcon_meta'
[0.328s] Level 1:colcon.colcon_core.package_identification:_identify(src/navigation/web_nav_site) by extensions ['ros']
[0.328s] Level 1:colcon.colcon_core.package_identification:_identify(src/navigation/web_nav_site) by extension 'ros'
[0.329s] DEBUG:colcon.colcon_core.package_identification:Package 'src/navigation/web_nav_site' with type 'ros.ament_cmake' and name 'web_nav_site'
[0.329s] Level 1:colcon.colcon_core.package_identification:_identify(src/scripts) by extensions ['ignore', 'ignore_ament_install']
[0.329s] Level 1:colcon.colcon_core.package_identification:_identify(src/scripts) by extension 'ignore'
[0.329s] Level 1:colcon.colcon_core.package_identification:_identify(src/scripts) by extension 'ignore_ament_install'
[0.329s] Level 1:colcon.colcon_core.package_identification:_identify(src/scripts) by extensions ['colcon_pkg']
[0.329s] Level 1:colcon.colcon_core.package_identification:_identify(src/scripts) by extension 'colcon_pkg'
[0.329s] Level 1:colcon.colcon_core.package_identification:_identify(src/scripts) by extensions ['colcon_meta']
[0.329s] Level 1:colcon.colcon_core.package_identification:_identify(src/scripts) by extension 'colcon_meta'
[0.329s] Level 1:colcon.colcon_core.package_identification:_identify(src/scripts) by extensions ['ros']
[0.329s] Level 1:colcon.colcon_core.package_identification:_identify(src/scripts) by extension 'ros'
[0.329s] Level 1:colcon.colcon_core.package_identification:_identify(src/scripts) by extensions ['cmake', 'python']
[0.329s] Level 1:colcon.colcon_core.package_identification:_identify(src/scripts) by extension 'cmake'
[0.329s] Level 1:colcon.colcon_core.package_identification:_identify(src/scripts) by extension 'python'
[0.329s] Level 1:colcon.colcon_core.package_identification:_identify(src/scripts) by extensions ['python_setup_py']
[0.329s] Level 1:colcon.colcon_core.package_identification:_identify(src/scripts) by extension 'python_setup_py'
[0.329s] Level 1:colcon.colcon_core.package_identification:_identify(src/scripts/__pycache__) by extensions ['ignore', 'ignore_ament_install']
[0.330s] Level 1:colcon.colcon_core.package_identification:_identify(src/scripts/__pycache__) by extension 'ignore'
[0.330s] Level 1:colcon.colcon_core.package_identification:_identify(src/scripts/__pycache__) by extension 'ignore_ament_install'
[0.330s] Level 1:colcon.colcon_core.package_identification:_identify(src/scripts/__pycache__) by extensions ['colcon_pkg']
[0.330s] Level 1:colcon.colcon_core.package_identification:_identify(src/scripts/__pycache__) by extension 'colcon_pkg'
[0.330s] Level 1:colcon.colcon_core.package_identification:_identify(src/scripts/__pycache__) by extensions ['colcon_meta']
[0.330s] Level 1:colcon.colcon_core.package_identification:_identify(src/scripts/__pycache__) by extension 'colcon_meta'
[0.330s] Level 1:colcon.colcon_core.package_identification:_identify(src/scripts/__pycache__) by extensions ['ros']
[0.330s] Level 1:colcon.colcon_core.package_identification:_identify(src/scripts/__pycache__) by extension 'ros'
[0.330s] Level 1:colcon.colcon_core.package_identification:_identify(src/scripts/__pycache__) by extensions ['cmake', 'python']
[0.330s] Level 1:colcon.colcon_core.package_identification:_identify(src/scripts/__pycache__) by extension 'cmake'
[0.330s] Level 1:colcon.colcon_core.package_identification:_identify(src/scripts/__pycache__) by extension 'python'
[0.330s] Level 1:colcon.colcon_core.package_identification:_identify(src/scripts/__pycache__) by extensions ['python_setup_py']
[0.330s] Level 1:colcon.colcon_core.package_identification:_identify(src/scripts/__pycache__) by extension 'python_setup_py'
[0.330s] Level 1:colcon.colcon_core.package_identification:_identify(src/tele) by extensions ['ignore', 'ignore_ament_install']
[0.330s] Level 1:colcon.colcon_core.package_identification:_identify(src/tele) by extension 'ignore'
[0.330s] Level 1:colcon.colcon_core.package_identification:_identify(src/tele) by extension 'ignore_ament_install'
[0.330s] Level 1:colcon.colcon_core.package_identification:_identify(src/tele) by extensions ['colcon_pkg']
[0.330s] Level 1:colcon.colcon_core.package_identification:_identify(src/tele) by extension 'colcon_pkg'
[0.330s] Level 1:colcon.colcon_core.package_identification:_identify(src/tele) by extensions ['colcon_meta']
[0.330s] Level 1:colcon.colcon_core.package_identification:_identify(src/tele) by extension 'colcon_meta'
[0.330s] Level 1:colcon.colcon_core.package_identification:_identify(src/tele) by extensions ['ros']
[0.330s] Level 1:colcon.colcon_core.package_identification:_identify(src/tele) by extension 'ros'
[0.330s] Level 1:colcon.colcon_core.package_identification:_identify(src/tele) by extensions ['cmake', 'python']
[0.330s] Level 1:colcon.colcon_core.package_identification:_identify(src/tele) by extension 'cmake'
[0.330s] Level 1:colcon.colcon_core.package_identification:_identify(src/tele) by extension 'python'
[0.330s] Level 1:colcon.colcon_core.package_identification:_identify(src/tele) by extensions ['python_setup_py']
[0.330s] Level 1:colcon.colcon_core.package_identification:_identify(src/tele) by extension 'python_setup_py'
[0.331s] Level 1:colcon.colcon_core.package_identification:_identify(src/tele/ROS-TCP-Endpoint) by extensions ['ignore', 'ignore_ament_install']
[0.331s] Level 1:colcon.colcon_core.package_identification:_identify(src/tele/ROS-TCP-Endpoint) by extension 'ignore'
[0.331s] Level 1:colcon.colcon_core.package_identification:_identify(src/tele/ROS-TCP-Endpoint) by extension 'ignore_ament_install'
[0.331s] Level 1:colcon.colcon_core.package_identification:_identify(src/tele/ROS-TCP-Endpoint) by extensions ['colcon_pkg']
[0.331s] Level 1:colcon.colcon_core.package_identification:_identify(src/tele/ROS-TCP-Endpoint) by extension 'colcon_pkg'
[0.331s] Level 1:colcon.colcon_core.package_identification:_identify(src/tele/ROS-TCP-Endpoint) by extensions ['colcon_meta']
[0.331s] Level 1:colcon.colcon_core.package_identification:_identify(src/tele/ROS-TCP-Endpoint) by extension 'colcon_meta'
[0.331s] Level 1:colcon.colcon_core.package_identification:_identify(src/tele/ROS-TCP-Endpoint) by extensions ['ros']
[0.331s] Level 1:colcon.colcon_core.package_identification:_identify(src/tele/ROS-TCP-Endpoint) by extension 'ros'
[0.331s] DEBUG:colcon.colcon_core.package_identification:Package 'src/tele/ROS-TCP-Endpoint' with type 'ros.ament_python' and name 'ros_tcp_endpoint'
[0.331s] Level 1:colcon.colcon_core.package_identification:_identify(src/tele/gen2_leader) by extensions ['ignore', 'ignore_ament_install']
[0.331s] Level 1:colcon.colcon_core.package_identification:_identify(src/tele/gen2_leader) by extension 'ignore'
[0.331s] Level 1:colcon.colcon_core.package_identification:_identify(src/tele/gen2_leader) by extension 'ignore_ament_install'
[0.331s] Level 1:colcon.colcon_core.package_identification:_identify(src/tele/gen2_leader) by extensions ['colcon_pkg']
[0.331s] Level 1:colcon.colcon_core.package_identification:_identify(src/tele/gen2_leader) by extension 'colcon_pkg'
[0.331s] Level 1:colcon.colcon_core.package_identification:_identify(src/tele/gen2_leader) by extensions ['colcon_meta']
[0.331s] Level 1:colcon.colcon_core.package_identification:_identify(src/tele/gen2_leader) by extension 'colcon_meta'
[0.332s] Level 1:colcon.colcon_core.package_identification:_identify(src/tele/gen2_leader) by extensions ['ros']
[0.332s] Level 1:colcon.colcon_core.package_identification:_identify(src/tele/gen2_leader) by extension 'ros'
[0.332s] DEBUG:colcon.colcon_core.package_identification:Package 'src/tele/gen2_leader' with type 'ros.ament_python' and name 'gen2_leader'
[0.332s] Level 1:colcon.colcon_core.package_identification:_identify(src/tele/vr_teleop) by extensions ['ignore', 'ignore_ament_install']
[0.332s] Level 1:colcon.colcon_core.package_identification:_identify(src/tele/vr_teleop) by extension 'ignore'
[0.332s] Level 1:colcon.colcon_core.package_identification:_identify(src/tele/vr_teleop) by extension 'ignore_ament_install'
[0.332s] Level 1:colcon.colcon_core.package_identification:_identify(src/tele/vr_teleop) by extensions ['colcon_pkg']
[0.332s] Level 1:colcon.colcon_core.package_identification:_identify(src/tele/vr_teleop) by extension 'colcon_pkg'
[0.332s] Level 1:colcon.colcon_core.package_identification:_identify(src/tele/vr_teleop) by extensions ['colcon_meta']
[0.332s] Level 1:colcon.colcon_core.package_identification:_identify(src/tele/vr_teleop) by extension 'colcon_meta'
[0.332s] Level 1:colcon.colcon_core.package_identification:_identify(src/tele/vr_teleop) by extensions ['ros']
[0.332s] Level 1:colcon.colcon_core.package_identification:_identify(src/tele/vr_teleop) by extension 'ros'
[0.333s] DEBUG:colcon.colcon_core.package_identification:Package 'src/tele/vr_teleop' with type 'ros.ament_python' and name 'vr_teleop'
[0.333s] Level 1:colcon.colcon_core.package_identification:_identify(src/ui) by extensions ['ignore', 'ignore_ament_install']
[0.333s] Level 1:colcon.colcon_core.package_identification:_identify(src/ui) by extension 'ignore'
[0.333s] Level 1:colcon.colcon_core.package_identification:_identify(src/ui) by extension 'ignore_ament_install'
[0.333s] Level 1:colcon.colcon_core.package_identification:_identify(src/ui) by extensions ['colcon_pkg']
[0.333s] Level 1:colcon.colcon_core.package_identification:_identify(src/ui) by extension 'colcon_pkg'
[0.333s] Level 1:colcon.colcon_core.package_identification:_identify(src/ui) by extensions ['colcon_meta']
[0.333s] Level 1:colcon.colcon_core.package_identification:_identify(src/ui) by extension 'colcon_meta'
[0.333s] Level 1:colcon.colcon_core.package_identification:_identify(src/ui) by extensions ['ros']
[0.333s] Level 1:colcon.colcon_core.package_identification:_identify(src/ui) by extension 'ros'
[0.333s] Level 1:colcon.colcon_core.package_identification:_identify(src/ui) by extensions ['cmake', 'python']
[0.333s] Level 1:colcon.colcon_core.package_identification:_identify(src/ui) by extension 'cmake'
[0.333s] Level 1:colcon.colcon_core.package_identification:_identify(src/ui) by extension 'python'
[0.333s] Level 1:colcon.colcon_core.package_identification:_identify(src/ui) by extensions ['python_setup_py']
[0.333s] Level 1:colcon.colcon_core.package_identification:_identify(src/ui) by extension 'python_setup_py'
[0.333s] Level 1:colcon.colcon_core.package_identification:_identify(src/ui/Clients_UI) by extensions ['ignore', 'ignore_ament_install']
[0.333s] Level 1:colcon.colcon_core.package_identification:_identify(src/ui/Clients_UI) by extension 'ignore'
[0.333s] Level 1:colcon.colcon_core.package_identification:_identify(src/ui/Clients_UI) by extension 'ignore_ament_install'
[0.333s] Level 1:colcon.colcon_core.package_identification:_identify(src/ui/Clients_UI) by extensions ['colcon_pkg']
[0.334s] Level 1:colcon.colcon_core.package_identification:_identify(src/ui/Clients_UI) by extension 'colcon_pkg'
[0.334s] Level 1:colcon.colcon_core.package_identification:_identify(src/ui/Clients_UI) by extensions ['colcon_meta']
[0.334s] Level 1:colcon.colcon_core.package_identification:_identify(src/ui/Clients_UI) by extension 'colcon_meta'
[0.334s] Level 1:colcon.colcon_core.package_identification:_identify(src/ui/Clients_UI) by extensions ['ros']
[0.334s] Level 1:colcon.colcon_core.package_identification:_identify(src/ui/Clients_UI) by extension 'ros'
[0.334s] Level 1:colcon.colcon_core.package_identification:_identify(src/ui/Clients_UI) by extensions ['cmake', 'python']
[0.334s] Level 1:colcon.colcon_core.package_identification:_identify(src/ui/Clients_UI) by extension 'cmake'
[0.334s] Level 1:colcon.colcon_core.package_identification:_identify(src/ui/Clients_UI) by extension 'python'
[0.334s] Level 1:colcon.colcon_core.package_identification:_identify(src/ui/Clients_UI) by extensions ['python_setup_py']
[0.334s] Level 1:colcon.colcon_core.package_identification:_identify(src/ui/Clients_UI) by extension 'python_setup_py'
[0.334s] Level 1:colcon.colcon_core.package_identification:_identify(src/ui/Clients_UI/daksha_data_collection) by extensions ['ignore', 'ignore_ament_install']
[0.334s] Level 1:colcon.colcon_core.package_identification:_identify(src/ui/Clients_UI/daksha_data_collection) by extension 'ignore'
[0.334s] Level 1:colcon.colcon_core.package_identification:_identify(src/ui/Clients_UI/daksha_data_collection) by extension 'ignore_ament_install'
[0.334s] Level 1:colcon.colcon_core.package_identification:_identify(src/ui/Clients_UI/daksha_data_collection) by extensions ['colcon_pkg']
[0.334s] Level 1:colcon.colcon_core.package_identification:_identify(src/ui/Clients_UI/daksha_data_collection) by extension 'colcon_pkg'
[0.334s] Level 1:colcon.colcon_core.package_identification:_identify(src/ui/Clients_UI/daksha_data_collection) by extensions ['colcon_meta']
[0.334s] Level 1:colcon.colcon_core.package_identification:_identify(src/ui/Clients_UI/daksha_data_collection) by extension 'colcon_meta'
[0.334s] Level 1:colcon.colcon_core.package_identification:_identify(src/ui/Clients_UI/daksha_data_collection) by extensions ['ros']
[0.334s] Level 1:colcon.colcon_core.package_identification:_identify(src/ui/Clients_UI/daksha_data_collection) by extension 'ros'
[0.335s] DEBUG:colcon.colcon_core.package_identification:Package 'src/ui/Clients_UI/daksha_data_collection' with type 'ros.ament_python' and name 'daksha_data_collection'
[0.335s] Level 1:colcon.colcon_core.package_identification:_identify(src/ui/Clients_UI/daksha_final_urdf_description) by extensions ['ignore', 'ignore_ament_install']
[0.335s] Level 1:colcon.colcon_core.package_identification:_identify(src/ui/Clients_UI/daksha_final_urdf_description) by extension 'ignore'
[0.335s] Level 1:colcon.colcon_core.package_identification:_identify(src/ui/Clients_UI/daksha_final_urdf_description) by extension 'ignore_ament_install'
[0.335s] Level 1:colcon.colcon_core.package_identification:_identify(src/ui/Clients_UI/daksha_final_urdf_description) by extensions ['colcon_pkg']
[0.335s] Level 1:colcon.colcon_core.package_identification:_identify(src/ui/Clients_UI/daksha_final_urdf_description) by extension 'colcon_pkg'
[0.335s] Level 1:colcon.colcon_core.package_identification:_identify(src/ui/Clients_UI/daksha_final_urdf_description) by extensions ['colcon_meta']
[0.335s] Level 1:colcon.colcon_core.package_identification:_identify(src/ui/Clients_UI/daksha_final_urdf_description) by extension 'colcon_meta'
[0.335s] Level 1:colcon.colcon_core.package_identification:_identify(src/ui/Clients_UI/daksha_final_urdf_description) by extensions ['ros']
[0.335s] Level 1:colcon.colcon_core.package_identification:_identify(src/ui/Clients_UI/daksha_final_urdf_description) by extension 'ros'
[0.336s] DEBUG:colcon.colcon_core.package_identification:Package 'src/ui/Clients_UI/daksha_final_urdf_description' with type 'ros.ament_python' and name 'daksha_final_urdf_description'
[0.336s] Level 1:colcon.colcon_core.package_identification:_identify(src/ui/Clients_UI/daksha_msgs) by extensions ['ignore', 'ignore_ament_install']
[0.336s] Level 1:colcon.colcon_core.package_identification:_identify(src/ui/Clients_UI/daksha_msgs) by extension 'ignore'
[0.336s] Level 1:colcon.colcon_core.package_identification:_identify(src/ui/Clients_UI/daksha_msgs) by extension 'ignore_ament_install'
[0.336s] Level 1:colcon.colcon_core.package_identification:_identify(src/ui/Clients_UI/daksha_msgs) by extensions ['colcon_pkg']
[0.336s] Level 1:colcon.colcon_core.package_identification:_identify(src/ui/Clients_UI/daksha_msgs) by extension 'colcon_pkg'
[0.336s] Level 1:colcon.colcon_core.package_identification:_identify(src/ui/Clients_UI/daksha_msgs) by extensions ['colcon_meta']
[0.336s] Level 1:colcon.colcon_core.package_identification:_identify(src/ui/Clients_UI/daksha_msgs) by extension 'colcon_meta'
[0.336s] Level 1:colcon.colcon_core.package_identification:_identify(src/ui/Clients_UI/daksha_msgs) by extensions ['ros']
[0.336s] Level 1:colcon.colcon_core.package_identification:_identify(src/ui/Clients_UI/daksha_msgs) by extension 'ros'
[0.336s] DEBUG:colcon.colcon_core.package_identification:Package 'src/ui/Clients_UI/daksha_msgs' with type 'ros.ament_cmake' and name 'daksha_msgs'
[0.337s] Level 1:colcon.colcon_core.package_identification:_identify(src/ui/Clients_UI/daksha_ui) by extensions ['ignore', 'ignore_ament_install']
[0.337s] Level 1:colcon.colcon_core.package_identification:_identify(src/ui/Clients_UI/daksha_ui) by extension 'ignore'
[0.337s] Level 1:colcon.colcon_core.package_identification:_identify(src/ui/Clients_UI/daksha_ui) by extension 'ignore_ament_install'
[0.337s] Level 1:colcon.colcon_core.package_identification:_identify(src/ui/Clients_UI/daksha_ui) by extensions ['colcon_pkg']
[0.337s] Level 1:colcon.colcon_core.package_identification:_identify(src/ui/Clients_UI/daksha_ui) by extension 'colcon_pkg'
[0.337s] Level 1:colcon.colcon_core.package_identification:_identify(src/ui/Clients_UI/daksha_ui) by extensions ['colcon_meta']
[0.337s] Level 1:colcon.colcon_core.package_identification:_identify(src/ui/Clients_UI/daksha_ui) by extension 'colcon_meta'
[0.337s] Level 1:colcon.colcon_core.package_identification:_identify(src/ui/Clients_UI/daksha_ui) by extensions ['ros']
[0.337s] Level 1:colcon.colcon_core.package_identification:_identify(src/ui/Clients_UI/daksha_ui) by extension 'ros'
[0.338s] DEBUG:colcon.colcon_core.package_identification:Package 'src/ui/Clients_UI/daksha_ui' with type 'ros.ament_cmake' and name 'daksha_ui'
[0.338s] Level 1:colcon.colcon_core.package_identification:_identify(src/ui/Clients_UI/validation) by extensions ['ignore', 'ignore_ament_install']
[0.338s] Level 1:colcon.colcon_core.package_identification:_identify(src/ui/Clients_UI/validation) by extension 'ignore'
[0.338s] Level 1:colcon.colcon_core.package_identification:_identify(src/ui/Clients_UI/validation) by extension 'ignore_ament_install'
[0.338s] Level 1:colcon.colcon_core.package_identification:_identify(src/ui/Clients_UI/validation) by extensions ['colcon_pkg']
[0.338s] Level 1:colcon.colcon_core.package_identification:_identify(src/ui/Clients_UI/validation) by extension 'colcon_pkg'
[0.338s] Level 1:colcon.colcon_core.package_identification:_identify(src/ui/Clients_UI/validation) by extensions ['colcon_meta']
[0.338s] Level 1:colcon.colcon_core.package_identification:_identify(src/ui/Clients_UI/validation) by extension 'colcon_meta'
[0.338s] Level 1:colcon.colcon_core.package_identification:_identify(src/ui/Clients_UI/validation) by extensions ['ros']
[0.338s] Level 1:colcon.colcon_core.package_identification:_identify(src/ui/Clients_UI/validation) by extension 'ros'
[0.338s] Level 1:colcon.colcon_core.package_identification:_identify(src/ui/Clients_UI/validation) by extensions ['cmake', 'python']
[0.338s] Level 1:colcon.colcon_core.package_identification:_identify(src/ui/Clients_UI/validation) by extension 'cmake'
[0.338s] Level 1:colcon.colcon_core.package_identification:_identify(src/ui/Clients_UI/validation) by extension 'python'
[0.338s] Level 1:colcon.colcon_core.package_identification:_identify(src/ui/Clients_UI/validation) by extensions ['python_setup_py']
[0.338s] Level 1:colcon.colcon_core.package_identification:_identify(src/ui/Clients_UI/validation) by extension 'python_setup_py'
[0.338s] Level 1:colcon.colcon_core.package_identification:_identify(src/ui/analyzer) by extensions ['ignore', 'ignore_ament_install']
[0.339s] Level 1:colcon.colcon_core.package_identification:_identify(src/ui/analyzer) by extension 'ignore'
[0.339s] Level 1:colcon.colcon_core.package_identification:_identify(src/ui/analyzer) by extension 'ignore_ament_install'
[0.339s] Level 1:colcon.colcon_core.package_identification:_identify(src/ui/analyzer) by extensions ['colcon_pkg']
[0.339s] Level 1:colcon.colcon_core.package_identification:_identify(src/ui/analyzer) by extension 'colcon_pkg'
[0.339s] Level 1:colcon.colcon_core.package_identification:_identify(src/ui/analyzer) by extensions ['colcon_meta']
[0.339s] Level 1:colcon.colcon_core.package_identification:_identify(src/ui/analyzer) by extension 'colcon_meta'
[0.339s] Level 1:colcon.colcon_core.package_identification:_identify(src/ui/analyzer) by extensions ['ros']
[0.339s] Level 1:colcon.colcon_core.package_identification:_identify(src/ui/analyzer) by extension 'ros'
[0.339s] DEBUG:colcon.colcon_core.package_identification:Package 'src/ui/analyzer' with type 'ros.ament_python' and name 'joint_analyzer'
[0.339s] Level 1:colcon.colcon_core.package_identification:_identify(src/world_camera_launch) by extensions ['ignore', 'ignore_ament_install']
[0.339s] Level 1:colcon.colcon_core.package_identification:_identify(src/world_camera_launch) by extension 'ignore'
[0.339s] Level 1:colcon.colcon_core.package_identification:_identify(src/world_camera_launch) by extension 'ignore_ament_install'
[0.340s] Level 1:colcon.colcon_core.package_identification:_identify(src/world_camera_launch) by extensions ['colcon_pkg']
[0.340s] Level 1:colcon.colcon_core.package_identification:_identify(src/world_camera_launch) by extension 'colcon_pkg'
[0.340s] Level 1:colcon.colcon_core.package_identification:_identify(src/world_camera_launch) by extensions ['colcon_meta']
[0.340s] Level 1:colcon.colcon_core.package_identification:_identify(src/world_camera_launch) by extension 'colcon_meta'
[0.340s] Level 1:colcon.colcon_core.package_identification:_identify(src/world_camera_launch) by extensions ['ros']
[0.340s] Level 1:colcon.colcon_core.package_identification:_identify(src/world_camera_launch) by extension 'ros'
[0.340s] DEBUG:colcon.colcon_core.package_identification:Package 'src/world_camera_launch' with type 'ros.ament_python' and name 'world_camera_launch'
[0.340s] Level 1:colcon.colcon_core.package_discovery:discover_packages(recursive) using defaults
[0.340s] Level 1:colcon.colcon_core.package_discovery:discover_packages(ignore) discover
[0.340s] Level 1:colcon.colcon_core.package_discovery:discover_packages(ignore) using defaults
[0.340s] Level 1:colcon.colcon_core.package_discovery:discover_packages(path) discover
[0.340s] Level 1:colcon.colcon_core.package_discovery:discover_packages(path) using defaults
[0.366s] Level 1:colcon.colcon_core.package_discovery:discover_packages(prefix_path) check parameters
[0.366s] Level 1:colcon.colcon_core.package_discovery:discover_packages(prefix_path) discover
[0.366s] WARNING:colcon.colcon_ros.prefix_path.ament:The path '/home/phy_ai/.ihub/daksha/install/motortest' in the environment variable AMENT_PREFIX_PATH doesn't exist
[0.369s] DEBUG:colcon.colcon_installed_package_information.package_discovery:Found 25 installed packages in /home/phy_ai/.ihub/daksha/install
[0.370s] DEBUG:colcon.colcon_installed_package_information.package_discovery:Found 30 installed packages in /home/phy_ai/.barani/gen2_full/install
[0.373s] DEBUG:colcon.colcon_installed_package_information.package_discovery:Found 409 installed packages in /opt/ros/humble
[0.375s] Level 1:colcon.colcon_core.package_discovery:discover_packages(prefix_path) using defaults
[0.419s] WARNING:colcon.colcon_core.package_selection:Some selected packages are already built in one or more underlay workspaces:
	'daksha_description_full_body' is in: /home/phy_ai/.ihub/daksha/install/daksha_description_full_body, /home/phy_ai/.barani/gen2_full/install/daksha_description_full_body
	'kinematics' is in: /home/phy_ai/.ihub/daksha/install/kinematics, /home/phy_ai/.barani/gen2_full/install/kinematics
If a package in a merged underlay workspace is overridden and it installs headers, then all packages in the overlay must sort their include directories by workspace order. Failure to do so may result in build failures or undefined behavior at run time.
If the overridden package is used by another package in any underlay, then the overriding package in the overlay must be API and ABI compatible or undefined behavior at run time may occur.

If you understand the risks and want to override a package anyways, add the following to the command line:
	--allow-overriding daksha_description_full_body kinematics

This may be promoted to an error in a future release of colcon-override-check.
[0.420s] Level 5:colcon.colcon_core.verb:set package 'automation' build argument 'cmake_args' from command line to 'None'
[0.420s] Level 5:colcon.colcon_core.verb:set package 'automation' build argument 'cmake_target' from command line to 'None'
[0.420s] Level 5:colcon.colcon_core.verb:set package 'automation' build argument 'cmake_target_skip_unavailable' from command line to 'False'
[0.420s] Level 5:colcon.colcon_core.verb:set package 'automation' build argument 'cmake_clean_cache' from command line to 'False'
[0.420s] Level 5:colcon.colcon_core.verb:set package 'automation' build argument 'cmake_clean_first' from command line to 'False'
[0.420s] Level 5:colcon.colcon_core.verb:set package 'automation' build argument 'cmake_force_configure' from command line to 'False'
[0.420s] Level 5:colcon.colcon_core.verb:set package 'automation' build argument 'ament_cmake_args' from command line to 'None'
[0.420s] Level 5:colcon.colcon_core.verb:set package 'automation' build argument 'catkin_cmake_args' from command line to 'None'
[0.420s] Level 5:colcon.colcon_core.verb:set package 'automation' build argument 'catkin_skip_building_tests' from command line to 'False'
[0.420s] DEBUG:colcon.colcon_core.verb:Building package 'automation' with the following arguments: {'ament_cmake_args': None, 'build_base': '/home/phy_ai/.ihub/daksha/build/automation', 'catkin_cmake_args': None, 'catkin_skip_building_tests': False, 'cmake_args': None, 'cmake_clean_cache': False, 'cmake_clean_first': False, 'cmake_force_configure': False, 'cmake_target': None, 'cmake_target_skip_unavailable': False, 'install_base': '/home/phy_ai/.ihub/daksha/install/automation', 'merge_install': False, 'path': '/home/phy_ai/.ihub/daksha/src/automation', 'symlink_install': False, 'test_result_base': None}
[0.420s] Level 5:colcon.colcon_core.verb:set package 'daksha_api_bridge_follower' build argument 'cmake_args' from command line to 'None'
[0.420s] Level 5:colcon.colcon_core.verb:set package 'daksha_api_bridge_follower' build argument 'cmake_target' from command line to 'None'
[0.420s] Level 5:colcon.colcon_core.verb:set package 'daksha_api_bridge_follower' build argument 'cmake_target_skip_unavailable' from command line to 'False'
[0.420s] Level 5:colcon.colcon_core.verb:set package 'daksha_api_bridge_follower' build argument 'cmake_clean_cache' from command line to 'False'
[0.420s] Level 5:colcon.colcon_core.verb:set package 'daksha_api_bridge_follower' build argument 'cmake_clean_first' from command line to 'False'
[0.420s] Level 5:colcon.colcon_core.verb:set package 'daksha_api_bridge_follower' build argument 'cmake_force_configure' from command line to 'False'
[0.420s] Level 5:colcon.colcon_core.verb:set package 'daksha_api_bridge_follower' build argument 'ament_cmake_args' from command line to 'None'
[0.420s] Level 5:colcon.colcon_core.verb:set package 'daksha_api_bridge_follower' build argument 'catkin_cmake_args' from command line to 'None'
[0.420s] Level 5:colcon.colcon_core.verb:set package 'daksha_api_bridge_follower' build argument 'catkin_skip_building_tests' from command line to 'False'
[0.420s] DEBUG:colcon.colcon_core.verb:Building package 'daksha_api_bridge_follower' with the following arguments: {'ament_cmake_args': None, 'build_base': '/home/phy_ai/.ihub/daksha/build/daksha_api_bridge_follower', 'catkin_cmake_args': None, 'catkin_skip_building_tests': False, 'cmake_args': None, 'cmake_clean_cache': False, 'cmake_clean_first': False, 'cmake_force_configure': False, 'cmake_target': None, 'cmake_target_skip_unavailable': False, 'install_base': '/home/phy_ai/.ihub/daksha/install/daksha_api_bridge_follower', 'merge_install': False, 'path': '/home/phy_ai/.ihub/daksha/src/global/daksha_api_bridge_follower', 'symlink_install': False, 'test_result_base': None}
[0.421s] Level 5:colcon.colcon_core.verb:set package 'daksha_api_bridge_leader' build argument 'cmake_args' from command line to 'None'
[0.421s] Level 5:colcon.colcon_core.verb:set package 'daksha_api_bridge_leader' build argument 'cmake_target' from command line to 'None'
[0.421s] Level 5:colcon.colcon_core.verb:set package 'daksha_api_bridge_leader' build argument 'cmake_target_skip_unavailable' from command line to 'False'
[0.421s] Level 5:colcon.colcon_core.verb:set package 'daksha_api_bridge_leader' build argument 'cmake_clean_cache' from command line to 'False'
[0.421s] Level 5:colcon.colcon_core.verb:set package 'daksha_api_bridge_leader' build argument 'cmake_clean_first' from command line to 'False'
[0.421s] Level 5:colcon.colcon_core.verb:set package 'daksha_api_bridge_leader' build argument 'cmake_force_configure' from command line to 'False'
[0.421s] Level 5:colcon.colcon_core.verb:set package 'daksha_api_bridge_leader' build argument 'ament_cmake_args' from command line to 'None'
[0.421s] Level 5:colcon.colcon_core.verb:set package 'daksha_api_bridge_leader' build argument 'catkin_cmake_args' from command line to 'None'
[0.421s] Level 5:colcon.colcon_core.verb:set package 'daksha_api_bridge_leader' build argument 'catkin_skip_building_tests' from command line to 'False'
[0.421s] DEBUG:colcon.colcon_core.verb:Building package 'daksha_api_bridge_leader' with the following arguments: {'ament_cmake_args': None, 'build_base': '/home/phy_ai/.ihub/daksha/build/daksha_api_bridge_leader', 'catkin_cmake_args': None, 'catkin_skip_building_tests': False, 'cmake_args': None, 'cmake_clean_cache': False, 'cmake_clean_first': False, 'cmake_force_configure': False, 'cmake_target': None, 'cmake_target_skip_unavailable': False, 'install_base': '/home/phy_ai/.ihub/daksha/install/daksha_api_bridge_leader', 'merge_install': False, 'path': '/home/phy_ai/.ihub/daksha/src/global/daksha_api_bridge_leader', 'symlink_install': False, 'test_result_base': None}
[0.421s] Level 5:colcon.colcon_core.verb:set package 'daksha_description_full_body' build argument 'cmake_args' from command line to 'None'
[0.421s] Level 5:colcon.colcon_core.verb:set package 'daksha_description_full_body' build argument 'cmake_target' from command line to 'None'
[0.421s] Level 5:colcon.colcon_core.verb:set package 'daksha_description_full_body' build argument 'cmake_target_skip_unavailable' from command line to 'False'
[0.421s] Level 5:colcon.colcon_core.verb:set package 'daksha_description_full_body' build argument 'cmake_clean_cache' from command line to 'False'
[0.421s] Level 5:colcon.colcon_core.verb:set package 'daksha_description_full_body' build argument 'cmake_clean_first' from command line to 'False'
[0.421s] Level 5:colcon.colcon_core.verb:set package 'daksha_description_full_body' build argument 'cmake_force_configure' from command line to 'False'
[0.421s] Level 5:colcon.colcon_core.verb:set package 'daksha_description_full_body' build argument 'ament_cmake_args' from command line to 'None'
[0.421s] Level 5:colcon.colcon_core.verb:set package 'daksha_description_full_body' build argument 'catkin_cmake_args' from command line to 'None'
[0.421s] Level 5:colcon.colcon_core.verb:set package 'daksha_description_full_body' build argument 'catkin_skip_building_tests' from command line to 'False'
[0.421s] DEBUG:colcon.colcon_core.verb:Building package 'daksha_description_full_body' with the following arguments: {'ament_cmake_args': None, 'build_base': '/home/phy_ai/.ihub/daksha/build/daksha_description_full_body', 'catkin_cmake_args': None, 'catkin_skip_building_tests': False, 'cmake_args': None, 'cmake_clean_cache': False, 'cmake_clean_first': False, 'cmake_force_configure': False, 'cmake_target': None, 'cmake_target_skip_unavailable': False, 'install_base': '/home/phy_ai/.ihub/daksha/install/daksha_description_full_body', 'merge_install': False, 'path': '/home/phy_ai/.ihub/daksha/src/daksha_description_full_body', 'symlink_install': False, 'test_result_base': None}
[0.421s] Level 5:colcon.colcon_core.verb:set package 'daksha_final_urdf_description' build argument 'cmake_args' from command line to 'None'
[0.421s] Level 5:colcon.colcon_core.verb:set package 'daksha_final_urdf_description' build argument 'cmake_target' from command line to 'None'
[0.421s] Level 5:colcon.colcon_core.verb:set package 'daksha_final_urdf_description' build argument 'cmake_target_skip_unavailable' from command line to 'False'
[0.421s] Level 5:colcon.colcon_core.verb:set package 'daksha_final_urdf_description' build argument 'cmake_clean_cache' from command line to 'False'
[0.421s] Level 5:colcon.colcon_core.verb:set package 'daksha_final_urdf_description' build argument 'cmake_clean_first' from command line to 'False'
[0.421s] Level 5:colcon.colcon_core.verb:set package 'daksha_final_urdf_description' build argument 'cmake_force_configure' from command line to 'False'
[0.421s] Level 5:colcon.colcon_core.verb:set package 'daksha_final_urdf_description' build argument 'ament_cmake_args' from command line to 'None'
[0.421s] Level 5:colcon.colcon_core.verb:set package 'daksha_final_urdf_description' build argument 'catkin_cmake_args' from command line to 'None'
[0.422s] Level 5:colcon.colcon_core.verb:set package 'daksha_final_urdf_description' build argument 'catkin_skip_building_tests' from command line to 'False'
[0.422s] DEBUG:colcon.colcon_core.verb:Building package 'daksha_final_urdf_description' with the following arguments: {'ament_cmake_args': None, 'build_base': '/home/phy_ai/.ihub/daksha/build/daksha_final_urdf_description', 'catkin_cmake_args': None, 'catkin_skip_building_tests': False, 'cmake_args': None, 'cmake_clean_cache': False, 'cmake_clean_first': False, 'cmake_force_configure': False, 'cmake_target': None, 'cmake_target_skip_unavailable': False, 'install_base': '/home/phy_ai/.ihub/daksha/install/daksha_final_urdf_description', 'merge_install': False, 'path': '/home/phy_ai/.ihub/daksha/src/ui/Clients_UI/daksha_final_urdf_description', 'symlink_install': False, 'test_result_base': None}
[0.422s] Level 5:colcon.colcon_core.verb:set package 'daksha_msgs' build argument 'cmake_args' from command line to 'None'
[0.422s] Level 5:colcon.colcon_core.verb:set package 'daksha_msgs' build argument 'cmake_target' from command line to 'None'
[0.422s] Level 5:colcon.colcon_core.verb:set package 'daksha_msgs' build argument 'cmake_target_skip_unavailable' from command line to 'False'
[0.422s] Level 5:colcon.colcon_core.verb:set package 'daksha_msgs' build argument 'cmake_clean_cache' from command line to 'False'
[0.422s] Level 5:colcon.colcon_core.verb:set package 'daksha_msgs' build argument 'cmake_clean_first' from command line to 'False'
[0.422s] Level 5:colcon.colcon_core.verb:set package 'daksha_msgs' build argument 'cmake_force_configure' from command line to 'False'
[0.422s] Level 5:colcon.colcon_core.verb:set package 'daksha_msgs' build argument 'ament_cmake_args' from command line to 'None'
[0.422s] Level 5:colcon.colcon_core.verb:set package 'daksha_msgs' build argument 'catkin_cmake_args' from command line to 'None'
[0.422s] Level 5:colcon.colcon_core.verb:set package 'daksha_msgs' build argument 'catkin_skip_building_tests' from command line to 'False'
[0.422s] DEBUG:colcon.colcon_core.verb:Building package 'daksha_msgs' with the following arguments: {'ament_cmake_args': None, 'build_base': '/home/phy_ai/.ihub/daksha/build/daksha_msgs', 'catkin_cmake_args': None, 'catkin_skip_building_tests': False, 'cmake_args': None, 'cmake_clean_cache': False, 'cmake_clean_first': False, 'cmake_force_configure': False, 'cmake_target': None, 'cmake_target_skip_unavailable': False, 'install_base': '/home/phy_ai/.ihub/daksha/install/daksha_msgs', 'merge_install': False, 'path': '/home/phy_ai/.ihub/daksha/src/ui/Clients_UI/daksha_msgs', 'symlink_install': False, 'test_result_base': None}
[0.422s] Level 5:colcon.colcon_core.verb:set package 'daksha_ui' build argument 'cmake_args' from command line to 'None'
[0.422s] Level 5:colcon.colcon_core.verb:set package 'daksha_ui' build argument 'cmake_target' from command line to 'None'
[0.422s] Level 5:colcon.colcon_core.verb:set package 'daksha_ui' build argument 'cmake_target_skip_unavailable' from command line to 'False'
[0.422s] Level 5:colcon.colcon_core.verb:set package 'daksha_ui' build argument 'cmake_clean_cache' from command line to 'False'
[0.422s] Level 5:colcon.colcon_core.verb:set package 'daksha_ui' build argument 'cmake_clean_first' from command line to 'False'
[0.422s] Level 5:colcon.colcon_core.verb:set package 'daksha_ui' build argument 'cmake_force_configure' from command line to 'False'
[0.422s] Level 5:colcon.colcon_core.verb:set package 'daksha_ui' build argument 'ament_cmake_args' from command line to 'None'
[0.422s] Level 5:colcon.colcon_core.verb:set package 'daksha_ui' build argument 'catkin_cmake_args' from command line to 'None'
[0.422s] Level 5:colcon.colcon_core.verb:set package 'daksha_ui' build argument 'catkin_skip_building_tests' from command line to 'False'
[0.422s] DEBUG:colcon.colcon_core.verb:Building package 'daksha_ui' with the following arguments: {'ament_cmake_args': None, 'build_base': '/home/phy_ai/.ihub/daksha/build/daksha_ui', 'catkin_cmake_args': None, 'catkin_skip_building_tests': False, 'cmake_args': None, 'cmake_clean_cache': False, 'cmake_clean_first': False, 'cmake_force_configure': False, 'cmake_target': None, 'cmake_target_skip_unavailable': False, 'install_base': '/home/phy_ai/.ihub/daksha/install/daksha_ui', 'merge_install': False, 'path': '/home/phy_ai/.ihub/daksha/src/ui/Clients_UI/daksha_ui', 'symlink_install': False, 'test_result_base': None}
[0.422s] Level 5:colcon.colcon_core.verb:set package 'dynamics' build argument 'cmake_args' from command line to 'None'
[0.422s] Level 5:colcon.colcon_core.verb:set package 'dynamics' build argument 'cmake_target' from command line to 'None'
[0.422s] Level 5:colcon.colcon_core.verb:set package 'dynamics' build argument 'cmake_target_skip_unavailable' from command line to 'False'
[0.422s] Level 5:colcon.colcon_core.verb:set package 'dynamics' build argument 'cmake_clean_cache' from command line to 'False'
[0.422s] Level 5:colcon.colcon_core.verb:set package 'dynamics' build argument 'cmake_clean_first' from command line to 'False'
[0.423s] Level 5:colcon.colcon_core.verb:set package 'dynamics' build argument 'cmake_force_configure' from command line to 'False'
[0.423s] Level 5:colcon.colcon_core.verb:set package 'dynamics' build argument 'ament_cmake_args' from command line to 'None'
[0.423s] Level 5:colcon.colcon_core.verb:set package 'dynamics' build argument 'catkin_cmake_args' from command line to 'None'
[0.423s] Level 5:colcon.colcon_core.verb:set package 'dynamics' build argument 'catkin_skip_building_tests' from command line to 'False'
[0.423s] DEBUG:colcon.colcon_core.verb:Building package 'dynamics' with the following arguments: {'ament_cmake_args': None, 'build_base': '/home/phy_ai/.ihub/daksha/build/dynamics', 'catkin_cmake_args': None, 'catkin_skip_building_tests': False, 'cmake_args': None, 'cmake_clean_cache': False, 'cmake_clean_first': False, 'cmake_force_configure': False, 'cmake_target': None, 'cmake_target_skip_unavailable': False, 'install_base': '/home/phy_ai/.ihub/daksha/install/dynamics', 'merge_install': False, 'path': '/home/phy_ai/.ihub/daksha/src/controllers/dynamics', 'symlink_install': False, 'test_result_base': None}
[0.423s] Level 5:colcon.colcon_core.verb:set package 'gen2_leader' build argument 'cmake_args' from command line to 'None'
[0.423s] Level 5:colcon.colcon_core.verb:set package 'gen2_leader' build argument 'cmake_target' from command line to 'None'
[0.423s] Level 5:colcon.colcon_core.verb:set package 'gen2_leader' build argument 'cmake_target_skip_unavailable' from command line to 'False'
[0.423s] Level 5:colcon.colcon_core.verb:set package 'gen2_leader' build argument 'cmake_clean_cache' from command line to 'False'
[0.423s] Level 5:colcon.colcon_core.verb:set package 'gen2_leader' build argument 'cmake_clean_first' from command line to 'False'
[0.423s] Level 5:colcon.colcon_core.verb:set package 'gen2_leader' build argument 'cmake_force_configure' from command line to 'False'
[0.423s] Level 5:colcon.colcon_core.verb:set package 'gen2_leader' build argument 'ament_cmake_args' from command line to 'None'
[0.423s] Level 5:colcon.colcon_core.verb:set package 'gen2_leader' build argument 'catkin_cmake_args' from command line to 'None'
[0.423s] Level 5:colcon.colcon_core.verb:set package 'gen2_leader' build argument 'catkin_skip_building_tests' from command line to 'False'
[0.423s] DEBUG:colcon.colcon_core.verb:Building package 'gen2_leader' with the following arguments: {'ament_cmake_args': None, 'build_base': '/home/phy_ai/.ihub/daksha/build/gen2_leader', 'catkin_cmake_args': None, 'catkin_skip_building_tests': False, 'cmake_args': None, 'cmake_clean_cache': False, 'cmake_clean_first': False, 'cmake_force_configure': False, 'cmake_target': None, 'cmake_target_skip_unavailable': False, 'install_base': '/home/phy_ai/.ihub/daksha/install/gen2_leader', 'merge_install': False, 'path': '/home/phy_ai/.ihub/daksha/src/tele/gen2_leader', 'symlink_install': False, 'test_result_base': None}
[0.423s] Level 5:colcon.colcon_core.verb:set package 'gesture_management' build argument 'cmake_args' from command line to 'None'
[0.423s] Level 5:colcon.colcon_core.verb:set package 'gesture_management' build argument 'cmake_target' from command line to 'None'
[0.423s] Level 5:colcon.colcon_core.verb:set package 'gesture_management' build argument 'cmake_target_skip_unavailable' from command line to 'False'
[0.423s] Level 5:colcon.colcon_core.verb:set package 'gesture_management' build argument 'cmake_clean_cache' from command line to 'False'
[0.423s] Level 5:colcon.colcon_core.verb:set package 'gesture_management' build argument 'cmake_clean_first' from command line to 'False'
[0.423s] Level 5:colcon.colcon_core.verb:set package 'gesture_management' build argument 'cmake_force_configure' from command line to 'False'
[0.423s] Level 5:colcon.colcon_core.verb:set package 'gesture_management' build argument 'ament_cmake_args' from command line to 'None'
[0.423s] Level 5:colcon.colcon_core.verb:set package 'gesture_management' build argument 'catkin_cmake_args' from command line to 'None'
[0.423s] Level 5:colcon.colcon_core.verb:set package 'gesture_management' build argument 'catkin_skip_building_tests' from command line to 'False'
[0.423s] DEBUG:colcon.colcon_core.verb:Building package 'gesture_management' with the following arguments: {'ament_cmake_args': None, 'build_base': '/home/phy_ai/.ihub/daksha/build/gesture_management', 'catkin_cmake_args': None, 'catkin_skip_building_tests': False, 'cmake_args': None, 'cmake_clean_cache': False, 'cmake_clean_first': False, 'cmake_force_configure': False, 'cmake_target': None, 'cmake_target_skip_unavailable': False, 'install_base': '/home/phy_ai/.ihub/daksha/install/gesture_management', 'merge_install': False, 'path': '/home/phy_ai/.ihub/daksha/src/gesture_management', 'symlink_install': False, 'test_result_base': None}
[0.423s] Level 5:colcon.colcon_core.verb:set package 'hw_interface' build argument 'cmake_args' from command line to 'None'
[0.423s] Level 5:colcon.colcon_core.verb:set package 'hw_interface' build argument 'cmake_target' from command line to 'None'
[0.424s] Level 5:colcon.colcon_core.verb:set package 'hw_interface' build argument 'cmake_target_skip_unavailable' from command line to 'False'
[0.424s] Level 5:colcon.colcon_core.verb:set package 'hw_interface' build argument 'cmake_clean_cache' from command line to 'False'
[0.424s] Level 5:colcon.colcon_core.verb:set package 'hw_interface' build argument 'cmake_clean_first' from command line to 'False'
[0.424s] Level 5:colcon.colcon_core.verb:set package 'hw_interface' build argument 'cmake_force_configure' from command line to 'False'
[0.424s] Level 5:colcon.colcon_core.verb:set package 'hw_interface' build argument 'ament_cmake_args' from command line to 'None'
[0.424s] Level 5:colcon.colcon_core.verb:set package 'hw_interface' build argument 'catkin_cmake_args' from command line to 'None'
[0.424s] Level 5:colcon.colcon_core.verb:set package 'hw_interface' build argument 'catkin_skip_building_tests' from command line to 'False'
[0.424s] DEBUG:colcon.colcon_core.verb:Building package 'hw_interface' with the following arguments: {'ament_cmake_args': None, 'build_base': '/home/phy_ai/.ihub/daksha/build/hw_interface', 'catkin_cmake_args': None, 'catkin_skip_building_tests': False, 'cmake_args': None, 'cmake_clean_cache': False, 'cmake_clean_first': False, 'cmake_force_configure': False, 'cmake_target': None, 'cmake_target_skip_unavailable': False, 'install_base': '/home/phy_ai/.ihub/daksha/install/hw_interface', 'merge_install': False, 'path': '/home/phy_ai/.ihub/daksha/src/controllers/hw_interface', 'symlink_install': False, 'test_result_base': None}
[0.424s] Level 5:colcon.colcon_core.verb:set package 'joint_analyzer' build argument 'cmake_args' from command line to 'None'
[0.424s] Level 5:colcon.colcon_core.verb:set package 'joint_analyzer' build argument 'cmake_target' from command line to 'None'
[0.424s] Level 5:colcon.colcon_core.verb:set package 'joint_analyzer' build argument 'cmake_target_skip_unavailable' from command line to 'False'
[0.424s] Level 5:colcon.colcon_core.verb:set package 'joint_analyzer' build argument 'cmake_clean_cache' from command line to 'False'
[0.424s] Level 5:colcon.colcon_core.verb:set package 'joint_analyzer' build argument 'cmake_clean_first' from command line to 'False'
[0.424s] Level 5:colcon.colcon_core.verb:set package 'joint_analyzer' build argument 'cmake_force_configure' from command line to 'False'
[0.424s] Level 5:colcon.colcon_core.verb:set package 'joint_analyzer' build argument 'ament_cmake_args' from command line to 'None'
[0.424s] Level 5:colcon.colcon_core.verb:set package 'joint_analyzer' build argument 'catkin_cmake_args' from command line to 'None'
[0.424s] Level 5:colcon.colcon_core.verb:set package 'joint_analyzer' build argument 'catkin_skip_building_tests' from command line to 'False'
[0.424s] DEBUG:colcon.colcon_core.verb:Building package 'joint_analyzer' with the following arguments: {'ament_cmake_args': None, 'build_base': '/home/phy_ai/.ihub/daksha/build/joint_analyzer', 'catkin_cmake_args': None, 'catkin_skip_building_tests': False, 'cmake_args': None, 'cmake_clean_cache': False, 'cmake_clean_first': False, 'cmake_force_configure': False, 'cmake_target': None, 'cmake_target_skip_unavailable': False, 'install_base': '/home/phy_ai/.ihub/daksha/install/joint_analyzer', 'merge_install': False, 'path': '/home/phy_ai/.ihub/daksha/src/ui/analyzer', 'symlink_install': False, 'test_result_base': None}
[0.424s] Level 5:colcon.colcon_core.verb:set package 'joint_cmd_logger' build argument 'cmake_args' from command line to 'None'
[0.424s] Level 5:colcon.colcon_core.verb:set package 'joint_cmd_logger' build argument 'cmake_target' from command line to 'None'
[0.424s] Level 5:colcon.colcon_core.verb:set package 'joint_cmd_logger' build argument 'cmake_target_skip_unavailable' from command line to 'False'
[0.424s] Level 5:colcon.colcon_core.verb:set package 'joint_cmd_logger' build argument 'cmake_clean_cache' from command line to 'False'
[0.424s] Level 5:colcon.colcon_core.verb:set package 'joint_cmd_logger' build argument 'cmake_clean_first' from command line to 'False'
[0.424s] Level 5:colcon.colcon_core.verb:set package 'joint_cmd_logger' build argument 'cmake_force_configure' from command line to 'False'
[0.424s] Level 5:colcon.colcon_core.verb:set package 'joint_cmd_logger' build argument 'ament_cmake_args' from command line to 'None'
[0.424s] Level 5:colcon.colcon_core.verb:set package 'joint_cmd_logger' build argument 'catkin_cmake_args' from command line to 'None'
[0.424s] Level 5:colcon.colcon_core.verb:set package 'joint_cmd_logger' build argument 'catkin_skip_building_tests' from command line to 'False'
[0.424s] DEBUG:colcon.colcon_core.verb:Building package 'joint_cmd_logger' with the following arguments: {'ament_cmake_args': None, 'build_base': '/home/phy_ai/.ihub/daksha/build/joint_cmd_logger', 'catkin_cmake_args': None, 'catkin_skip_building_tests': False, 'cmake_args': None, 'cmake_clean_cache': False, 'cmake_clean_first': False, 'cmake_force_configure': False, 'cmake_target': None, 'cmake_target_skip_unavailable': False, 'install_base': '/home/phy_ai/.ihub/daksha/install/joint_cmd_logger', 'merge_install': False, 'path': '/home/phy_ai/.ihub/daksha/src/joint_cmd_logger', 'symlink_install': False, 'test_result_base': None}
[0.425s] Level 5:colcon.colcon_core.verb:set package 'kinematics' build argument 'cmake_args' from command line to 'None'
[0.425s] Level 5:colcon.colcon_core.verb:set package 'kinematics' build argument 'cmake_target' from command line to 'None'
[0.425s] Level 5:colcon.colcon_core.verb:set package 'kinematics' build argument 'cmake_target_skip_unavailable' from command line to 'False'
[0.425s] Level 5:colcon.colcon_core.verb:set package 'kinematics' build argument 'cmake_clean_cache' from command line to 'False'
[0.425s] Level 5:colcon.colcon_core.verb:set package 'kinematics' build argument 'cmake_clean_first' from command line to 'False'
[0.425s] Level 5:colcon.colcon_core.verb:set package 'kinematics' build argument 'cmake_force_configure' from command line to 'False'
[0.425s] Level 5:colcon.colcon_core.verb:set package 'kinematics' build argument 'ament_cmake_args' from command line to 'None'
[0.425s] Level 5:colcon.colcon_core.verb:set package 'kinematics' build argument 'catkin_cmake_args' from command line to 'None'
[0.425s] Level 5:colcon.colcon_core.verb:set package 'kinematics' build argument 'catkin_skip_building_tests' from command line to 'False'
[0.425s] DEBUG:colcon.colcon_core.verb:Building package 'kinematics' with the following arguments: {'ament_cmake_args': None, 'build_base': '/home/phy_ai/.ihub/daksha/build/kinematics', 'catkin_cmake_args': None, 'catkin_skip_building_tests': False, 'cmake_args': None, 'cmake_clean_cache': False, 'cmake_clean_first': False, 'cmake_force_configure': False, 'cmake_target': None, 'cmake_target_skip_unavailable': False, 'install_base': '/home/phy_ai/.ihub/daksha/install/kinematics', 'merge_install': False, 'path': '/home/phy_ai/.ihub/daksha/src/controllers/kinematics', 'symlink_install': False, 'test_result_base': None}
[0.425s] Level 5:colcon.colcon_core.verb:set package 'posveleff_controllers' build argument 'cmake_args' from command line to 'None'
[0.425s] Level 5:colcon.colcon_core.verb:set package 'posveleff_controllers' build argument 'cmake_target' from command line to 'None'
[0.425s] Level 5:colcon.colcon_core.verb:set package 'posveleff_controllers' build argument 'cmake_target_skip_unavailable' from command line to 'False'
[0.425s] Level 5:colcon.colcon_core.verb:set package 'posveleff_controllers' build argument 'cmake_clean_cache' from command line to 'False'
[0.425s] Level 5:colcon.colcon_core.verb:set package 'posveleff_controllers' build argument 'cmake_clean_first' from command line to 'False'
[0.425s] Level 5:colcon.colcon_core.verb:set package 'posveleff_controllers' build argument 'cmake_force_configure' from command line to 'False'
[0.425s] Level 5:colcon.colcon_core.verb:set package 'posveleff_controllers' build argument 'ament_cmake_args' from command line to 'None'
[0.425s] Level 5:colcon.colcon_core.verb:set package 'posveleff_controllers' build argument 'catkin_cmake_args' from command line to 'None'
[0.425s] Level 5:colcon.colcon_core.verb:set package 'posveleff_controllers' build argument 'catkin_skip_building_tests' from command line to 'False'
[0.425s] DEBUG:colcon.colcon_core.verb:Building package 'posveleff_controllers' with the following arguments: {'ament_cmake_args': None, 'build_base': '/home/phy_ai/.ihub/daksha/build/posveleff_controllers', 'catkin_cmake_args': None, 'catkin_skip_building_tests': False, 'cmake_args': None, 'cmake_clean_cache': False, 'cmake_clean_first': False, 'cmake_force_configure': False, 'cmake_target': None, 'cmake_target_skip_unavailable': False, 'install_base': '/home/phy_ai/.ihub/daksha/install/posveleff_controllers', 'merge_install': False, 'path': '/home/phy_ai/.ihub/daksha/src/controllers/posveleff_controllers', 'symlink_install': False, 'test_result_base': None}
[0.425s] Level 5:colcon.colcon_core.verb:set package 'ros_tcp_endpoint' build argument 'cmake_args' from command line to 'None'
[0.425s] Level 5:colcon.colcon_core.verb:set package 'ros_tcp_endpoint' build argument 'cmake_target' from command line to 'None'
[0.425s] Level 5:colcon.colcon_core.verb:set package 'ros_tcp_endpoint' build argument 'cmake_target_skip_unavailable' from command line to 'False'
[0.425s] Level 5:colcon.colcon_core.verb:set package 'ros_tcp_endpoint' build argument 'cmake_clean_cache' from command line to 'False'
[0.425s] Level 5:colcon.colcon_core.verb:set package 'ros_tcp_endpoint' build argument 'cmake_clean_first' from command line to 'False'
[0.425s] Level 5:colcon.colcon_core.verb:set package 'ros_tcp_endpoint' build argument 'cmake_force_configure' from command line to 'False'
[0.425s] Level 5:colcon.colcon_core.verb:set package 'ros_tcp_endpoint' build argument 'ament_cmake_args' from command line to 'None'
[0.425s] Level 5:colcon.colcon_core.verb:set package 'ros_tcp_endpoint' build argument 'catkin_cmake_args' from command line to 'None'
[0.425s] Level 5:colcon.colcon_core.verb:set package 'ros_tcp_endpoint' build argument 'catkin_skip_building_tests' from command line to 'False'
[0.425s] DEBUG:colcon.colcon_core.verb:Building package 'ros_tcp_endpoint' with the following arguments: {'ament_cmake_args': None, 'build_base': '/home/phy_ai/.ihub/daksha/build/ros_tcp_endpoint', 'catkin_cmake_args': None, 'catkin_skip_building_tests': False, 'cmake_args': None, 'cmake_clean_cache': False, 'cmake_clean_first': False, 'cmake_force_configure': False, 'cmake_target': None, 'cmake_target_skip_unavailable': False, 'install_base': '/home/phy_ai/.ihub/daksha/install/ros_tcp_endpoint', 'merge_install': False, 'path': '/home/phy_ai/.ihub/daksha/src/tele/ROS-TCP-Endpoint', 'symlink_install': False, 'test_result_base': None}
[0.426s] Level 5:colcon.colcon_core.verb:set package 'vajara' build argument 'cmake_args' from command line to 'None'
[0.426s] Level 5:colcon.colcon_core.verb:set package 'vajara' build argument 'cmake_target' from command line to 'None'
[0.426s] Level 5:colcon.colcon_core.verb:set package 'vajara' build argument 'cmake_target_skip_unavailable' from command line to 'False'
[0.426s] Level 5:colcon.colcon_core.verb:set package 'vajara' build argument 'cmake_clean_cache' from command line to 'False'
[0.426s] Level 5:colcon.colcon_core.verb:set package 'vajara' build argument 'cmake_clean_first' from command line to 'False'
[0.426s] Level 5:colcon.colcon_core.verb:set package 'vajara' build argument 'cmake_force_configure' from command line to 'False'
[0.426s] Level 5:colcon.colcon_core.verb:set package 'vajara' build argument 'ament_cmake_args' from command line to 'None'
[0.426s] Level 5:colcon.colcon_core.verb:set package 'vajara' build argument 'catkin_cmake_args' from command line to 'None'
[0.426s] Level 5:colcon.colcon_core.verb:set package 'vajara' build argument 'catkin_skip_building_tests' from command line to 'False'
[0.426s] DEBUG:colcon.colcon_core.verb:Building package 'vajara' with the following arguments: {'ament_cmake_args': None, 'build_base': '/home/phy_ai/.ihub/daksha/build/vajara', 'catkin_cmake_args': None, 'catkin_skip_building_tests': False, 'cmake_args': None, 'cmake_clean_cache': False, 'cmake_clean_first': False, 'cmake_force_configure': False, 'cmake_target': None, 'cmake_target_skip_unavailable': False, 'install_base': '/home/phy_ai/.ihub/daksha/install/vajara', 'merge_install': False, 'path': '/home/phy_ai/.ihub/daksha/src/diagnosis/vajara', 'symlink_install': False, 'test_result_base': None}
[0.426s] Level 5:colcon.colcon_core.verb:set package 'web_nav_site' build argument 'cmake_args' from command line to 'None'
[0.426s] Level 5:colcon.colcon_core.verb:set package 'web_nav_site' build argument 'cmake_target' from command line to 'None'
[0.426s] Level 5:colcon.colcon_core.verb:set package 'web_nav_site' build argument 'cmake_target_skip_unavailable' from command line to 'False'
[0.426s] Level 5:colcon.colcon_core.verb:set package 'web_nav_site' build argument 'cmake_clean_cache' from command line to 'False'
[0.426s] Level 5:colcon.colcon_core.verb:set package 'web_nav_site' build argument 'cmake_clean_first' from command line to 'False'
[0.426s] Level 5:colcon.colcon_core.verb:set package 'web_nav_site' build argument 'cmake_force_configure' from command line to 'False'
[0.426s] Level 5:colcon.colcon_core.verb:set package 'web_nav_site' build argument 'ament_cmake_args' from command line to 'None'
[0.426s] Level 5:colcon.colcon_core.verb:set package 'web_nav_site' build argument 'catkin_cmake_args' from command line to 'None'
[0.426s] Level 5:colcon.colcon_core.verb:set package 'web_nav_site' build argument 'catkin_skip_building_tests' from command line to 'False'
[0.426s] DEBUG:colcon.colcon_core.verb:Building package 'web_nav_site' with the following arguments: {'ament_cmake_args': None, 'build_base': '/home/phy_ai/.ihub/daksha/build/web_nav_site', 'catkin_cmake_args': None, 'catkin_skip_building_tests': False, 'cmake_args': None, 'cmake_clean_cache': False, 'cmake_clean_first': False, 'cmake_force_configure': False, 'cmake_target': None, 'cmake_target_skip_unavailable': False, 'install_base': '/home/phy_ai/.ihub/daksha/install/web_nav_site', 'merge_install': False, 'path': '/home/phy_ai/.ihub/daksha/src/navigation/web_nav_site', 'symlink_install': False, 'test_result_base': None}
[0.426s] Level 5:colcon.colcon_core.verb:set package 'world_camera_launch' build argument 'cmake_args' from command line to 'None'
[0.426s] Level 5:colcon.colcon_core.verb:set package 'world_camera_launch' build argument 'cmake_target' from command line to 'None'
[0.426s] Level 5:colcon.colcon_core.verb:set package 'world_camera_launch' build argument 'cmake_target_skip_unavailable' from command line to 'False'
[0.426s] Level 5:colcon.colcon_core.verb:set package 'world_camera_launch' build argument 'cmake_clean_cache' from command line to 'False'
[0.426s] Level 5:colcon.colcon_core.verb:set package 'world_camera_launch' build argument 'cmake_clean_first' from command line to 'False'
[0.426s] Level 5:colcon.colcon_core.verb:set package 'world_camera_launch' build argument 'cmake_force_configure' from command line to 'False'
[0.426s] Level 5:colcon.colcon_core.verb:set package 'world_camera_launch' build argument 'ament_cmake_args' from command line to 'None'
[0.426s] Level 5:colcon.colcon_core.verb:set package 'world_camera_launch' build argument 'catkin_cmake_args' from command line to 'None'
[0.426s] Level 5:colcon.colcon_core.verb:set package 'world_camera_launch' build argument 'catkin_skip_building_tests' from command line to 'False'
[0.426s] DEBUG:colcon.colcon_core.verb:Building package 'world_camera_launch' with the following arguments: {'ament_cmake_args': None, 'build_base': '/home/phy_ai/.ihub/daksha/build/world_camera_launch', 'catkin_cmake_args': None, 'catkin_skip_building_tests': False, 'cmake_args': None, 'cmake_clean_cache': False, 'cmake_clean_first': False, 'cmake_force_configure': False, 'cmake_target': None, 'cmake_target_skip_unavailable': False, 'install_base': '/home/phy_ai/.ihub/daksha/install/world_camera_launch', 'merge_install': False, 'path': '/home/phy_ai/.ihub/daksha/src/world_camera_launch', 'symlink_install': False, 'test_result_base': None}
[0.427s] Level 5:colcon.colcon_core.verb:set package 'collision_management' build argument 'cmake_args' from command line to 'None'
[0.427s] Level 5:colcon.colcon_core.verb:set package 'collision_management' build argument 'cmake_target' from command line to 'None'
[0.427s] Level 5:colcon.colcon_core.verb:set package 'collision_management' build argument 'cmake_target_skip_unavailable' from command line to 'False'
[0.427s] Level 5:colcon.colcon_core.verb:set package 'collision_management' build argument 'cmake_clean_cache' from command line to 'False'
[0.427s] Level 5:colcon.colcon_core.verb:set package 'collision_management' build argument 'cmake_clean_first' from command line to 'False'
[0.427s] Level 5:colcon.colcon_core.verb:set package 'collision_management' build argument 'cmake_force_configure' from command line to 'False'
[0.427s] Level 5:colcon.colcon_core.verb:set package 'collision_management' build argument 'ament_cmake_args' from command line to 'None'
[0.427s] Level 5:colcon.colcon_core.verb:set package 'collision_management' build argument 'catkin_cmake_args' from command line to 'None'
[0.427s] Level 5:colcon.colcon_core.verb:set package 'collision_management' build argument 'catkin_skip_building_tests' from command line to 'False'
[0.427s] DEBUG:colcon.colcon_core.verb:Building package 'collision_management' with the following arguments: {'ament_cmake_args': None, 'build_base': '/home/phy_ai/.ihub/daksha/build/collision_management', 'catkin_cmake_args': None, 'catkin_skip_building_tests': False, 'cmake_args': None, 'cmake_clean_cache': False, 'cmake_clean_first': False, 'cmake_force_configure': False, 'cmake_target': None, 'cmake_target_skip_unavailable': False, 'install_base': '/home/phy_ai/.ihub/daksha/install/collision_management', 'merge_install': False, 'path': '/home/phy_ai/.ihub/daksha/src/controllers/collision_management', 'symlink_install': False, 'test_result_base': None}
[0.427s] Level 5:colcon.colcon_core.verb:set package 'daksha_data_collection' build argument 'cmake_args' from command line to 'None'
[0.427s] Level 5:colcon.colcon_core.verb:set package 'daksha_data_collection' build argument 'cmake_target' from command line to 'None'
[0.427s] Level 5:colcon.colcon_core.verb:set package 'daksha_data_collection' build argument 'cmake_target_skip_unavailable' from command line to 'False'
[0.427s] Level 5:colcon.colcon_core.verb:set package 'daksha_data_collection' build argument 'cmake_clean_cache' from command line to 'False'
[0.427s] Level 5:colcon.colcon_core.verb:set package 'daksha_data_collection' build argument 'cmake_clean_first' from command line to 'False'
[0.427s] Level 5:colcon.colcon_core.verb:set package 'daksha_data_collection' build argument 'cmake_force_configure' from command line to 'False'
[0.427s] Level 5:colcon.colcon_core.verb:set package 'daksha_data_collection' build argument 'ament_cmake_args' from command line to 'None'
[0.427s] Level 5:colcon.colcon_core.verb:set package 'daksha_data_collection' build argument 'catkin_cmake_args' from command line to 'None'
[0.427s] Level 5:colcon.colcon_core.verb:set package 'daksha_data_collection' build argument 'catkin_skip_building_tests' from command line to 'False'
[0.427s] DEBUG:colcon.colcon_core.verb:Building package 'daksha_data_collection' with the following arguments: {'ament_cmake_args': None, 'build_base': '/home/phy_ai/.ihub/daksha/build/daksha_data_collection', 'catkin_cmake_args': None, 'catkin_skip_building_tests': False, 'cmake_args': None, 'cmake_clean_cache': False, 'cmake_clean_first': False, 'cmake_force_configure': False, 'cmake_target': None, 'cmake_target_skip_unavailable': False, 'install_base': '/home/phy_ai/.ihub/daksha/install/daksha_data_collection', 'merge_install': False, 'path': '/home/phy_ai/.ihub/daksha/src/ui/Clients_UI/daksha_data_collection', 'symlink_install': False, 'test_result_base': None}
[0.427s] Level 5:colcon.colcon_core.verb:set package 'vr_teleop' build argument 'cmake_args' from command line to 'None'
[0.427s] Level 5:colcon.colcon_core.verb:set package 'vr_teleop' build argument 'cmake_target' from command line to 'None'
[0.427s] Level 5:colcon.colcon_core.verb:set package 'vr_teleop' build argument 'cmake_target_skip_unavailable' from command line to 'False'
[0.427s] Level 5:colcon.colcon_core.verb:set package 'vr_teleop' build argument 'cmake_clean_cache' from command line to 'False'
[0.427s] Level 5:colcon.colcon_core.verb:set package 'vr_teleop' build argument 'cmake_clean_first' from command line to 'False'
[0.427s] Level 5:colcon.colcon_core.verb:set package 'vr_teleop' build argument 'cmake_force_configure' from command line to 'False'
[0.427s] Level 5:colcon.colcon_core.verb:set package 'vr_teleop' build argument 'ament_cmake_args' from command line to 'None'
[0.428s] Level 5:colcon.colcon_core.verb:set package 'vr_teleop' build argument 'catkin_cmake_args' from command line to 'None'
[0.428s] Level 5:colcon.colcon_core.verb:set package 'vr_teleop' build argument 'catkin_skip_building_tests' from command line to 'False'
[0.428s] DEBUG:colcon.colcon_core.verb:Building package 'vr_teleop' with the following arguments: {'ament_cmake_args': None, 'build_base': '/home/phy_ai/.ihub/daksha/build/vr_teleop', 'catkin_cmake_args': None, 'catkin_skip_building_tests': False, 'cmake_args': None, 'cmake_clean_cache': False, 'cmake_clean_first': False, 'cmake_force_configure': False, 'cmake_target': None, 'cmake_target_skip_unavailable': False, 'install_base': '/home/phy_ai/.ihub/daksha/install/vr_teleop', 'merge_install': False, 'path': '/home/phy_ai/.ihub/daksha/src/tele/vr_teleop', 'symlink_install': False, 'test_result_base': None}
[0.428s] Level 5:colcon.colcon_core.verb:set package 'gen2' build argument 'cmake_args' from command line to 'None'
[0.428s] Level 5:colcon.colcon_core.verb:set package 'gen2' build argument 'cmake_target' from command line to 'None'
[0.428s] Level 5:colcon.colcon_core.verb:set package 'gen2' build argument 'cmake_target_skip_unavailable' from command line to 'False'
[0.428s] Level 5:colcon.colcon_core.verb:set package 'gen2' build argument 'cmake_clean_cache' from command line to 'False'
[0.428s] Level 5:colcon.colcon_core.verb:set package 'gen2' build argument 'cmake_clean_first' from command line to 'False'
[0.428s] Level 5:colcon.colcon_core.verb:set package 'gen2' build argument 'cmake_force_configure' from command line to 'False'
[0.428s] Level 5:colcon.colcon_core.verb:set package 'gen2' build argument 'ament_cmake_args' from command line to 'None'
[0.428s] Level 5:colcon.colcon_core.verb:set package 'gen2' build argument 'catkin_cmake_args' from command line to 'None'
[0.428s] Level 5:colcon.colcon_core.verb:set package 'gen2' build argument 'catkin_skip_building_tests' from command line to 'False'
[0.428s] DEBUG:colcon.colcon_core.verb:Building package 'gen2' with the following arguments: {'ament_cmake_args': None, 'build_base': '/home/phy_ai/.ihub/daksha/build/gen2', 'catkin_cmake_args': None, 'catkin_skip_building_tests': False, 'cmake_args': None, 'cmake_clean_cache': False, 'cmake_clean_first': False, 'cmake_force_configure': False, 'cmake_target': None, 'cmake_target_skip_unavailable': False, 'install_base': '/home/phy_ai/.ihub/daksha/install/gen2', 'merge_install': False, 'path': '/home/phy_ai/.ihub/daksha/src/gen2', 'symlink_install': False, 'test_result_base': None}
[0.428s] Level 5:colcon.colcon_core.verb:set package 'moveit_collision_management' build argument 'cmake_args' from command line to 'None'
[0.428s] Level 5:colcon.colcon_core.verb:set package 'moveit_collision_management' build argument 'cmake_target' from command line to 'None'
[0.428s] Level 5:colcon.colcon_core.verb:set package 'moveit_collision_management' build argument 'cmake_target_skip_unavailable' from command line to 'False'
[0.428s] Level 5:colcon.colcon_core.verb:set package 'moveit_collision_management' build argument 'cmake_clean_cache' from command line to 'False'
[0.428s] Level 5:colcon.colcon_core.verb:set package 'moveit_collision_management' build argument 'cmake_clean_first' from command line to 'False'
[0.428s] Level 5:colcon.colcon_core.verb:set package 'moveit_collision_management' build argument 'cmake_force_configure' from command line to 'False'
[0.428s] Level 5:colcon.colcon_core.verb:set package 'moveit_collision_management' build argument 'ament_cmake_args' from command line to 'None'
[0.428s] Level 5:colcon.colcon_core.verb:set package 'moveit_collision_management' build argument 'catkin_cmake_args' from command line to 'None'
[0.428s] Level 5:colcon.colcon_core.verb:set package 'moveit_collision_management' build argument 'catkin_skip_building_tests' from command line to 'False'
[0.428s] DEBUG:colcon.colcon_core.verb:Building package 'moveit_collision_management' with the following arguments: {'ament_cmake_args': None, 'build_base': '/home/phy_ai/.ihub/daksha/build/moveit_collision_management', 'catkin_cmake_args': None, 'catkin_skip_building_tests': False, 'cmake_args': None, 'cmake_clean_cache': False, 'cmake_clean_first': False, 'cmake_force_configure': False, 'cmake_target': None, 'cmake_target_skip_unavailable': False, 'install_base': '/home/phy_ai/.ihub/daksha/install/moveit_collision_management', 'merge_install': False, 'path': '/home/phy_ai/.ihub/daksha/src/controllers/moveit_collision_management', 'symlink_install': False, 'test_result_base': None}
[0.428s] Level 5:colcon.colcon_core.verb:set package 'motor_configure' build argument 'cmake_args' from command line to 'None'
[0.428s] Level 5:colcon.colcon_core.verb:set package 'motor_configure' build argument 'cmake_target' from command line to 'None'
[0.428s] Level 5:colcon.colcon_core.verb:set package 'motor_configure' build argument 'cmake_target_skip_unavailable' from command line to 'False'
[0.428s] Level 5:colcon.colcon_core.verb:set package 'motor_configure' build argument 'cmake_clean_cache' from command line to 'False'
[0.429s] Level 5:colcon.colcon_core.verb:set package 'motor_configure' build argument 'cmake_clean_first' from command line to 'False'
[0.429s] Level 5:colcon.colcon_core.verb:set package 'motor_configure' build argument 'cmake_force_configure' from command line to 'False'
[0.429s] Level 5:colcon.colcon_core.verb:set package 'motor_configure' build argument 'ament_cmake_args' from command line to 'None'
[0.429s] Level 5:colcon.colcon_core.verb:set package 'motor_configure' build argument 'catkin_cmake_args' from command line to 'None'
[0.429s] Level 5:colcon.colcon_core.verb:set package 'motor_configure' build argument 'catkin_skip_building_tests' from command line to 'False'
[0.429s] DEBUG:colcon.colcon_core.verb:Building package 'motor_configure' with the following arguments: {'ament_cmake_args': None, 'build_base': '/home/phy_ai/.ihub/daksha/build/motor_configure', 'catkin_cmake_args': None, 'catkin_skip_building_tests': False, 'cmake_args': None, 'cmake_clean_cache': False, 'cmake_clean_first': False, 'cmake_force_configure': False, 'cmake_target': None, 'cmake_target_skip_unavailable': False, 'install_base': '/home/phy_ai/.ihub/daksha/install/motor_configure', 'merge_install': False, 'path': '/home/phy_ai/.ihub/daksha/src/motor_configure', 'symlink_install': False, 'test_result_base': None}
[0.429s] INFO:colcon.colcon_core.executor:Executing jobs using 'parallel' executor
[0.430s] DEBUG:colcon.colcon_parallel_executor.executor.parallel:run_until_complete
[0.430s] INFO:colcon.colcon_ros.task.ament_python.build:Building ROS package in '/home/phy_ai/.ihub/daksha/src/controllers/kinematics' with build type 'ament_python'
[0.430s] Level 1:colcon.colcon_core.shell:create_environment_hook('kinematics', 'ament_prefix_path')
[0.434s] INFO:colcon.colcon_core.plugin_system:Skipping extension 'colcon_core.shell.bat': Not used on non-Windows systems
[0.434s] INFO:colcon.colcon_core.shell:Creating environment hook '/home/phy_ai/.ihub/daksha/install/kinematics/share/kinematics/hook/ament_prefix_path.ps1'
[0.435s] INFO:colcon.colcon_core.shell:Creating environment descriptor '/home/phy_ai/.ihub/daksha/install/kinematics/share/kinematics/hook/ament_prefix_path.dsv'
[0.435s] INFO:colcon.colcon_core.shell:Creating environment hook '/home/phy_ai/.ihub/daksha/install/kinematics/share/kinematics/hook/ament_prefix_path.sh'
[0.436s] INFO:colcon.colcon_core.shell:Skip shell extension 'powershell' for command environment: Not usable outside of PowerShell
[0.436s] DEBUG:colcon.colcon_core.shell:Skip shell extension 'dsv' for command environment
[0.443s] INFO:colcon.colcon_ros.task.ament_cmake.build:Building ROS package in '/home/phy_ai/.ihub/daksha/src/controllers/hw_interface' with build type 'ament_cmake'
[0.443s] INFO:colcon.colcon_cmake.task.cmake.build:Building CMake package in '/home/phy_ai/.ihub/daksha/src/controllers/hw_interface'
[0.443s] INFO:colcon.colcon_core.shell:Skip shell extension 'powershell' for command environment: Not usable outside of PowerShell
[0.443s] DEBUG:colcon.colcon_core.shell:Skip shell extension 'dsv' for command environment
[0.449s] INFO:colcon.colcon_ros.task.ament_python.build:Building ROS package in '/home/phy_ai/.ihub/daksha/src/daksha_description_full_body' with build type 'ament_python'
[0.450s] Level 1:colcon.colcon_core.shell:create_environment_hook('daksha_description_full_body', 'ament_prefix_path')
[0.450s] INFO:colcon.colcon_core.shell:Creating environment hook '/home/phy_ai/.ihub/daksha/install/daksha_description_full_body/share/daksha_description_full_body/hook/ament_prefix_path.ps1'
[0.450s] INFO:colcon.colcon_core.shell:Creating environment descriptor '/home/phy_ai/.ihub/daksha/install/daksha_description_full_body/share/daksha_description_full_body/hook/ament_prefix_path.dsv'
[0.451s] INFO:colcon.colcon_core.shell:Creating environment hook '/home/phy_ai/.ihub/daksha/install/daksha_description_full_body/share/daksha_description_full_body/hook/ament_prefix_path.sh'
[0.451s] INFO:colcon.colcon_core.shell:Skip shell extension 'powershell' for command environment: Not usable outside of PowerShell
[0.451s] DEBUG:colcon.colcon_core.shell:Skip shell extension 'dsv' for command environment
[0.469s] INFO:colcon.colcon_ros.task.ament_cmake.build:Building ROS package in '/home/phy_ai/.ihub/daksha/src/ui/Clients_UI/daksha_msgs' with build type 'ament_cmake'
[0.469s] INFO:colcon.colcon_cmake.task.cmake.build:Building CMake package in '/home/phy_ai/.ihub/daksha/src/ui/Clients_UI/daksha_msgs'
[0.469s] INFO:colcon.colcon_core.shell:Skip shell extension 'powershell' for command environment: Not usable outside of PowerShell
[0.469s] DEBUG:colcon.colcon_core.shell:Skip shell extension 'dsv' for command environment
[0.476s] INFO:colcon.colcon_ros.task.ament_cmake.build:Building ROS package in '/home/phy_ai/.ihub/daksha/src/automation' with build type 'ament_cmake'
[0.476s] INFO:colcon.colcon_cmake.task.cmake.build:Building CMake package in '/home/phy_ai/.ihub/daksha/src/automation'
[0.477s] INFO:colcon.colcon_core.shell:Skip shell extension 'powershell' for command environment: Not usable outside of PowerShell
[0.477s] DEBUG:colcon.colcon_core.shell:Skip shell extension 'dsv' for command environment
[0.483s] INFO:colcon.colcon_ros.task.ament_python.build:Building ROS package in '/home/phy_ai/.ihub/daksha/src/global/daksha_api_bridge_follower' with build type 'ament_python'
[0.483s] Level 1:colcon.colcon_core.shell:create_environment_hook('daksha_api_bridge_follower', 'ament_prefix_path')
[0.483s] INFO:colcon.colcon_core.shell:Creating environment hook '/home/phy_ai/.ihub/daksha/install/daksha_api_bridge_follower/share/daksha_api_bridge_follower/hook/ament_prefix_path.ps1'
[0.484s] INFO:colcon.colcon_core.shell:Creating environment descriptor '/home/phy_ai/.ihub/daksha/install/daksha_api_bridge_follower/share/daksha_api_bridge_follower/hook/ament_prefix_path.dsv'
[0.484s] INFO:colcon.colcon_core.shell:Creating environment hook '/home/phy_ai/.ihub/daksha/install/daksha_api_bridge_follower/share/daksha_api_bridge_follower/hook/ament_prefix_path.sh'
[0.485s] INFO:colcon.colcon_core.shell:Skip shell extension 'powershell' for command environment: Not usable outside of PowerShell
[0.485s] DEBUG:colcon.colcon_core.shell:Skip shell extension 'dsv' for command environment
[0.491s] INFO:colcon.colcon_ros.task.ament_python.build:Building ROS package in '/home/phy_ai/.ihub/daksha/src/global/daksha_api_bridge_leader' with build type 'ament_python'
[0.492s] Level 1:colcon.colcon_core.shell:create_environment_hook('daksha_api_bridge_leader', 'ament_prefix_path')
[0.492s] INFO:colcon.colcon_core.shell:Creating environment hook '/home/phy_ai/.ihub/daksha/install/daksha_api_bridge_leader/share/daksha_api_bridge_leader/hook/ament_prefix_path.ps1'
[0.492s] INFO:colcon.colcon_core.shell:Creating environment descriptor '/home/phy_ai/.ihub/daksha/install/daksha_api_bridge_leader/share/daksha_api_bridge_leader/hook/ament_prefix_path.dsv'
[0.493s] INFO:colcon.colcon_core.shell:Creating environment hook '/home/phy_ai/.ihub/daksha/install/daksha_api_bridge_leader/share/daksha_api_bridge_leader/hook/ament_prefix_path.sh'
[0.493s] INFO:colcon.colcon_core.shell:Skip shell extension 'powershell' for command environment: Not usable outside of PowerShell
[0.493s] DEBUG:colcon.colcon_core.shell:Skip shell extension 'dsv' for command environment
[0.500s] INFO:colcon.colcon_ros.task.ament_python.build:Building ROS package in '/home/phy_ai/.ihub/daksha/src/ui/Clients_UI/daksha_final_urdf_description' with build type 'ament_python'
[0.500s] Level 1:colcon.colcon_core.shell:create_environment_hook('daksha_final_urdf_description', 'ament_prefix_path')
[0.500s] INFO:colcon.colcon_core.shell:Creating environment hook '/home/phy_ai/.ihub/daksha/install/daksha_final_urdf_description/share/daksha_final_urdf_description/hook/ament_prefix_path.ps1'
[0.501s] INFO:colcon.colcon_core.shell:Creating environment descriptor '/home/phy_ai/.ihub/daksha/install/daksha_final_urdf_description/share/daksha_final_urdf_description/hook/ament_prefix_path.dsv'
[0.501s] INFO:colcon.colcon_core.shell:Creating environment hook '/home/phy_ai/.ihub/daksha/install/daksha_final_urdf_description/share/daksha_final_urdf_description/hook/ament_prefix_path.sh'
[0.502s] INFO:colcon.colcon_core.shell:Skip shell extension 'powershell' for command environment: Not usable outside of PowerShell
[0.502s] DEBUG:colcon.colcon_core.shell:Skip shell extension 'dsv' for command environment
[0.509s] INFO:colcon.colcon_ros.task.ament_cmake.build:Building ROS package in '/home/phy_ai/.ihub/daksha/src/ui/Clients_UI/daksha_ui' with build type 'ament_cmake'
[0.509s] INFO:colcon.colcon_cmake.task.cmake.build:Building CMake package in '/home/phy_ai/.ihub/daksha/src/ui/Clients_UI/daksha_ui'
[0.509s] INFO:colcon.colcon_core.shell:Skip shell extension 'powershell' for command environment: Not usable outside of PowerShell
[0.509s] DEBUG:colcon.colcon_core.shell:Skip shell extension 'dsv' for command environment
[0.516s] INFO:colcon.colcon_ros.task.ament_cmake.build:Building ROS package in '/home/phy_ai/.ihub/daksha/src/controllers/dynamics' with build type 'ament_cmake'
[0.516s] INFO:colcon.colcon_cmake.task.cmake.build:Building CMake package in '/home/phy_ai/.ihub/daksha/src/controllers/dynamics'
[0.516s] INFO:colcon.colcon_core.shell:Skip shell extension 'powershell' for command environment: Not usable outside of PowerShell
[0.517s] DEBUG:colcon.colcon_core.shell:Skip shell extension 'dsv' for command environment
[0.523s] INFO:colcon.colcon_ros.task.ament_python.build:Building ROS package in '/home/phy_ai/.ihub/daksha/src/tele/gen2_leader' with build type 'ament_python'
[0.523s] Level 1:colcon.colcon_core.shell:create_environment_hook('gen2_leader', 'ament_prefix_path')
[0.524s] INFO:colcon.colcon_core.shell:Creating environment hook '/home/phy_ai/.ihub/daksha/install/gen2_leader/share/gen2_leader/hook/ament_prefix_path.ps1'
[0.524s] INFO:colcon.colcon_core.shell:Creating environment descriptor '/home/phy_ai/.ihub/daksha/install/gen2_leader/share/gen2_leader/hook/ament_prefix_path.dsv'
[0.525s] INFO:colcon.colcon_core.shell:Creating environment hook '/home/phy_ai/.ihub/daksha/install/gen2_leader/share/gen2_leader/hook/ament_prefix_path.sh'
[0.525s] INFO:colcon.colcon_core.shell:Skip shell extension 'powershell' for command environment: Not usable outside of PowerShell
[0.525s] DEBUG:colcon.colcon_core.shell:Skip shell extension 'dsv' for command environment
[0.532s] INFO:colcon.colcon_ros.task.ament_cmake.build:Building ROS package in '/home/phy_ai/.ihub/daksha/src/gesture_management' with build type 'ament_cmake'
[0.533s] INFO:colcon.colcon_cmake.task.cmake.build:Building CMake package in '/home/phy_ai/.ihub/daksha/src/gesture_management'
[0.533s] INFO:colcon.colcon_core.shell:Skip shell extension 'powershell' for command environment: Not usable outside of PowerShell
[0.533s] DEBUG:colcon.colcon_core.shell:Skip shell extension 'dsv' for command environment
[0.540s] INFO:colcon.colcon_ros.task.ament_python.build:Building ROS package in '/home/phy_ai/.ihub/daksha/src/ui/analyzer' with build type 'ament_python'
[0.540s] Level 1:colcon.colcon_core.shell:create_environment_hook('joint_analyzer', 'ament_prefix_path')
[0.540s] INFO:colcon.colcon_core.shell:Creating environment hook '/home/phy_ai/.ihub/daksha/install/joint_analyzer/share/joint_analyzer/hook/ament_prefix_path.ps1'
[0.541s] INFO:colcon.colcon_core.shell:Creating environment descriptor '/home/phy_ai/.ihub/daksha/install/joint_analyzer/share/joint_analyzer/hook/ament_prefix_path.dsv'
[0.541s] INFO:colcon.colcon_core.shell:Creating environment hook '/home/phy_ai/.ihub/daksha/install/joint_analyzer/share/joint_analyzer/hook/ament_prefix_path.sh'
[0.542s] INFO:colcon.colcon_core.shell:Skip shell extension 'powershell' for command environment: Not usable outside of PowerShell
[0.542s] DEBUG:colcon.colcon_core.shell:Skip shell extension 'dsv' for command environment
[0.548s] INFO:colcon.colcon_ros.task.ament_python.build:Building ROS package in '/home/phy_ai/.ihub/daksha/src/joint_cmd_logger' with build type 'ament_python'
[0.549s] Level 1:colcon.colcon_core.shell:create_environment_hook('joint_cmd_logger', 'ament_prefix_path')
[0.549s] INFO:colcon.colcon_core.shell:Creating environment hook '/home/phy_ai/.ihub/daksha/install/joint_cmd_logger/share/joint_cmd_logger/hook/ament_prefix_path.ps1'
[0.549s] INFO:colcon.colcon_core.shell:Creating environment descriptor '/home/phy_ai/.ihub/daksha/install/joint_cmd_logger/share/joint_cmd_logger/hook/ament_prefix_path.dsv'
[0.550s] INFO:colcon.colcon_core.shell:Creating environment hook '/home/phy_ai/.ihub/daksha/install/joint_cmd_logger/share/joint_cmd_logger/hook/ament_prefix_path.sh'
[0.550s] INFO:colcon.colcon_core.shell:Skip shell extension 'powershell' for command environment: Not usable outside of PowerShell
[0.550s] DEBUG:colcon.colcon_core.shell:Skip shell extension 'dsv' for command environment
[0.557s] INFO:colcon.colcon_ros.task.ament_cmake.build:Building ROS package in '/home/phy_ai/.ihub/daksha/src/controllers/posveleff_controllers' with build type 'ament_cmake'
[0.557s] INFO:colcon.colcon_cmake.task.cmake.build:Building CMake package in '/home/phy_ai/.ihub/daksha/src/controllers/posveleff_controllers'
[0.557s] INFO:colcon.colcon_core.shell:Skip shell extension 'powershell' for command environment: Not usable outside of PowerShell
[0.557s] DEBUG:colcon.colcon_core.shell:Skip shell extension 'dsv' for command environment
[0.564s] INFO:colcon.colcon_ros.task.ament_python.build:Building ROS package in '/home/phy_ai/.ihub/daksha/src/tele/ROS-TCP-Endpoint' with build type 'ament_python'
[0.564s] Level 1:colcon.colcon_core.shell:create_environment_hook('ros_tcp_endpoint', 'ament_prefix_path')
[0.564s] INFO:colcon.colcon_core.shell:Creating environment hook '/home/phy_ai/.ihub/daksha/install/ros_tcp_endpoint/share/ros_tcp_endpoint/hook/ament_prefix_path.ps1'
[0.565s] INFO:colcon.colcon_core.shell:Creating environment descriptor '/home/phy_ai/.ihub/daksha/install/ros_tcp_endpoint/share/ros_tcp_endpoint/hook/ament_prefix_path.dsv'
[0.565s] INFO:colcon.colcon_core.shell:Creating environment hook '/home/phy_ai/.ihub/daksha/install/ros_tcp_endpoint/share/ros_tcp_endpoint/hook/ament_prefix_path.sh'
[0.566s] INFO:colcon.colcon_core.shell:Skip shell extension 'powershell' for command environment: Not usable outside of PowerShell
[0.566s] DEBUG:colcon.colcon_core.shell:Skip shell extension 'dsv' for command environment
[0.870s] INFO:colcon.colcon_core.task.python.build:Building Python package in '/home/phy_ai/.ihub/daksha/src/controllers/kinematics'
[0.870s] INFO:colcon.colcon_core.shell:Skip shell extension 'powershell' for command environment: Not usable outside of PowerShell
[0.870s] DEBUG:colcon.colcon_core.shell:Skip shell extension 'dsv' for command environment
[0.880s] DEBUG:colcon.colcon_core.event_handler.log_command:Invoking command in '/home/phy_ai/.ihub/daksha/build/hw_interface': CMAKE_PREFIX_PATH=${CMAKE_PREFIX_PATH}:/home/phy_ai/.ihub/daksha/install/motor_configure:/home/phy_ai/.ihub/daksha/install/world_camera_launch:/home/phy_ai/.ihub/daksha/install/motortest:/home/phy_ai/.ihub/daksha/install/gen2:/home/phy_ai/.ihub/daksha/install/vr_teleop:/home/phy_ai/.ihub/daksha/install/vajara:/home/phy_ai/.ihub/daksha/install/ros_tcp_endpoint:/home/phy_ai/.ihub/daksha/install/kinematics:/home/phy_ai/.ihub/daksha/install/joint_cmd_logger:/home/phy_ai/.ihub/daksha/install/joint_analyzer:/home/phy_ai/.ihub/daksha/install/daksha_data_collection:/home/phy_ai/.ihub/daksha/install/gen2_leader:/home/phy_ai/.ihub/daksha/install/daksha_final_urdf_description:/home/phy_ai/.ihub/daksha/install/daksha_description_full_body:/home/phy_ai/.ihub/daksha/install/daksha_api_bridge_leader:/home/phy_ai/.ihub/daksha/install/daksha_api_bridge_follower:/home/phy_ai/.barani/gen2_full/install/world_camera_launch:/home/phy_ai/.barani/gen2_full/install/gen2:/home/phy_ai/.barani/gen2_full/install/vr_teleop:/home/phy_ai/.barani/gen2_full/install/ros_tcp_endpoint:/home/phy_ai/.barani/gen2_full/install/nav_bringup:/home/phy_ai/.barani/gen2_full/install/nav2_config:/home/phy_ai/.barani/gen2_full/install/kinematics:/home/phy_ai/.barani/gen2_full/install/joint_cmd_logger:/home/phy_ai/.barani/gen2_full/install/joint_analyzer:/home/phy_ai/.barani/gen2_full/install/daksha_data_collection:/home/phy_ai/.barani/gen2_full/install/gen2_leader:/home/phy_ai/.barani/gen2_full/install/amr_bringup:/home/phy_ai/.barani/gen2_full/install/daksha_final_urdf_description:/home/phy_ai/.barani/gen2_full/install/daksha_description_full_body:/home/phy_ai/.barani/gen2_full/install/daksha_base_urdf:/home/phy_ai/.barani/gen2_full/install/daksha_api_bridge_leader:/home/phy_ai/.barani/gen2_full/install/daksha_api_bridge_follower:/opt/ros/humble /usr/bin/cmake --build /home/phy_ai/.ihub/daksha/build/hw_interface -- -j16 -l16
[1.197s] INFO:colcon.colcon_core.task.python.build:Building Python package in '/home/phy_ai/.ihub/daksha/src/daksha_description_full_body'
[1.197s] INFO:colcon.colcon_core.shell:Skip shell extension 'powershell' for command environment: Not usable outside of PowerShell
[1.197s] DEBUG:colcon.colcon_core.shell:Skip shell extension 'dsv' for command environment
[1.216s] DEBUG:colcon.colcon_core.event_handler.log_command:Invoking command in '/home/phy_ai/.ihub/daksha/build/daksha_msgs': CMAKE_PREFIX_PATH=${CMAKE_PREFIX_PATH}:/home/phy_ai/.ihub/daksha/install/motor_configure:/home/phy_ai/.ihub/daksha/install/world_camera_launch:/home/phy_ai/.ihub/daksha/install/motortest:/home/phy_ai/.ihub/daksha/install/gen2:/home/phy_ai/.ihub/daksha/install/vr_teleop:/home/phy_ai/.ihub/daksha/install/vajara:/home/phy_ai/.ihub/daksha/install/ros_tcp_endpoint:/home/phy_ai/.ihub/daksha/install/kinematics:/home/phy_ai/.ihub/daksha/install/joint_cmd_logger:/home/phy_ai/.ihub/daksha/install/joint_analyzer:/home/phy_ai/.ihub/daksha/install/daksha_data_collection:/home/phy_ai/.ihub/daksha/install/gen2_leader:/home/phy_ai/.ihub/daksha/install/daksha_final_urdf_description:/home/phy_ai/.ihub/daksha/install/daksha_description_full_body:/home/phy_ai/.ihub/daksha/install/daksha_api_bridge_leader:/home/phy_ai/.ihub/daksha/install/daksha_api_bridge_follower:/home/phy_ai/.barani/gen2_full/install/world_camera_launch:/home/phy_ai/.barani/gen2_full/install/gen2:/home/phy_ai/.barani/gen2_full/install/vr_teleop:/home/phy_ai/.barani/gen2_full/install/ros_tcp_endpoint:/home/phy_ai/.barani/gen2_full/install/nav_bringup:/home/phy_ai/.barani/gen2_full/install/nav2_config:/home/phy_ai/.barani/gen2_full/install/kinematics:/home/phy_ai/.barani/gen2_full/install/joint_cmd_logger:/home/phy_ai/.barani/gen2_full/install/joint_analyzer:/home/phy_ai/.barani/gen2_full/install/daksha_data_collection:/home/phy_ai/.barani/gen2_full/install/gen2_leader:/home/phy_ai/.barani/gen2_full/install/amr_bringup:/home/phy_ai/.barani/gen2_full/install/daksha_final_urdf_description:/home/phy_ai/.barani/gen2_full/install/daksha_description_full_body:/home/phy_ai/.barani/gen2_full/install/daksha_base_urdf:/home/phy_ai/.barani/gen2_full/install/daksha_api_bridge_leader:/home/phy_ai/.barani/gen2_full/install/daksha_api_bridge_follower:/opt/ros/humble /usr/bin/cmake --build /home/phy_ai/.ihub/daksha/build/daksha_msgs -- -j16 -l16
[1.219s] DEBUG:colcon.colcon_core.event_handler.log_command:Invoking command in '/home/phy_ai/.ihub/daksha/build/automation': CMAKE_PREFIX_PATH=${CMAKE_PREFIX_PATH}:/home/phy_ai/.ihub/daksha/install/motor_configure:/home/phy_ai/.ihub/daksha/install/world_camera_launch:/home/phy_ai/.ihub/daksha/install/motortest:/home/phy_ai/.ihub/daksha/install/gen2:/home/phy_ai/.ihub/daksha/install/vr_teleop:/home/phy_ai/.ihub/daksha/install/vajara:/home/phy_ai/.ihub/daksha/install/ros_tcp_endpoint:/home/phy_ai/.ihub/daksha/install/kinematics:/home/phy_ai/.ihub/daksha/install/joint_cmd_logger:/home/phy_ai/.ihub/daksha/install/joint_analyzer:/home/phy_ai/.ihub/daksha/install/daksha_data_collection:/home/phy_ai/.ihub/daksha/install/gen2_leader:/home/phy_ai/.ihub/daksha/install/daksha_final_urdf_description:/home/phy_ai/.ihub/daksha/install/daksha_description_full_body:/home/phy_ai/.ihub/daksha/install/daksha_api_bridge_leader:/home/phy_ai/.ihub/daksha/install/daksha_api_bridge_follower:/home/phy_ai/.barani/gen2_full/install/world_camera_launch:/home/phy_ai/.barani/gen2_full/install/gen2:/home/phy_ai/.barani/gen2_full/install/vr_teleop:/home/phy_ai/.barani/gen2_full/install/ros_tcp_endpoint:/home/phy_ai/.barani/gen2_full/install/nav_bringup:/home/phy_ai/.barani/gen2_full/install/nav2_config:/home/phy_ai/.barani/gen2_full/install/kinematics:/home/phy_ai/.barani/gen2_full/install/joint_cmd_logger:/home/phy_ai/.barani/gen2_full/install/joint_analyzer:/home/phy_ai/.barani/gen2_full/install/daksha_data_collection:/home/phy_ai/.barani/gen2_full/install/gen2_leader:/home/phy_ai/.barani/gen2_full/install/amr_bringup:/home/phy_ai/.barani/gen2_full/install/daksha_final_urdf_description:/home/phy_ai/.barani/gen2_full/install/daksha_description_full_body:/home/phy_ai/.barani/gen2_full/install/daksha_base_urdf:/home/phy_ai/.barani/gen2_full/install/daksha_api_bridge_leader:/home/phy_ai/.barani/gen2_full/install/daksha_api_bridge_follower:/opt/ros/humble /usr/bin/cmake --build /home/phy_ai/.ihub/daksha/build/automation -- -j16 -l16
[1.560s] INFO:colcon.colcon_core.task.python.build:Building Python package in '/home/phy_ai/.ihub/daksha/src/global/daksha_api_bridge_follower'
[1.561s] INFO:colcon.colcon_core.shell:Skip shell extension 'powershell' for command environment: Not usable outside of PowerShell
[1.561s] DEBUG:colcon.colcon_core.shell:Skip shell extension 'dsv' for command environment
[1.867s] INFO:colcon.colcon_core.task.python.build:Building Python package in '/home/phy_ai/.ihub/daksha/src/global/daksha_api_bridge_leader'
[1.867s] INFO:colcon.colcon_core.shell:Skip shell extension 'powershell' for command environment: Not usable outside of PowerShell
[1.867s] DEBUG:colcon.colcon_core.shell:Skip shell extension 'dsv' for command environment
[2.177s] INFO:colcon.colcon_core.task.python.build:Building Python package in '/home/phy_ai/.ihub/daksha/src/ui/Clients_UI/daksha_final_urdf_description'
[2.178s] INFO:colcon.colcon_core.shell:Skip shell extension 'powershell' for command environment: Not usable outside of PowerShell
[2.178s] DEBUG:colcon.colcon_core.shell:Skip shell extension 'dsv' for command environment
[2.202s] DEBUG:colcon.colcon_core.event_handler.log_command:Invoking command in '/home/phy_ai/.ihub/daksha/build/daksha_ui': CMAKE_PREFIX_PATH=${CMAKE_PREFIX_PATH}:/home/phy_ai/.ihub/daksha/install/motor_configure:/home/phy_ai/.ihub/daksha/install/world_camera_launch:/home/phy_ai/.ihub/daksha/install/motortest:/home/phy_ai/.ihub/daksha/install/gen2:/home/phy_ai/.ihub/daksha/install/vr_teleop:/home/phy_ai/.ihub/daksha/install/vajara:/home/phy_ai/.ihub/daksha/install/ros_tcp_endpoint:/home/phy_ai/.ihub/daksha/install/kinematics:/home/phy_ai/.ihub/daksha/install/joint_cmd_logger:/home/phy_ai/.ihub/daksha/install/joint_analyzer:/home/phy_ai/.ihub/daksha/install/daksha_data_collection:/home/phy_ai/.ihub/daksha/install/gen2_leader:/home/phy_ai/.ihub/daksha/install/daksha_final_urdf_description:/home/phy_ai/.ihub/daksha/install/daksha_description_full_body:/home/phy_ai/.ihub/daksha/install/daksha_api_bridge_leader:/home/phy_ai/.ihub/daksha/install/daksha_api_bridge_follower:/home/phy_ai/.barani/gen2_full/install/world_camera_launch:/home/phy_ai/.barani/gen2_full/install/gen2:/home/phy_ai/.barani/gen2_full/install/vr_teleop:/home/phy_ai/.barani/gen2_full/install/ros_tcp_endpoint:/home/phy_ai/.barani/gen2_full/install/nav_bringup:/home/phy_ai/.barani/gen2_full/install/nav2_config:/home/phy_ai/.barani/gen2_full/install/kinematics:/home/phy_ai/.barani/gen2_full/install/joint_cmd_logger:/home/phy_ai/.barani/gen2_full/install/joint_analyzer:/home/phy_ai/.barani/gen2_full/install/daksha_data_collection:/home/phy_ai/.barani/gen2_full/install/gen2_leader:/home/phy_ai/.barani/gen2_full/install/amr_bringup:/home/phy_ai/.barani/gen2_full/install/daksha_final_urdf_description:/home/phy_ai/.barani/gen2_full/install/daksha_description_full_body:/home/phy_ai/.barani/gen2_full/install/daksha_base_urdf:/home/phy_ai/.barani/gen2_full/install/daksha_api_bridge_leader:/home/phy_ai/.barani/gen2_full/install/daksha_api_bridge_follower:/opt/ros/humble /usr/bin/cmake --build /home/phy_ai/.ihub/daksha/build/daksha_ui -- -j16 -l16
[2.210s] DEBUG:colcon.colcon_core.event_handler.log_command:Invoking command in '/home/phy_ai/.ihub/daksha/build/dynamics': CMAKE_PREFIX_PATH=${CMAKE_PREFIX_PATH}:/home/phy_ai/.ihub/daksha/install/motor_configure:/home/phy_ai/.ihub/daksha/install/world_camera_launch:/home/phy_ai/.ihub/daksha/install/motortest:/home/phy_ai/.ihub/daksha/install/gen2:/home/phy_ai/.ihub/daksha/install/vr_teleop:/home/phy_ai/.ihub/daksha/install/vajara:/home/phy_ai/.ihub/daksha/install/ros_tcp_endpoint:/home/phy_ai/.ihub/daksha/install/kinematics:/home/phy_ai/.ihub/daksha/install/joint_cmd_logger:/home/phy_ai/.ihub/daksha/install/joint_analyzer:/home/phy_ai/.ihub/daksha/install/daksha_data_collection:/home/phy_ai/.ihub/daksha/install/gen2_leader:/home/phy_ai/.ihub/daksha/install/daksha_final_urdf_description:/home/phy_ai/.ihub/daksha/install/daksha_description_full_body:/home/phy_ai/.ihub/daksha/install/daksha_api_bridge_leader:/home/phy_ai/.ihub/daksha/install/daksha_api_bridge_follower:/home/phy_ai/.barani/gen2_full/install/world_camera_launch:/home/phy_ai/.barani/gen2_full/install/gen2:/home/phy_ai/.barani/gen2_full/install/vr_teleop:/home/phy_ai/.barani/gen2_full/install/ros_tcp_endpoint:/home/phy_ai/.barani/gen2_full/install/nav_bringup:/home/phy_ai/.barani/gen2_full/install/nav2_config:/home/phy_ai/.barani/gen2_full/install/kinematics:/home/phy_ai/.barani/gen2_full/install/joint_cmd_logger:/home/phy_ai/.barani/gen2_full/install/joint_analyzer:/home/phy_ai/.barani/gen2_full/install/daksha_data_collection:/home/phy_ai/.barani/gen2_full/install/gen2_leader:/home/phy_ai/.barani/gen2_full/install/amr_bringup:/home/phy_ai/.barani/gen2_full/install/daksha_final_urdf_description:/home/phy_ai/.barani/gen2_full/install/daksha_description_full_body:/home/phy_ai/.barani/gen2_full/install/daksha_base_urdf:/home/phy_ai/.barani/gen2_full/install/daksha_api_bridge_leader:/home/phy_ai/.barani/gen2_full/install/daksha_api_bridge_follower:/opt/ros/humble /usr/bin/cmake --build /home/phy_ai/.ihub/daksha/build/dynamics -- -j16 -l16
[2.509s] INFO:colcon.colcon_core.task.python.build:Building Python package in '/home/phy_ai/.ihub/daksha/src/tele/gen2_leader'
[2.509s] INFO:colcon.colcon_core.shell:Skip shell extension 'powershell' for command environment: Not usable outside of PowerShell
[2.510s] DEBUG:colcon.colcon_core.shell:Skip shell extension 'dsv' for command environment
[2.535s] DEBUG:colcon.colcon_core.event_handler.log_command:Invoking command in '/home/phy_ai/.ihub/daksha/build/gesture_management': CMAKE_PREFIX_PATH=${CMAKE_PREFIX_PATH}:/home/phy_ai/.ihub/daksha/install/motor_configure:/home/phy_ai/.ihub/daksha/install/world_camera_launch:/home/phy_ai/.ihub/daksha/install/motortest:/home/phy_ai/.ihub/daksha/install/gen2:/home/phy_ai/.ihub/daksha/install/vr_teleop:/home/phy_ai/.ihub/daksha/install/vajara:/home/phy_ai/.ihub/daksha/install/ros_tcp_endpoint:/home/phy_ai/.ihub/daksha/install/kinematics:/home/phy_ai/.ihub/daksha/install/joint_cmd_logger:/home/phy_ai/.ihub/daksha/install/joint_analyzer:/home/phy_ai/.ihub/daksha/install/daksha_data_collection:/home/phy_ai/.ihub/daksha/install/gen2_leader:/home/phy_ai/.ihub/daksha/install/daksha_final_urdf_description:/home/phy_ai/.ihub/daksha/install/daksha_description_full_body:/home/phy_ai/.ihub/daksha/install/daksha_api_bridge_leader:/home/phy_ai/.ihub/daksha/install/daksha_api_bridge_follower:/home/phy_ai/.barani/gen2_full/install/world_camera_launch:/home/phy_ai/.barani/gen2_full/install/gen2:/home/phy_ai/.barani/gen2_full/install/vr_teleop:/home/phy_ai/.barani/gen2_full/install/ros_tcp_endpoint:/home/phy_ai/.barani/gen2_full/install/nav_bringup:/home/phy_ai/.barani/gen2_full/install/nav2_config:/home/phy_ai/.barani/gen2_full/install/kinematics:/home/phy_ai/.barani/gen2_full/install/joint_cmd_logger:/home/phy_ai/.barani/gen2_full/install/joint_analyzer:/home/phy_ai/.barani/gen2_full/install/daksha_data_collection:/home/phy_ai/.barani/gen2_full/install/gen2_leader:/home/phy_ai/.barani/gen2_full/install/amr_bringup:/home/phy_ai/.barani/gen2_full/install/daksha_final_urdf_description:/home/phy_ai/.barani/gen2_full/install/daksha_description_full_body:/home/phy_ai/.barani/gen2_full/install/daksha_base_urdf:/home/phy_ai/.barani/gen2_full/install/daksha_api_bridge_leader:/home/phy_ai/.barani/gen2_full/install/daksha_api_bridge_follower:/opt/ros/humble /usr/bin/cmake --build /home/phy_ai/.ihub/daksha/build/gesture_management -- -j16 -l16
[2.861s] INFO:colcon.colcon_core.task.python.build:Building Python package in '/home/phy_ai/.ihub/daksha/src/ui/analyzer'
[2.862s] INFO:colcon.colcon_core.shell:Skip shell extension 'powershell' for command environment: Not usable outside of PowerShell
[2.862s] DEBUG:colcon.colcon_core.shell:Skip shell extension 'dsv' for command environment
[3.175s] INFO:colcon.colcon_core.task.python.build:Building Python package in '/home/phy_ai/.ihub/daksha/src/joint_cmd_logger'
[3.176s] INFO:colcon.colcon_core.shell:Skip shell extension 'powershell' for command environment: Not usable outside of PowerShell
[3.176s] DEBUG:colcon.colcon_core.shell:Skip shell extension 'dsv' for command environment
[3.203s] DEBUG:colcon.colcon_core.event_handler.log_command:Invoking command in '/home/phy_ai/.ihub/daksha/build/posveleff_controllers': CMAKE_PREFIX_PATH=${CMAKE_PREFIX_PATH}:/home/phy_ai/.ihub/daksha/install/motor_configure:/home/phy_ai/.ihub/daksha/install/world_camera_launch:/home/phy_ai/.ihub/daksha/install/motortest:/home/phy_ai/.ihub/daksha/install/gen2:/home/phy_ai/.ihub/daksha/install/vr_teleop:/home/phy_ai/.ihub/daksha/install/vajara:/home/phy_ai/.ihub/daksha/install/ros_tcp_endpoint:/home/phy_ai/.ihub/daksha/install/kinematics:/home/phy_ai/.ihub/daksha/install/joint_cmd_logger:/home/phy_ai/.ihub/daksha/install/joint_analyzer:/home/phy_ai/.ihub/daksha/install/daksha_data_collection:/home/phy_ai/.ihub/daksha/install/gen2_leader:/home/phy_ai/.ihub/daksha/install/daksha_final_urdf_description:/home/phy_ai/.ihub/daksha/install/daksha_description_full_body:/home/phy_ai/.ihub/daksha/install/daksha_api_bridge_leader:/home/phy_ai/.ihub/daksha/install/daksha_api_bridge_follower:/home/phy_ai/.barani/gen2_full/install/world_camera_launch:/home/phy_ai/.barani/gen2_full/install/gen2:/home/phy_ai/.barani/gen2_full/install/vr_teleop:/home/phy_ai/.barani/gen2_full/install/ros_tcp_endpoint:/home/phy_ai/.barani/gen2_full/install/nav_bringup:/home/phy_ai/.barani/gen2_full/install/nav2_config:/home/phy_ai/.barani/gen2_full/install/kinematics:/home/phy_ai/.barani/gen2_full/install/joint_cmd_logger:/home/phy_ai/.barani/gen2_full/install/joint_analyzer:/home/phy_ai/.barani/gen2_full/install/daksha_data_collection:/home/phy_ai/.barani/gen2_full/install/gen2_leader:/home/phy_ai/.barani/gen2_full/install/amr_bringup:/home/phy_ai/.barani/gen2_full/install/daksha_final_urdf_description:/home/phy_ai/.barani/gen2_full/install/daksha_description_full_body:/home/phy_ai/.barani/gen2_full/install/daksha_base_urdf:/home/phy_ai/.barani/gen2_full/install/daksha_api_bridge_leader:/home/phy_ai/.barani/gen2_full/install/daksha_api_bridge_follower:/opt/ros/humble /usr/bin/cmake --build /home/phy_ai/.ihub/daksha/build/posveleff_controllers -- -j16 -l16
[3.221s] DEBUG:colcon.colcon_core.event_handler.log_command:Invoked command in '/home/phy_ai/.ihub/daksha/build/hw_interface' returned '0': CMAKE_PREFIX_PATH=${CMAKE_PREFIX_PATH}:/home/phy_ai/.ihub/daksha/install/motor_configure:/home/phy_ai/.ihub/daksha/install/world_camera_launch:/home/phy_ai/.ihub/daksha/install/motortest:/home/phy_ai/.ihub/daksha/install/gen2:/home/phy_ai/.ihub/daksha/install/vr_teleop:/home/phy_ai/.ihub/daksha/install/vajara:/home/phy_ai/.ihub/daksha/install/ros_tcp_endpoint:/home/phy_ai/.ihub/daksha/install/kinematics:/home/phy_ai/.ihub/daksha/install/joint_cmd_logger:/home/phy_ai/.ihub/daksha/install/joint_analyzer:/home/phy_ai/.ihub/daksha/install/daksha_data_collection:/home/phy_ai/.ihub/daksha/install/gen2_leader:/home/phy_ai/.ihub/daksha/install/daksha_final_urdf_description:/home/phy_ai/.ihub/daksha/install/daksha_description_full_body:/home/phy_ai/.ihub/daksha/install/daksha_api_bridge_leader:/home/phy_ai/.ihub/daksha/install/daksha_api_bridge_follower:/home/phy_ai/.barani/gen2_full/install/world_camera_launch:/home/phy_ai/.barani/gen2_full/install/gen2:/home/phy_ai/.barani/gen2_full/install/vr_teleop:/home/phy_ai/.barani/gen2_full/install/ros_tcp_endpoint:/home/phy_ai/.barani/gen2_full/install/nav_bringup:/home/phy_ai/.barani/gen2_full/install/nav2_config:/home/phy_ai/.barani/gen2_full/install/kinematics:/home/phy_ai/.barani/gen2_full/install/joint_cmd_logger:/home/phy_ai/.barani/gen2_full/install/joint_analyzer:/home/phy_ai/.barani/gen2_full/install/daksha_data_collection:/home/phy_ai/.barani/gen2_full/install/gen2_leader:/home/phy_ai/.barani/gen2_full/install/amr_bringup:/home/phy_ai/.barani/gen2_full/install/daksha_final_urdf_description:/home/phy_ai/.barani/gen2_full/install/daksha_description_full_body:/home/phy_ai/.barani/gen2_full/install/daksha_base_urdf:/home/phy_ai/.barani/gen2_full/install/daksha_api_bridge_leader:/home/phy_ai/.barani/gen2_full/install/daksha_api_bridge_follower:/opt/ros/humble /usr/bin/cmake --build /home/phy_ai/.ihub/daksha/build/hw_interface -- -j16 -l16
[3.242s] DEBUG:colcon.colcon_core.event_handler.log_command:Invoking command in '/home/phy_ai/.ihub/daksha/build/hw_interface': CMAKE_PREFIX_PATH=${CMAKE_PREFIX_PATH}:/home/phy_ai/.ihub/daksha/install/motor_configure:/home/phy_ai/.ihub/daksha/install/world_camera_launch:/home/phy_ai/.ihub/daksha/install/motortest:/home/phy_ai/.ihub/daksha/install/gen2:/home/phy_ai/.ihub/daksha/install/vr_teleop:/home/phy_ai/.ihub/daksha/install/vajara:/home/phy_ai/.ihub/daksha/install/ros_tcp_endpoint:/home/phy_ai/.ihub/daksha/install/kinematics:/home/phy_ai/.ihub/daksha/install/joint_cmd_logger:/home/phy_ai/.ihub/daksha/install/joint_analyzer:/home/phy_ai/.ihub/daksha/install/daksha_data_collection:/home/phy_ai/.ihub/daksha/install/gen2_leader:/home/phy_ai/.ihub/daksha/install/daksha_final_urdf_description:/home/phy_ai/.ihub/daksha/install/daksha_description_full_body:/home/phy_ai/.ihub/daksha/install/daksha_api_bridge_leader:/home/phy_ai/.ihub/daksha/install/daksha_api_bridge_follower:/home/phy_ai/.barani/gen2_full/install/world_camera_launch:/home/phy_ai/.barani/gen2_full/install/gen2:/home/phy_ai/.barani/gen2_full/install/vr_teleop:/home/phy_ai/.barani/gen2_full/install/ros_tcp_endpoint:/home/phy_ai/.barani/gen2_full/install/nav_bringup:/home/phy_ai/.barani/gen2_full/install/nav2_config:/home/phy_ai/.barani/gen2_full/install/kinematics:/home/phy_ai/.barani/gen2_full/install/joint_cmd_logger:/home/phy_ai/.barani/gen2_full/install/joint_analyzer:/home/phy_ai/.barani/gen2_full/install/daksha_data_collection:/home/phy_ai/.barani/gen2_full/install/gen2_leader:/home/phy_ai/.barani/gen2_full/install/amr_bringup:/home/phy_ai/.barani/gen2_full/install/daksha_final_urdf_description:/home/phy_ai/.barani/gen2_full/install/daksha_description_full_body:/home/phy_ai/.barani/gen2_full/install/daksha_base_urdf:/home/phy_ai/.barani/gen2_full/install/daksha_api_bridge_leader:/home/phy_ai/.barani/gen2_full/install/daksha_api_bridge_follower:/opt/ros/humble /usr/bin/cmake --install /home/phy_ai/.ihub/daksha/build/hw_interface
[3.242s] DEBUG:colcon.colcon_core.event_handler.log_command:Invoked command in '/home/phy_ai/.ihub/daksha/build/daksha_msgs' returned '0': CMAKE_PREFIX_PATH=${CMAKE_PREFIX_PATH}:/home/phy_ai/.ihub/daksha/install/motor_configure:/home/phy_ai/.ihub/daksha/install/world_camera_launch:/home/phy_ai/.ihub/daksha/install/motortest:/home/phy_ai/.ihub/daksha/install/gen2:/home/phy_ai/.ihub/daksha/install/vr_teleop:/home/phy_ai/.ihub/daksha/install/vajara:/home/phy_ai/.ihub/daksha/install/ros_tcp_endpoint:/home/phy_ai/.ihub/daksha/install/kinematics:/home/phy_ai/.ihub/daksha/install/joint_cmd_logger:/home/phy_ai/.ihub/daksha/install/joint_analyzer:/home/phy_ai/.ihub/daksha/install/daksha_data_collection:/home/phy_ai/.ihub/daksha/install/gen2_leader:/home/phy_ai/.ihub/daksha/install/daksha_final_urdf_description:/home/phy_ai/.ihub/daksha/install/daksha_description_full_body:/home/phy_ai/.ihub/daksha/install/daksha_api_bridge_leader:/home/phy_ai/.ihub/daksha/install/daksha_api_bridge_follower:/home/phy_ai/.barani/gen2_full/install/world_camera_launch:/home/phy_ai/.barani/gen2_full/install/gen2:/home/phy_ai/.barani/gen2_full/install/vr_teleop:/home/phy_ai/.barani/gen2_full/install/ros_tcp_endpoint:/home/phy_ai/.barani/gen2_full/install/nav_bringup:/home/phy_ai/.barani/gen2_full/install/nav2_config:/home/phy_ai/.barani/gen2_full/install/kinematics:/home/phy_ai/.barani/gen2_full/install/joint_cmd_logger:/home/phy_ai/.barani/gen2_full/install/joint_analyzer:/home/phy_ai/.barani/gen2_full/install/daksha_data_collection:/home/phy_ai/.barani/gen2_full/install/gen2_leader:/home/phy_ai/.barani/gen2_full/install/amr_bringup:/home/phy_ai/.barani/gen2_full/install/daksha_final_urdf_description:/home/phy_ai/.barani/gen2_full/install/daksha_description_full_body:/home/phy_ai/.barani/gen2_full/install/daksha_base_urdf:/home/phy_ai/.barani/gen2_full/install/daksha_api_bridge_leader:/home/phy_ai/.barani/gen2_full/install/daksha_api_bridge_follower:/opt/ros/humble /usr/bin/cmake --build /home/phy_ai/.ihub/daksha/build/daksha_msgs -- -j16 -l16
[3.244s] DEBUG:colcon.colcon_core.event_handler.log_command:Invoking command in '/home/phy_ai/.ihub/daksha/build/daksha_msgs': CMAKE_PREFIX_PATH=${CMAKE_PREFIX_PATH}:/home/phy_ai/.ihub/daksha/install/motor_configure:/home/phy_ai/.ihub/daksha/install/world_camera_launch:/home/phy_ai/.ihub/daksha/install/motortest:/home/phy_ai/.ihub/daksha/install/gen2:/home/phy_ai/.ihub/daksha/install/vr_teleop:/home/phy_ai/.ihub/daksha/install/vajara:/home/phy_ai/.ihub/daksha/install/ros_tcp_endpoint:/home/phy_ai/.ihub/daksha/install/kinematics:/home/phy_ai/.ihub/daksha/install/joint_cmd_logger:/home/phy_ai/.ihub/daksha/install/joint_analyzer:/home/phy_ai/.ihub/daksha/install/daksha_data_collection:/home/phy_ai/.ihub/daksha/install/gen2_leader:/home/phy_ai/.ihub/daksha/install/daksha_final_urdf_description:/home/phy_ai/.ihub/daksha/install/daksha_description_full_body:/home/phy_ai/.ihub/daksha/install/daksha_api_bridge_leader:/home/phy_ai/.ihub/daksha/install/daksha_api_bridge_follower:/home/phy_ai/.barani/gen2_full/install/world_camera_launch:/home/phy_ai/.barani/gen2_full/install/gen2:/home/phy_ai/.barani/gen2_full/install/vr_teleop:/home/phy_ai/.barani/gen2_full/install/ros_tcp_endpoint:/home/phy_ai/.barani/gen2_full/install/nav_bringup:/home/phy_ai/.barani/gen2_full/install/nav2_config:/home/phy_ai/.barani/gen2_full/install/kinematics:/home/phy_ai/.barani/gen2_full/install/joint_cmd_logger:/home/phy_ai/.barani/gen2_full/install/joint_analyzer:/home/phy_ai/.barani/gen2_full/install/daksha_data_collection:/home/phy_ai/.barani/gen2_full/install/gen2_leader:/home/phy_ai/.barani/gen2_full/install/amr_bringup:/home/phy_ai/.barani/gen2_full/install/daksha_final_urdf_description:/home/phy_ai/.barani/gen2_full/install/daksha_description_full_body:/home/phy_ai/.barani/gen2_full/install/daksha_base_urdf:/home/phy_ai/.barani/gen2_full/install/daksha_api_bridge_leader:/home/phy_ai/.barani/gen2_full/install/daksha_api_bridge_follower:/opt/ros/humble /usr/bin/cmake --install /home/phy_ai/.ihub/daksha/build/daksha_msgs
[3.244s] DEBUG:colcon.colcon_core.event_handler.log_command:Invoked command in '/home/phy_ai/.ihub/daksha/build/automation' returned '0': CMAKE_PREFIX_PATH=${CMAKE_PREFIX_PATH}:/home/phy_ai/.ihub/daksha/install/motor_configure:/home/phy_ai/.ihub/daksha/install/world_camera_launch:/home/phy_ai/.ihub/daksha/install/motortest:/home/phy_ai/.ihub/daksha/install/gen2:/home/phy_ai/.ihub/daksha/install/vr_teleop:/home/phy_ai/.ihub/daksha/install/vajara:/home/phy_ai/.ihub/daksha/install/ros_tcp_endpoint:/home/phy_ai/.ihub/daksha/install/kinematics:/home/phy_ai/.ihub/daksha/install/joint_cmd_logger:/home/phy_ai/.ihub/daksha/install/joint_analyzer:/home/phy_ai/.ihub/daksha/install/daksha_data_collection:/home/phy_ai/.ihub/daksha/install/gen2_leader:/home/phy_ai/.ihub/daksha/install/daksha_final_urdf_description:/home/phy_ai/.ihub/daksha/install/daksha_description_full_body:/home/phy_ai/.ihub/daksha/install/daksha_api_bridge_leader:/home/phy_ai/.ihub/daksha/install/daksha_api_bridge_follower:/home/phy_ai/.barani/gen2_full/install/world_camera_launch:/home/phy_ai/.barani/gen2_full/install/gen2:/home/phy_ai/.barani/gen2_full/install/vr_teleop:/home/phy_ai/.barani/gen2_full/install/ros_tcp_endpoint:/home/phy_ai/.barani/gen2_full/install/nav_bringup:/home/phy_ai/.barani/gen2_full/install/nav2_config:/home/phy_ai/.barani/gen2_full/install/kinematics:/home/phy_ai/.barani/gen2_full/install/joint_cmd_logger:/home/phy_ai/.barani/gen2_full/install/joint_analyzer:/home/phy_ai/.barani/gen2_full/install/daksha_data_collection:/home/phy_ai/.barani/gen2_full/install/gen2_leader:/home/phy_ai/.barani/gen2_full/install/amr_bringup:/home/phy_ai/.barani/gen2_full/install/daksha_final_urdf_description:/home/phy_ai/.barani/gen2_full/install/daksha_description_full_body:/home/phy_ai/.barani/gen2_full/install/daksha_base_urdf:/home/phy_ai/.barani/gen2_full/install/daksha_api_bridge_leader:/home/phy_ai/.barani/gen2_full/install/daksha_api_bridge_follower:/opt/ros/humble /usr/bin/cmake --build /home/phy_ai/.ihub/daksha/build/automation -- -j16 -l16
[3.246s] DEBUG:colcon.colcon_core.event_handler.log_command:Invoking command in '/home/phy_ai/.ihub/daksha/build/automation': CMAKE_PREFIX_PATH=${CMAKE_PREFIX_PATH}:/home/phy_ai/.ihub/daksha/install/motor_configure:/home/phy_ai/.ihub/daksha/install/world_camera_launch:/home/phy_ai/.ihub/daksha/install/motortest:/home/phy_ai/.ihub/daksha/install/gen2:/home/phy_ai/.ihub/daksha/install/vr_teleop:/home/phy_ai/.ihub/daksha/install/vajara:/home/phy_ai/.ihub/daksha/install/ros_tcp_endpoint:/home/phy_ai/.ihub/daksha/install/kinematics:/home/phy_ai/.ihub/daksha/install/joint_cmd_logger:/home/phy_ai/.ihub/daksha/install/joint_analyzer:/home/phy_ai/.ihub/daksha/install/daksha_data_collection:/home/phy_ai/.ihub/daksha/install/gen2_leader:/home/phy_ai/.ihub/daksha/install/daksha_final_urdf_description:/home/phy_ai/.ihub/daksha/install/daksha_description_full_body:/home/phy_ai/.ihub/daksha/install/daksha_api_bridge_leader:/home/phy_ai/.ihub/daksha/install/daksha_api_bridge_follower:/home/phy_ai/.barani/gen2_full/install/world_camera_launch:/home/phy_ai/.barani/gen2_full/install/gen2:/home/phy_ai/.barani/gen2_full/install/vr_teleop:/home/phy_ai/.barani/gen2_full/install/ros_tcp_endpoint:/home/phy_ai/.barani/gen2_full/install/nav_bringup:/home/phy_ai/.barani/gen2_full/install/nav2_config:/home/phy_ai/.barani/gen2_full/install/kinematics:/home/phy_ai/.barani/gen2_full/install/joint_cmd_logger:/home/phy_ai/.barani/gen2_full/install/joint_analyzer:/home/phy_ai/.barani/gen2_full/install/daksha_data_collection:/home/phy_ai/.barani/gen2_full/install/gen2_leader:/home/phy_ai/.barani/gen2_full/install/amr_bringup:/home/phy_ai/.barani/gen2_full/install/daksha_final_urdf_description:/home/phy_ai/.barani/gen2_full/install/daksha_description_full_body:/home/phy_ai/.barani/gen2_full/install/daksha_base_urdf:/home/phy_ai/.barani/gen2_full/install/daksha_api_bridge_leader:/home/phy_ai/.barani/gen2_full/install/daksha_api_bridge_follower:/opt/ros/humble /usr/bin/cmake --install /home/phy_ai/.ihub/daksha/build/automation
[3.246s] DEBUG:colcon.colcon_core.event_handler.log_command:Invoked command in '/home/phy_ai/.ihub/daksha/build/gesture_management' returned '0': CMAKE_PREFIX_PATH=${CMAKE_PREFIX_PATH}:/home/phy_ai/.ihub/daksha/install/motor_configure:/home/phy_ai/.ihub/daksha/install/world_camera_launch:/home/phy_ai/.ihub/daksha/install/motortest:/home/phy_ai/.ihub/daksha/install/gen2:/home/phy_ai/.ihub/daksha/install/vr_teleop:/home/phy_ai/.ihub/daksha/install/vajara:/home/phy_ai/.ihub/daksha/install/ros_tcp_endpoint:/home/phy_ai/.ihub/daksha/install/kinematics:/home/phy_ai/.ihub/daksha/install/joint_cmd_logger:/home/phy_ai/.ihub/daksha/install/joint_analyzer:/home/phy_ai/.ihub/daksha/install/daksha_data_collection:/home/phy_ai/.ihub/daksha/install/gen2_leader:/home/phy_ai/.ihub/daksha/install/daksha_final_urdf_description:/home/phy_ai/.ihub/daksha/install/daksha_description_full_body:/home/phy_ai/.ihub/daksha/install/daksha_api_bridge_leader:/home/phy_ai/.ihub/daksha/install/daksha_api_bridge_follower:/home/phy_ai/.barani/gen2_full/install/world_camera_launch:/home/phy_ai/.barani/gen2_full/install/gen2:/home/phy_ai/.barani/gen2_full/install/vr_teleop:/home/phy_ai/.barani/gen2_full/install/ros_tcp_endpoint:/home/phy_ai/.barani/gen2_full/install/nav_bringup:/home/phy_ai/.barani/gen2_full/install/nav2_config:/home/phy_ai/.barani/gen2_full/install/kinematics:/home/phy_ai/.barani/gen2_full/install/joint_cmd_logger:/home/phy_ai/.barani/gen2_full/install/joint_analyzer:/home/phy_ai/.barani/gen2_full/install/daksha_data_collection:/home/phy_ai/.barani/gen2_full/install/gen2_leader:/home/phy_ai/.barani/gen2_full/install/amr_bringup:/home/phy_ai/.barani/gen2_full/install/daksha_final_urdf_description:/home/phy_ai/.barani/gen2_full/install/daksha_description_full_body:/home/phy_ai/.barani/gen2_full/install/daksha_base_urdf:/home/phy_ai/.barani/gen2_full/install/daksha_api_bridge_leader:/home/phy_ai/.barani/gen2_full/install/daksha_api_bridge_follower:/opt/ros/humble /usr/bin/cmake --build /home/phy_ai/.ihub/daksha/build/gesture_management -- -j16 -l16
[3.247s] DEBUG:colcon.colcon_core.event_handler.log_command:Invoking command in '/home/phy_ai/.ihub/daksha/build/gesture_management': CMAKE_PREFIX_PATH=${CMAKE_PREFIX_PATH}:/home/phy_ai/.ihub/daksha/install/motor_configure:/home/phy_ai/.ihub/daksha/install/world_camera_launch:/home/phy_ai/.ihub/daksha/install/motortest:/home/phy_ai/.ihub/daksha/install/gen2:/home/phy_ai/.ihub/daksha/install/vr_teleop:/home/phy_ai/.ihub/daksha/install/vajara:/home/phy_ai/.ihub/daksha/install/ros_tcp_endpoint:/home/phy_ai/.ihub/daksha/install/kinematics:/home/phy_ai/.ihub/daksha/install/joint_cmd_logger:/home/phy_ai/.ihub/daksha/install/joint_analyzer:/home/phy_ai/.ihub/daksha/install/daksha_data_collection:/home/phy_ai/.ihub/daksha/install/gen2_leader:/home/phy_ai/.ihub/daksha/install/daksha_final_urdf_description:/home/phy_ai/.ihub/daksha/install/daksha_description_full_body:/home/phy_ai/.ihub/daksha/install/daksha_api_bridge_leader:/home/phy_ai/.ihub/daksha/install/daksha_api_bridge_follower:/home/phy_ai/.barani/gen2_full/install/world_camera_launch:/home/phy_ai/.barani/gen2_full/install/gen2:/home/phy_ai/.barani/gen2_full/install/vr_teleop:/home/phy_ai/.barani/gen2_full/install/ros_tcp_endpoint:/home/phy_ai/.barani/gen2_full/install/nav_bringup:/home/phy_ai/.barani/gen2_full/install/nav2_config:/home/phy_ai/.barani/gen2_full/install/kinematics:/home/phy_ai/.barani/gen2_full/install/joint_cmd_logger:/home/phy_ai/.barani/gen2_full/install/joint_analyzer:/home/phy_ai/.barani/gen2_full/install/daksha_data_collection:/home/phy_ai/.barani/gen2_full/install/gen2_leader:/home/phy_ai/.barani/gen2_full/install/amr_bringup:/home/phy_ai/.barani/gen2_full/install/daksha_final_urdf_description:/home/phy_ai/.barani/gen2_full/install/daksha_description_full_body:/home/phy_ai/.barani/gen2_full/install/daksha_base_urdf:/home/phy_ai/.barani/gen2_full/install/daksha_api_bridge_leader:/home/phy_ai/.barani/gen2_full/install/daksha_api_bridge_follower:/opt/ros/humble /usr/bin/cmake --install /home/phy_ai/.ihub/daksha/build/gesture_management
[3.249s] DEBUG:colcon.colcon_core.event_handler.log_command:Invoked command in '/home/phy_ai/.ihub/daksha/build/dynamics' returned '0': CMAKE_PREFIX_PATH=${CMAKE_PREFIX_PATH}:/home/phy_ai/.ihub/daksha/install/motor_configure:/home/phy_ai/.ihub/daksha/install/world_camera_launch:/home/phy_ai/.ihub/daksha/install/motortest:/home/phy_ai/.ihub/daksha/install/gen2:/home/phy_ai/.ihub/daksha/install/vr_teleop:/home/phy_ai/.ihub/daksha/install/vajara:/home/phy_ai/.ihub/daksha/install/ros_tcp_endpoint:/home/phy_ai/.ihub/daksha/install/kinematics:/home/phy_ai/.ihub/daksha/install/joint_cmd_logger:/home/phy_ai/.ihub/daksha/install/joint_analyzer:/home/phy_ai/.ihub/daksha/install/daksha_data_collection:/home/phy_ai/.ihub/daksha/install/gen2_leader:/home/phy_ai/.ihub/daksha/install/daksha_final_urdf_description:/home/phy_ai/.ihub/daksha/install/daksha_description_full_body:/home/phy_ai/.ihub/daksha/install/daksha_api_bridge_leader:/home/phy_ai/.ihub/daksha/install/daksha_api_bridge_follower:/home/phy_ai/.barani/gen2_full/install/world_camera_launch:/home/phy_ai/.barani/gen2_full/install/gen2:/home/phy_ai/.barani/gen2_full/install/vr_teleop:/home/phy_ai/.barani/gen2_full/install/ros_tcp_endpoint:/home/phy_ai/.barani/gen2_full/install/nav_bringup:/home/phy_ai/.barani/gen2_full/install/nav2_config:/home/phy_ai/.barani/gen2_full/install/kinematics:/home/phy_ai/.barani/gen2_full/install/joint_cmd_logger:/home/phy_ai/.barani/gen2_full/install/joint_analyzer:/home/phy_ai/.barani/gen2_full/install/daksha_data_collection:/home/phy_ai/.barani/gen2_full/install/gen2_leader:/home/phy_ai/.barani/gen2_full/install/amr_bringup:/home/phy_ai/.barani/gen2_full/install/daksha_final_urdf_description:/home/phy_ai/.barani/gen2_full/install/daksha_description_full_body:/home/phy_ai/.barani/gen2_full/install/daksha_base_urdf:/home/phy_ai/.barani/gen2_full/install/daksha_api_bridge_leader:/home/phy_ai/.barani/gen2_full/install/daksha_api_bridge_follower:/opt/ros/humble /usr/bin/cmake --build /home/phy_ai/.ihub/daksha/build/dynamics -- -j16 -l16
[3.250s] DEBUG:colcon.colcon_core.event_handler.log_command:Invoking command in '/home/phy_ai/.ihub/daksha/build/dynamics': CMAKE_PREFIX_PATH=${CMAKE_PREFIX_PATH}:/home/phy_ai/.ihub/daksha/install/motor_configure:/home/phy_ai/.ihub/daksha/install/world_camera_launch:/home/phy_ai/.ihub/daksha/install/motortest:/home/phy_ai/.ihub/daksha/install/gen2:/home/phy_ai/.ihub/daksha/install/vr_teleop:/home/phy_ai/.ihub/daksha/install/vajara:/home/phy_ai/.ihub/daksha/install/ros_tcp_endpoint:/home/phy_ai/.ihub/daksha/install/kinematics:/home/phy_ai/.ihub/daksha/install/joint_cmd_logger:/home/phy_ai/.ihub/daksha/install/joint_analyzer:/home/phy_ai/.ihub/daksha/install/daksha_data_collection:/home/phy_ai/.ihub/daksha/install/gen2_leader:/home/phy_ai/.ihub/daksha/install/daksha_final_urdf_description:/home/phy_ai/.ihub/daksha/install/daksha_description_full_body:/home/phy_ai/.ihub/daksha/install/daksha_api_bridge_leader:/home/phy_ai/.ihub/daksha/install/daksha_api_bridge_follower:/home/phy_ai/.barani/gen2_full/install/world_camera_launch:/home/phy_ai/.barani/gen2_full/install/gen2:/home/phy_ai/.barani/gen2_full/install/vr_teleop:/home/phy_ai/.barani/gen2_full/install/ros_tcp_endpoint:/home/phy_ai/.barani/gen2_full/install/nav_bringup:/home/phy_ai/.barani/gen2_full/install/nav2_config:/home/phy_ai/.barani/gen2_full/install/kinematics:/home/phy_ai/.barani/gen2_full/install/joint_cmd_logger:/home/phy_ai/.barani/gen2_full/install/joint_analyzer:/home/phy_ai/.barani/gen2_full/install/daksha_data_collection:/home/phy_ai/.barani/gen2_full/install/gen2_leader:/home/phy_ai/.barani/gen2_full/install/amr_bringup:/home/phy_ai/.barani/gen2_full/install/daksha_final_urdf_description:/home/phy_ai/.barani/gen2_full/install/daksha_description_full_body:/home/phy_ai/.barani/gen2_full/install/daksha_base_urdf:/home/phy_ai/.barani/gen2_full/install/daksha_api_bridge_leader:/home/phy_ai/.barani/gen2_full/install/daksha_api_bridge_follower:/opt/ros/humble /usr/bin/cmake --install /home/phy_ai/.ihub/daksha/build/dynamics
[3.251s] DEBUG:colcon.colcon_core.event_handler.log_command:Invoked command in '/home/phy_ai/.ihub/daksha/build/daksha_ui' returned '0': CMAKE_PREFIX_PATH=${CMAKE_PREFIX_PATH}:/home/phy_ai/.ihub/daksha/install/motor_configure:/home/phy_ai/.ihub/daksha/install/world_camera_launch:/home/phy_ai/.ihub/daksha/install/motortest:/home/phy_ai/.ihub/daksha/install/gen2:/home/phy_ai/.ihub/daksha/install/vr_teleop:/home/phy_ai/.ihub/daksha/install/vajara:/home/phy_ai/.ihub/daksha/install/ros_tcp_endpoint:/home/phy_ai/.ihub/daksha/install/kinematics:/home/phy_ai/.ihub/daksha/install/joint_cmd_logger:/home/phy_ai/.ihub/daksha/install/joint_analyzer:/home/phy_ai/.ihub/daksha/install/daksha_data_collection:/home/phy_ai/.ihub/daksha/install/gen2_leader:/home/phy_ai/.ihub/daksha/install/daksha_final_urdf_description:/home/phy_ai/.ihub/daksha/install/daksha_description_full_body:/home/phy_ai/.ihub/daksha/install/daksha_api_bridge_leader:/home/phy_ai/.ihub/daksha/install/daksha_api_bridge_follower:/home/phy_ai/.barani/gen2_full/install/world_camera_launch:/home/phy_ai/.barani/gen2_full/install/gen2:/home/phy_ai/.barani/gen2_full/install/vr_teleop:/home/phy_ai/.barani/gen2_full/install/ros_tcp_endpoint:/home/phy_ai/.barani/gen2_full/install/nav_bringup:/home/phy_ai/.barani/gen2_full/install/nav2_config:/home/phy_ai/.barani/gen2_full/install/kinematics:/home/phy_ai/.barani/gen2_full/install/joint_cmd_logger:/home/phy_ai/.barani/gen2_full/install/joint_analyzer:/home/phy_ai/.barani/gen2_full/install/daksha_data_collection:/home/phy_ai/.barani/gen2_full/install/gen2_leader:/home/phy_ai/.barani/gen2_full/install/amr_bringup:/home/phy_ai/.barani/gen2_full/install/daksha_final_urdf_description:/home/phy_ai/.barani/gen2_full/install/daksha_description_full_body:/home/phy_ai/.barani/gen2_full/install/daksha_base_urdf:/home/phy_ai/.barani/gen2_full/install/daksha_api_bridge_leader:/home/phy_ai/.barani/gen2_full/install/daksha_api_bridge_follower:/opt/ros/humble /usr/bin/cmake --build /home/phy_ai/.ihub/daksha/build/daksha_ui -- -j16 -l16
[3.253s] DEBUG:colcon.colcon_core.event_handler.log_command:Invoking command in '/home/phy_ai/.ihub/daksha/build/daksha_ui': CMAKE_PREFIX_PATH=${CMAKE_PREFIX_PATH}:/home/phy_ai/.ihub/daksha/install/motor_configure:/home/phy_ai/.ihub/daksha/install/world_camera_launch:/home/phy_ai/.ihub/daksha/install/motortest:/home/phy_ai/.ihub/daksha/install/gen2:/home/phy_ai/.ihub/daksha/install/vr_teleop:/home/phy_ai/.ihub/daksha/install/vajara:/home/phy_ai/.ihub/daksha/install/ros_tcp_endpoint:/home/phy_ai/.ihub/daksha/install/kinematics:/home/phy_ai/.ihub/daksha/install/joint_cmd_logger:/home/phy_ai/.ihub/daksha/install/joint_analyzer:/home/phy_ai/.ihub/daksha/install/daksha_data_collection:/home/phy_ai/.ihub/daksha/install/gen2_leader:/home/phy_ai/.ihub/daksha/install/daksha_final_urdf_description:/home/phy_ai/.ihub/daksha/install/daksha_description_full_body:/home/phy_ai/.ihub/daksha/install/daksha_api_bridge_leader:/home/phy_ai/.ihub/daksha/install/daksha_api_bridge_follower:/home/phy_ai/.barani/gen2_full/install/world_camera_launch:/home/phy_ai/.barani/gen2_full/install/gen2:/home/phy_ai/.barani/gen2_full/install/vr_teleop:/home/phy_ai/.barani/gen2_full/install/ros_tcp_endpoint:/home/phy_ai/.barani/gen2_full/install/nav_bringup:/home/phy_ai/.barani/gen2_full/install/nav2_config:/home/phy_ai/.barani/gen2_full/install/kinematics:/home/phy_ai/.barani/gen2_full/install/joint_cmd_logger:/home/phy_ai/.barani/gen2_full/install/joint_analyzer:/home/phy_ai/.barani/gen2_full/install/daksha_data_collection:/home/phy_ai/.barani/gen2_full/install/gen2_leader:/home/phy_ai/.barani/gen2_full/install/amr_bringup:/home/phy_ai/.barani/gen2_full/install/daksha_final_urdf_description:/home/phy_ai/.barani/gen2_full/install/daksha_description_full_body:/home/phy_ai/.barani/gen2_full/install/daksha_base_urdf:/home/phy_ai/.barani/gen2_full/install/daksha_api_bridge_leader:/home/phy_ai/.barani/gen2_full/install/daksha_api_bridge_follower:/opt/ros/humble /usr/bin/cmake --install /home/phy_ai/.ihub/daksha/build/daksha_ui
[3.555s] INFO:colcon.colcon_core.task.python.build:Building Python package in '/home/phy_ai/.ihub/daksha/src/tele/ROS-TCP-Endpoint'
[3.555s] INFO:colcon.colcon_core.shell:Skip shell extension 'powershell' for command environment: Not usable outside of PowerShell
[3.555s] DEBUG:colcon.colcon_core.shell:Skip shell extension 'dsv' for command environment
[3.629s] Level 1:colcon.colcon_core.environment:create_environment_scripts_only(automation)
[3.638s] Level 1:colcon.colcon_core.environment:checking '/home/phy_ai/.ihub/daksha/install/automation' for CMake module files
[3.640s] Level 1:colcon.colcon_core.environment:checking '/home/phy_ai/.ihub/daksha/install/automation' for CMake config files
[3.642s] Level 1:colcon.colcon_core.shell:create_environment_hook('automation', 'cmake_prefix_path')
[3.643s] INFO:colcon.colcon_core.shell:Creating environment hook '/home/phy_ai/.ihub/daksha/install/automation/share/automation/hook/cmake_prefix_path.ps1'
[3.644s] INFO:colcon.colcon_core.shell:Creating environment descriptor '/home/phy_ai/.ihub/daksha/install/automation/share/automation/hook/cmake_prefix_path.dsv'
[3.645s] INFO:colcon.colcon_core.shell:Creating environment hook '/home/phy_ai/.ihub/daksha/install/automation/share/automation/hook/cmake_prefix_path.sh'
[3.647s] Level 1:colcon.colcon_core.environment:checking '/home/phy_ai/.ihub/daksha/install/automation/lib'
[3.647s] Level 1:colcon.colcon_core.environment:checking '/home/phy_ai/.ihub/daksha/install/automation/bin'
[3.648s] Level 1:colcon.colcon_core.environment:checking '/home/phy_ai/.ihub/daksha/install/automation/lib/pkgconfig/automation.pc'
[3.648s] Level 1:colcon.colcon_core.environment:checking '/home/phy_ai/.ihub/daksha/install/automation/lib/python3.10/site-packages'
[3.649s] Level 1:colcon.colcon_core.environment:checking '/home/phy_ai/.ihub/daksha/install/automation/bin'
[3.649s] INFO:colcon.colcon_core.shell:Creating package script '/home/phy_ai/.ihub/daksha/install/automation/share/automation/package.ps1'
[3.652s] INFO:colcon.colcon_core.shell:Creating package descriptor '/home/phy_ai/.ihub/daksha/install/automation/share/automation/package.dsv'
[3.653s] INFO:colcon.colcon_core.shell:Creating package script '/home/phy_ai/.ihub/daksha/install/automation/share/automation/package.sh'
[3.655s] INFO:colcon.colcon_core.shell:Creating package script '/home/phy_ai/.ihub/daksha/install/automation/share/automation/package.bash'
[3.657s] INFO:colcon.colcon_core.shell:Creating package script '/home/phy_ai/.ihub/daksha/install/automation/share/automation/package.zsh'
[3.659s] Level 1:colcon.colcon_core.environment:create_file_with_runtime_dependencies(/home/phy_ai/.ihub/daksha/install/automation/share/colcon-core/packages/automation)
[3.662s] Level 1:colcon.colcon_core.environment:create_environment_scripts_only(automation)
[3.662s] Level 1:colcon.colcon_core.environment:checking '/home/phy_ai/.ihub/daksha/install/automation' for CMake module files
[3.664s] Level 1:colcon.colcon_core.environment:checking '/home/phy_ai/.ihub/daksha/install/automation' for CMake config files
[3.667s] Level 1:colcon.colcon_core.shell:create_environment_hook('automation', 'cmake_prefix_path')
[3.667s] INFO:colcon.colcon_core.shell:Creating environment hook '/home/phy_ai/.ihub/daksha/install/automation/share/automation/hook/cmake_prefix_path.ps1'
[3.669s] INFO:colcon.colcon_core.shell:Creating environment descriptor '/home/phy_ai/.ihub/daksha/install/automation/share/automation/hook/cmake_prefix_path.dsv'
[3.670s] INFO:colcon.colcon_core.shell:Creating environment hook '/home/phy_ai/.ihub/daksha/install/automation/share/automation/hook/cmake_prefix_path.sh'
[3.673s] Level 1:colcon.colcon_core.environment:checking '/home/phy_ai/.ihub/daksha/install/automation/lib'
[3.673s] Level 1:colcon.colcon_core.environment:checking '/home/phy_ai/.ihub/daksha/install/automation/bin'
[3.674s] Level 1:colcon.colcon_core.environment:checking '/home/phy_ai/.ihub/daksha/install/automation/lib/pkgconfig/automation.pc'
[3.674s] Level 1:colcon.colcon_core.environment:checking '/home/phy_ai/.ihub/daksha/install/automation/lib/python3.10/site-packages'
[3.676s] Level 1:colcon.colcon_core.environment:checking '/home/phy_ai/.ihub/daksha/install/automation/bin'
[3.677s] INFO:colcon.colcon_core.shell:Creating package script '/home/phy_ai/.ihub/daksha/install/automation/share/automation/package.ps1'
[3.679s] INFO:colcon.colcon_core.shell:Creating package descriptor '/home/phy_ai/.ihub/daksha/install/automation/share/automation/package.dsv'
[3.680s] INFO:colcon.colcon_core.shell:Creating package script '/home/phy_ai/.ihub/daksha/install/automation/share/automation/package.sh'
[3.681s] INFO:colcon.colcon_core.shell:Creating package script '/home/phy_ai/.ihub/daksha/install/automation/share/automation/package.bash'
[3.683s] INFO:colcon.colcon_core.shell:Creating package script '/home/phy_ai/.ihub/daksha/install/automation/share/automation/package.zsh'
[3.684s] Level 1:colcon.colcon_core.environment:create_file_with_runtime_dependencies(/home/phy_ai/.ihub/daksha/install/automation/share/colcon-core/packages/automation)
[3.685s] Level 1:colcon.colcon_core.environment:create_environment_scripts_only(dynamics)
[3.685s] Level 1:colcon.colcon_core.environment:checking '/home/phy_ai/.ihub/daksha/install/dynamics' for CMake module files
[3.687s] Level 1:colcon.colcon_core.environment:checking '/home/phy_ai/.ihub/daksha/install/dynamics' for CMake config files
[3.688s] Level 1:colcon.colcon_core.shell:create_environment_hook('dynamics', 'cmake_prefix_path')
[3.689s] INFO:colcon.colcon_core.shell:Creating environment hook '/home/phy_ai/.ihub/daksha/install/dynamics/share/dynamics/hook/cmake_prefix_path.ps1'
[3.690s] INFO:colcon.colcon_core.shell:Creating environment descriptor '/home/phy_ai/.ihub/daksha/install/dynamics/share/dynamics/hook/cmake_prefix_path.dsv'
[3.691s] INFO:colcon.colcon_core.shell:Creating environment hook '/home/phy_ai/.ihub/daksha/install/dynamics/share/dynamics/hook/cmake_prefix_path.sh'
[3.693s] Level 1:colcon.colcon_core.environment:checking '/home/phy_ai/.ihub/daksha/install/dynamics/lib'
[3.694s] Level 1:colcon.colcon_core.environment:checking '/home/phy_ai/.ihub/daksha/install/dynamics/bin'
[3.694s] Level 1:colcon.colcon_core.environment:checking '/home/phy_ai/.ihub/daksha/install/dynamics/lib/pkgconfig/dynamics.pc'
[3.695s] Level 1:colcon.colcon_core.environment:checking '/home/phy_ai/.ihub/daksha/install/dynamics/lib/python3.10/site-packages'
[3.696s] Level 1:colcon.colcon_core.environment:checking '/home/phy_ai/.ihub/daksha/install/dynamics/bin'
[3.696s] INFO:colcon.colcon_core.shell:Creating package script '/home/phy_ai/.ihub/daksha/install/dynamics/share/dynamics/package.ps1'
[3.698s] INFO:colcon.colcon_core.shell:Creating package descriptor '/home/phy_ai/.ihub/daksha/install/dynamics/share/dynamics/package.dsv'
[3.699s] INFO:colcon.colcon_core.shell:Creating package script '/home/phy_ai/.ihub/daksha/install/dynamics/share/dynamics/package.sh'
[3.701s] INFO:colcon.colcon_core.shell:Creating package script '/home/phy_ai/.ihub/daksha/install/dynamics/share/dynamics/package.bash'
[3.702s] INFO:colcon.colcon_core.shell:Creating package script '/home/phy_ai/.ihub/daksha/install/dynamics/share/dynamics/package.zsh'
[3.703s] Level 1:colcon.colcon_core.environment:create_file_with_runtime_dependencies(/home/phy_ai/.ihub/daksha/install/dynamics/share/colcon-core/packages/dynamics)
[3.705s] Level 1:colcon.colcon_core.environment:create_environment_scripts_only(dynamics)
[3.705s] Level 1:colcon.colcon_core.environment:checking '/home/phy_ai/.ihub/daksha/install/dynamics' for CMake module files
[3.708s] Level 1:colcon.colcon_core.environment:checking '/home/phy_ai/.ihub/daksha/install/dynamics' for CMake config files
[3.709s] Level 1:colcon.colcon_core.shell:create_environment_hook('dynamics', 'cmake_prefix_path')
[3.710s] INFO:colcon.colcon_core.shell:Creating environment hook '/home/phy_ai/.ihub/daksha/install/dynamics/share/dynamics/hook/cmake_prefix_path.ps1'
[3.711s] INFO:colcon.colcon_core.shell:Creating environment descriptor '/home/phy_ai/.ihub/daksha/install/dynamics/share/dynamics/hook/cmake_prefix_path.dsv'
[3.712s] INFO:colcon.colcon_core.shell:Creating environment hook '/home/phy_ai/.ihub/daksha/install/dynamics/share/dynamics/hook/cmake_prefix_path.sh'
[3.714s] Level 1:colcon.colcon_core.environment:checking '/home/phy_ai/.ihub/daksha/install/dynamics/lib'
[3.714s] Level 1:colcon.colcon_core.environment:checking '/home/phy_ai/.ihub/daksha/install/dynamics/bin'
[3.714s] Level 1:colcon.colcon_core.environment:checking '/home/phy_ai/.ihub/daksha/install/dynamics/lib/pkgconfig/dynamics.pc'
[3.715s] Level 1:colcon.colcon_core.environment:checking '/home/phy_ai/.ihub/daksha/install/dynamics/lib/python3.10/site-packages'
[3.715s] Level 1:colcon.colcon_core.environment:checking '/home/phy_ai/.ihub/daksha/install/dynamics/bin'
[3.716s] INFO:colcon.colcon_core.shell:Creating package script '/home/phy_ai/.ihub/daksha/install/dynamics/share/dynamics/package.ps1'
[3.718s] INFO:colcon.colcon_core.shell:Creating package descriptor '/home/phy_ai/.ihub/daksha/install/dynamics/share/dynamics/package.dsv'
[3.719s] INFO:colcon.colcon_core.shell:Creating package script '/home/phy_ai/.ihub/daksha/install/dynamics/share/dynamics/package.sh'
[3.721s] INFO:colcon.colcon_core.shell:Creating package script '/home/phy_ai/.ihub/daksha/install/dynamics/share/dynamics/package.bash'
[3.722s] INFO:colcon.colcon_core.shell:Creating package script '/home/phy_ai/.ihub/daksha/install/dynamics/share/dynamics/package.zsh'
[3.724s] Level 1:colcon.colcon_core.environment:create_file_with_runtime_dependencies(/home/phy_ai/.ihub/daksha/install/dynamics/share/colcon-core/packages/dynamics)
[3.724s] Level 1:colcon.colcon_core.environment:create_environment_scripts_only(daksha_ui)
[3.725s] Level 1:colcon.colcon_core.environment:checking '/home/phy_ai/.ihub/daksha/install/daksha_ui' for CMake module files
[3.728s] Level 1:colcon.colcon_core.environment:checking '/home/phy_ai/.ihub/daksha/install/daksha_ui' for CMake config files
[3.728s] Level 1:colcon.colcon_core.shell:create_environment_hook('daksha_ui', 'cmake_prefix_path')
[3.729s] INFO:colcon.colcon_core.shell:Creating environment hook '/home/phy_ai/.ihub/daksha/install/daksha_ui/share/daksha_ui/hook/cmake_prefix_path.ps1'
[3.730s] INFO:colcon.colcon_core.shell:Creating environment descriptor '/home/phy_ai/.ihub/daksha/install/daksha_ui/share/daksha_ui/hook/cmake_prefix_path.dsv'
[3.731s] INFO:colcon.colcon_core.shell:Creating environment hook '/home/phy_ai/.ihub/daksha/install/daksha_ui/share/daksha_ui/hook/cmake_prefix_path.sh'
[3.732s] Level 1:colcon.colcon_core.environment:checking '/home/phy_ai/.ihub/daksha/install/daksha_ui/lib'
[3.733s] Level 1:colcon.colcon_core.environment:checking '/home/phy_ai/.ihub/daksha/install/daksha_ui/bin'
[3.733s] Level 1:colcon.colcon_core.environment:checking '/home/phy_ai/.ihub/daksha/install/daksha_ui/lib/pkgconfig/daksha_ui.pc'
[3.733s] Level 1:colcon.colcon_core.environment:checking '/home/phy_ai/.ihub/daksha/install/daksha_ui/lib/python3.10/site-packages'
[3.734s] Level 1:colcon.colcon_core.environment:checking '/home/phy_ai/.ihub/daksha/install/daksha_ui/bin'
[3.735s] INFO:colcon.colcon_core.shell:Creating package script '/home/phy_ai/.ihub/daksha/install/daksha_ui/share/daksha_ui/package.ps1'
[3.736s] INFO:colcon.colcon_core.shell:Creating package descriptor '/home/phy_ai/.ihub/daksha/install/daksha_ui/share/daksha_ui/package.dsv'
[3.738s] INFO:colcon.colcon_core.shell:Creating package script '/home/phy_ai/.ihub/daksha/install/daksha_ui/share/daksha_ui/package.sh'
[3.739s] INFO:colcon.colcon_core.shell:Creating package script '/home/phy_ai/.ihub/daksha/install/daksha_ui/share/daksha_ui/package.bash'
[3.740s] INFO:colcon.colcon_core.shell:Creating package script '/home/phy_ai/.ihub/daksha/install/daksha_ui/share/daksha_ui/package.zsh'
[3.742s] Level 1:colcon.colcon_core.environment:create_file_with_runtime_dependencies(/home/phy_ai/.ihub/daksha/install/daksha_ui/share/colcon-core/packages/daksha_ui)
[3.743s] Level 1:colcon.colcon_core.environment:create_environment_scripts_only(daksha_ui)
[3.744s] Level 1:colcon.colcon_core.environment:checking '/home/phy_ai/.ihub/daksha/install/daksha_ui' for CMake module files
[3.746s] Level 1:colcon.colcon_core.environment:checking '/home/phy_ai/.ihub/daksha/install/daksha_ui' for CMake config files
[3.748s] Level 1:colcon.colcon_core.shell:create_environment_hook('daksha_ui', 'cmake_prefix_path')
[3.748s] INFO:colcon.colcon_core.shell:Creating environment hook '/home/phy_ai/.ihub/daksha/install/daksha_ui/share/daksha_ui/hook/cmake_prefix_path.ps1'
[3.750s] INFO:colcon.colcon_core.shell:Creating environment descriptor '/home/phy_ai/.ihub/daksha/install/daksha_ui/share/daksha_ui/hook/cmake_prefix_path.dsv'
[3.751s] INFO:colcon.colcon_core.shell:Creating environment hook '/home/phy_ai/.ihub/daksha/install/daksha_ui/share/daksha_ui/hook/cmake_prefix_path.sh'
[3.753s] Level 1:colcon.colcon_core.environment:checking '/home/phy_ai/.ihub/daksha/install/daksha_ui/lib'
[3.753s] Level 1:colcon.colcon_core.environment:checking '/home/phy_ai/.ihub/daksha/install/daksha_ui/bin'
[3.753s] Level 1:colcon.colcon_core.environment:checking '/home/phy_ai/.ihub/daksha/install/daksha_ui/lib/pkgconfig/daksha_ui.pc'
[3.754s] Level 1:colcon.colcon_core.environment:checking '/home/phy_ai/.ihub/daksha/install/daksha_ui/lib/python3.10/site-packages'
[3.754s] Level 1:colcon.colcon_core.environment:checking '/home/phy_ai/.ihub/daksha/install/daksha_ui/bin'
[3.755s] INFO:colcon.colcon_core.shell:Creating package script '/home/phy_ai/.ihub/daksha/install/daksha_ui/share/daksha_ui/package.ps1'
[3.757s] INFO:colcon.colcon_core.shell:Creating package descriptor '/home/phy_ai/.ihub/daksha/install/daksha_ui/share/daksha_ui/package.dsv'
[3.758s] INFO:colcon.colcon_core.shell:Creating package script '/home/phy_ai/.ihub/daksha/install/daksha_ui/share/daksha_ui/package.sh'
[3.760s] INFO:colcon.colcon_core.shell:Creating package script '/home/phy_ai/.ihub/daksha/install/daksha_ui/share/daksha_ui/package.bash'
[3.761s] INFO:colcon.colcon_core.shell:Creating package script '/home/phy_ai/.ihub/daksha/install/daksha_ui/share/daksha_ui/package.zsh'
[3.763s] Level 1:colcon.colcon_core.environment:create_file_with_runtime_dependencies(/home/phy_ai/.ihub/daksha/install/daksha_ui/share/colcon-core/packages/daksha_ui)
[3.769s] INFO:colcon.colcon_ros.task.ament_python.build:Building ROS package in '/home/phy_ai/.ihub/daksha/src/diagnosis/vajara' with build type 'ament_python'
[3.769s] Level 1:colcon.colcon_core.shell:create_environment_hook('vajara', 'ament_prefix_path')
[3.769s] INFO:colcon.colcon_core.shell:Creating environment hook '/home/phy_ai/.ihub/daksha/install/vajara/share/vajara/hook/ament_prefix_path.ps1'
[3.770s] INFO:colcon.colcon_core.shell:Creating environment descriptor '/home/phy_ai/.ihub/daksha/install/vajara/share/vajara/hook/ament_prefix_path.dsv'
[3.772s] INFO:colcon.colcon_core.shell:Creating environment hook '/home/phy_ai/.ihub/daksha/install/vajara/share/vajara/hook/ament_prefix_path.sh'
[3.773s] INFO:colcon.colcon_core.shell:Skip shell extension 'powershell' for command environment: Not usable outside of PowerShell
[3.774s] DEBUG:colcon.colcon_core.shell:Skip shell extension 'dsv' for command environment
[3.784s] DEBUG:colcon.colcon_core.event_handler.log_command:Invoked command in '/home/phy_ai/.ihub/daksha/build/automation' returned '0': CMAKE_PREFIX_PATH=${CMAKE_PREFIX_PATH}:/home/phy_ai/.ihub/daksha/install/motor_configure:/home/phy_ai/.ihub/daksha/install/world_camera_launch:/home/phy_ai/.ihub/daksha/install/motortest:/home/phy_ai/.ihub/daksha/install/gen2:/home/phy_ai/.ihub/daksha/install/vr_teleop:/home/phy_ai/.ihub/daksha/install/vajara:/home/phy_ai/.ihub/daksha/install/ros_tcp_endpoint:/home/phy_ai/.ihub/daksha/install/kinematics:/home/phy_ai/.ihub/daksha/install/joint_cmd_logger:/home/phy_ai/.ihub/daksha/install/joint_analyzer:/home/phy_ai/.ihub/daksha/install/daksha_data_collection:/home/phy_ai/.ihub/daksha/install/gen2_leader:/home/phy_ai/.ihub/daksha/install/daksha_final_urdf_description:/home/phy_ai/.ihub/daksha/install/daksha_description_full_body:/home/phy_ai/.ihub/daksha/install/daksha_api_bridge_leader:/home/phy_ai/.ihub/daksha/install/daksha_api_bridge_follower:/home/phy_ai/.barani/gen2_full/install/world_camera_launch:/home/phy_ai/.barani/gen2_full/install/gen2:/home/phy_ai/.barani/gen2_full/install/vr_teleop:/home/phy_ai/.barani/gen2_full/install/ros_tcp_endpoint:/home/phy_ai/.barani/gen2_full/install/nav_bringup:/home/phy_ai/.barani/gen2_full/install/nav2_config:/home/phy_ai/.barani/gen2_full/install/kinematics:/home/phy_ai/.barani/gen2_full/install/joint_cmd_logger:/home/phy_ai/.barani/gen2_full/install/joint_analyzer:/home/phy_ai/.barani/gen2_full/install/daksha_data_collection:/home/phy_ai/.barani/gen2_full/install/gen2_leader:/home/phy_ai/.barani/gen2_full/install/amr_bringup:/home/phy_ai/.barani/gen2_full/install/daksha_final_urdf_description:/home/phy_ai/.barani/gen2_full/install/daksha_description_full_body:/home/phy_ai/.barani/gen2_full/install/daksha_base_urdf:/home/phy_ai/.barani/gen2_full/install/daksha_api_bridge_leader:/home/phy_ai/.barani/gen2_full/install/daksha_api_bridge_follower:/opt/ros/humble /usr/bin/cmake --install /home/phy_ai/.ihub/daksha/build/automation
[3.809s] DEBUG:colcon.colcon_core.event_handler.log_command:Invoked command in '/home/phy_ai/.ihub/daksha/build/dynamics' returned '0': CMAKE_PREFIX_PATH=${CMAKE_PREFIX_PATH}:/home/phy_ai/.ihub/daksha/install/motor_configure:/home/phy_ai/.ihub/daksha/install/world_camera_launch:/home/phy_ai/.ihub/daksha/install/motortest:/home/phy_ai/.ihub/daksha/install/gen2:/home/phy_ai/.ihub/daksha/install/vr_teleop:/home/phy_ai/.ihub/daksha/install/vajara:/home/phy_ai/.ihub/daksha/install/ros_tcp_endpoint:/home/phy_ai/.ihub/daksha/install/kinematics:/home/phy_ai/.ihub/daksha/install/joint_cmd_logger:/home/phy_ai/.ihub/daksha/install/joint_analyzer:/home/phy_ai/.ihub/daksha/install/daksha_data_collection:/home/phy_ai/.ihub/daksha/install/gen2_leader:/home/phy_ai/.ihub/daksha/install/daksha_final_urdf_description:/home/phy_ai/.ihub/daksha/install/daksha_description_full_body:/home/phy_ai/.ihub/daksha/install/daksha_api_bridge_leader:/home/phy_ai/.ihub/daksha/install/daksha_api_bridge_follower:/home/phy_ai/.barani/gen2_full/install/world_camera_launch:/home/phy_ai/.barani/gen2_full/install/gen2:/home/phy_ai/.barani/gen2_full/install/vr_teleop:/home/phy_ai/.barani/gen2_full/install/ros_tcp_endpoint:/home/phy_ai/.barani/gen2_full/install/nav_bringup:/home/phy_ai/.barani/gen2_full/install/nav2_config:/home/phy_ai/.barani/gen2_full/install/kinematics:/home/phy_ai/.barani/gen2_full/install/joint_cmd_logger:/home/phy_ai/.barani/gen2_full/install/joint_analyzer:/home/phy_ai/.barani/gen2_full/install/daksha_data_collection:/home/phy_ai/.barani/gen2_full/install/gen2_leader:/home/phy_ai/.barani/gen2_full/install/amr_bringup:/home/phy_ai/.barani/gen2_full/install/daksha_final_urdf_description:/home/phy_ai/.barani/gen2_full/install/daksha_description_full_body:/home/phy_ai/.barani/gen2_full/install/daksha_base_urdf:/home/phy_ai/.barani/gen2_full/install/daksha_api_bridge_leader:/home/phy_ai/.barani/gen2_full/install/daksha_api_bridge_follower:/opt/ros/humble /usr/bin/cmake --install /home/phy_ai/.ihub/daksha/build/dynamics
[3.811s] DEBUG:colcon.colcon_core.event_handler.log_command:Invoked command in '/home/phy_ai/.ihub/daksha/build/daksha_ui' returned '0': CMAKE_PREFIX_PATH=${CMAKE_PREFIX_PATH}:/home/phy_ai/.ihub/daksha/install/motor_configure:/home/phy_ai/.ihub/daksha/install/world_camera_launch:/home/phy_ai/.ihub/daksha/install/motortest:/home/phy_ai/.ihub/daksha/install/gen2:/home/phy_ai/.ihub/daksha/install/vr_teleop:/home/phy_ai/.ihub/daksha/install/vajara:/home/phy_ai/.ihub/daksha/install/ros_tcp_endpoint:/home/phy_ai/.ihub/daksha/install/kinematics:/home/phy_ai/.ihub/daksha/install/joint_cmd_logger:/home/phy_ai/.ihub/daksha/install/joint_analyzer:/home/phy_ai/.ihub/daksha/install/daksha_data_collection:/home/phy_ai/.ihub/daksha/install/gen2_leader:/home/phy_ai/.ihub/daksha/install/daksha_final_urdf_description:/home/phy_ai/.ihub/daksha/install/daksha_description_full_body:/home/phy_ai/.ihub/daksha/install/daksha_api_bridge_leader:/home/phy_ai/.ihub/daksha/install/daksha_api_bridge_follower:/home/phy_ai/.barani/gen2_full/install/world_camera_launch:/home/phy_ai/.barani/gen2_full/install/gen2:/home/phy_ai/.barani/gen2_full/install/vr_teleop:/home/phy_ai/.barani/gen2_full/install/ros_tcp_endpoint:/home/phy_ai/.barani/gen2_full/install/nav_bringup:/home/phy_ai/.barani/gen2_full/install/nav2_config:/home/phy_ai/.barani/gen2_full/install/kinematics:/home/phy_ai/.barani/gen2_full/install/joint_cmd_logger:/home/phy_ai/.barani/gen2_full/install/joint_analyzer:/home/phy_ai/.barani/gen2_full/install/daksha_data_collection:/home/phy_ai/.barani/gen2_full/install/gen2_leader:/home/phy_ai/.barani/gen2_full/install/amr_bringup:/home/phy_ai/.barani/gen2_full/install/daksha_final_urdf_description:/home/phy_ai/.barani/gen2_full/install/daksha_description_full_body:/home/phy_ai/.barani/gen2_full/install/daksha_base_urdf:/home/phy_ai/.barani/gen2_full/install/daksha_api_bridge_leader:/home/phy_ai/.barani/gen2_full/install/daksha_api_bridge_follower:/opt/ros/humble /usr/bin/cmake --install /home/phy_ai/.ihub/daksha/build/daksha_ui
[3.812s] DEBUG:colcon.colcon_core.event_handler.log_command:Invoked command in '/home/phy_ai/.ihub/daksha/build/posveleff_controllers' returned '0': CMAKE_PREFIX_PATH=${CMAKE_PREFIX_PATH}:/home/phy_ai/.ihub/daksha/install/motor_configure:/home/phy_ai/.ihub/daksha/install/world_camera_launch:/home/phy_ai/.ihub/daksha/install/motortest:/home/phy_ai/.ihub/daksha/install/gen2:/home/phy_ai/.ihub/daksha/install/vr_teleop:/home/phy_ai/.ihub/daksha/install/vajara:/home/phy_ai/.ihub/daksha/install/ros_tcp_endpoint:/home/phy_ai/.ihub/daksha/install/kinematics:/home/phy_ai/.ihub/daksha/install/joint_cmd_logger:/home/phy_ai/.ihub/daksha/install/joint_analyzer:/home/phy_ai/.ihub/daksha/install/daksha_data_collection:/home/phy_ai/.ihub/daksha/install/gen2_leader:/home/phy_ai/.ihub/daksha/install/daksha_final_urdf_description:/home/phy_ai/.ihub/daksha/install/daksha_description_full_body:/home/phy_ai/.ihub/daksha/install/daksha_api_bridge_leader:/home/phy_ai/.ihub/daksha/install/daksha_api_bridge_follower:/home/phy_ai/.barani/gen2_full/install/world_camera_launch:/home/phy_ai/.barani/gen2_full/install/gen2:/home/phy_ai/.barani/gen2_full/install/vr_teleop:/home/phy_ai/.barani/gen2_full/install/ros_tcp_endpoint:/home/phy_ai/.barani/gen2_full/install/nav_bringup:/home/phy_ai/.barani/gen2_full/install/nav2_config:/home/phy_ai/.barani/gen2_full/install/kinematics:/home/phy_ai/.barani/gen2_full/install/joint_cmd_logger:/home/phy_ai/.barani/gen2_full/install/joint_analyzer:/home/phy_ai/.barani/gen2_full/install/daksha_data_collection:/home/phy_ai/.barani/gen2_full/install/gen2_leader:/home/phy_ai/.barani/gen2_full/install/amr_bringup:/home/phy_ai/.barani/gen2_full/install/daksha_final_urdf_description:/home/phy_ai/.barani/gen2_full/install/daksha_description_full_body:/home/phy_ai/.barani/gen2_full/install/daksha_base_urdf:/home/phy_ai/.barani/gen2_full/install/daksha_api_bridge_leader:/home/phy_ai/.barani/gen2_full/install/daksha_api_bridge_follower:/opt/ros/humble /usr/bin/cmake --build /home/phy_ai/.ihub/daksha/build/posveleff_controllers -- -j16 -l16
[3.813s] DEBUG:colcon.colcon_core.event_handler.log_command:Invoking command in '/home/phy_ai/.ihub/daksha/build/posveleff_controllers': CMAKE_PREFIX_PATH=${CMAKE_PREFIX_PATH}:/home/phy_ai/.ihub/daksha/install/motor_configure:/home/phy_ai/.ihub/daksha/install/world_camera_launch:/home/phy_ai/.ihub/daksha/install/motortest:/home/phy_ai/.ihub/daksha/install/gen2:/home/phy_ai/.ihub/daksha/install/vr_teleop:/home/phy_ai/.ihub/daksha/install/vajara:/home/phy_ai/.ihub/daksha/install/ros_tcp_endpoint:/home/phy_ai/.ihub/daksha/install/kinematics:/home/phy_ai/.ihub/daksha/install/joint_cmd_logger:/home/phy_ai/.ihub/daksha/install/joint_analyzer:/home/phy_ai/.ihub/daksha/install/daksha_data_collection:/home/phy_ai/.ihub/daksha/install/gen2_leader:/home/phy_ai/.ihub/daksha/install/daksha_final_urdf_description:/home/phy_ai/.ihub/daksha/install/daksha_description_full_body:/home/phy_ai/.ihub/daksha/install/daksha_api_bridge_leader:/home/phy_ai/.ihub/daksha/install/daksha_api_bridge_follower:/home/phy_ai/.barani/gen2_full/install/world_camera_launch:/home/phy_ai/.barani/gen2_full/install/gen2:/home/phy_ai/.barani/gen2_full/install/vr_teleop:/home/phy_ai/.barani/gen2_full/install/ros_tcp_endpoint:/home/phy_ai/.barani/gen2_full/install/nav_bringup:/home/phy_ai/.barani/gen2_full/install/nav2_config:/home/phy_ai/.barani/gen2_full/install/kinematics:/home/phy_ai/.barani/gen2_full/install/joint_cmd_logger:/home/phy_ai/.barani/gen2_full/install/joint_analyzer:/home/phy_ai/.barani/gen2_full/install/daksha_data_collection:/home/phy_ai/.barani/gen2_full/install/gen2_leader:/home/phy_ai/.barani/gen2_full/install/amr_bringup:/home/phy_ai/.barani/gen2_full/install/daksha_final_urdf_description:/home/phy_ai/.barani/gen2_full/install/daksha_description_full_body:/home/phy_ai/.barani/gen2_full/install/daksha_base_urdf:/home/phy_ai/.barani/gen2_full/install/daksha_api_bridge_leader:/home/phy_ai/.barani/gen2_full/install/daksha_api_bridge_follower:/opt/ros/humble /usr/bin/cmake --install /home/phy_ai/.ihub/daksha/build/posveleff_controllers
[3.816s] INFO:colcon.colcon_ros.task.ament_cmake.build:Building ROS package in '/home/phy_ai/.ihub/daksha/src/navigation/web_nav_site' with build type 'ament_cmake'
[3.817s] INFO:colcon.colcon_cmake.task.cmake.build:Building CMake package in '/home/phy_ai/.ihub/daksha/src/navigation/web_nav_site'
[3.817s] INFO:colcon.colcon_core.shell:Skip shell extension 'powershell' for command environment: Not usable outside of PowerShell
[3.817s] DEBUG:colcon.colcon_core.shell:Skip shell extension 'dsv' for command environment
[3.831s] INFO:colcon.colcon_ros.task.ament_python.build:Building ROS package in '/home/phy_ai/.ihub/daksha/src/world_camera_launch' with build type 'ament_python'
[3.832s] Level 1:colcon.colcon_core.shell:create_environment_hook('world_camera_launch', 'ament_prefix_path')
[3.832s] INFO:colcon.colcon_core.shell:Creating environment hook '/home/phy_ai/.ihub/daksha/install/world_camera_launch/share/world_camera_launch/hook/ament_prefix_path.ps1'
[3.833s] INFO:colcon.colcon_core.shell:Creating environment descriptor '/home/phy_ai/.ihub/daksha/install/world_camera_launch/share/world_camera_launch/hook/ament_prefix_path.dsv'
[3.834s] INFO:colcon.colcon_core.shell:Creating environment hook '/home/phy_ai/.ihub/daksha/install/world_camera_launch/share/world_camera_launch/hook/ament_prefix_path.sh'
[3.835s] INFO:colcon.colcon_core.shell:Skip shell extension 'powershell' for command environment: Not usable outside of PowerShell
[3.835s] DEBUG:colcon.colcon_core.shell:Skip shell extension 'dsv' for command environment
[3.851s] Level 1:colcon.colcon_core.environment:create_environment_scripts_only(hw_interface)
[3.851s] Level 1:colcon.colcon_core.environment:checking '/home/phy_ai/.ihub/daksha/install/hw_interface' for CMake module files
[3.852s] DEBUG:colcon.colcon_core.event_handler.log_command:Invoked command in '/home/phy_ai/.ihub/daksha/build/hw_interface' returned '0': CMAKE_PREFIX_PATH=${CMAKE_PREFIX_PATH}:/home/phy_ai/.ihub/daksha/install/motor_configure:/home/phy_ai/.ihub/daksha/install/world_camera_launch:/home/phy_ai/.ihub/daksha/install/motortest:/home/phy_ai/.ihub/daksha/install/gen2:/home/phy_ai/.ihub/daksha/install/vr_teleop:/home/phy_ai/.ihub/daksha/install/vajara:/home/phy_ai/.ihub/daksha/install/ros_tcp_endpoint:/home/phy_ai/.ihub/daksha/install/kinematics:/home/phy_ai/.ihub/daksha/install/joint_cmd_logger:/home/phy_ai/.ihub/daksha/install/joint_analyzer:/home/phy_ai/.ihub/daksha/install/daksha_data_collection:/home/phy_ai/.ihub/daksha/install/gen2_leader:/home/phy_ai/.ihub/daksha/install/daksha_final_urdf_description:/home/phy_ai/.ihub/daksha/install/daksha_description_full_body:/home/phy_ai/.ihub/daksha/install/daksha_api_bridge_leader:/home/phy_ai/.ihub/daksha/install/daksha_api_bridge_follower:/home/phy_ai/.barani/gen2_full/install/world_camera_launch:/home/phy_ai/.barani/gen2_full/install/gen2:/home/phy_ai/.barani/gen2_full/install/vr_teleop:/home/phy_ai/.barani/gen2_full/install/ros_tcp_endpoint:/home/phy_ai/.barani/gen2_full/install/nav_bringup:/home/phy_ai/.barani/gen2_full/install/nav2_config:/home/phy_ai/.barani/gen2_full/install/kinematics:/home/phy_ai/.barani/gen2_full/install/joint_cmd_logger:/home/phy_ai/.barani/gen2_full/install/joint_analyzer:/home/phy_ai/.barani/gen2_full/install/daksha_data_collection:/home/phy_ai/.barani/gen2_full/install/gen2_leader:/home/phy_ai/.barani/gen2_full/install/amr_bringup:/home/phy_ai/.barani/gen2_full/install/daksha_final_urdf_description:/home/phy_ai/.barani/gen2_full/install/daksha_description_full_body:/home/phy_ai/.barani/gen2_full/install/daksha_base_urdf:/home/phy_ai/.barani/gen2_full/install/daksha_api_bridge_leader:/home/phy_ai/.barani/gen2_full/install/daksha_api_bridge_follower:/opt/ros/humble /usr/bin/cmake --install /home/phy_ai/.ihub/daksha/build/hw_interface
[3.853s] Level 1:colcon.colcon_core.environment:checking '/home/phy_ai/.ihub/daksha/install/hw_interface' for CMake config files
[3.854s] Level 1:colcon.colcon_core.shell:create_environment_hook('hw_interface', 'cmake_prefix_path')
[3.855s] INFO:colcon.colcon_core.shell:Creating environment hook '/home/phy_ai/.ihub/daksha/install/hw_interface/share/hw_interface/hook/cmake_prefix_path.ps1'
[3.856s] INFO:colcon.colcon_core.shell:Creating environment descriptor '/home/phy_ai/.ihub/daksha/install/hw_interface/share/hw_interface/hook/cmake_prefix_path.dsv'
[3.857s] INFO:colcon.colcon_core.shell:Creating environment hook '/home/phy_ai/.ihub/daksha/install/hw_interface/share/hw_interface/hook/cmake_prefix_path.sh'
[3.858s] Level 1:colcon.colcon_core.environment:checking '/home/phy_ai/.ihub/daksha/install/hw_interface/lib'
[3.858s] Level 1:colcon.colcon_core.shell:create_environment_hook('hw_interface', 'ld_library_path_lib')
[3.858s] INFO:colcon.colcon_core.shell:Creating environment hook '/home/phy_ai/.ihub/daksha/install/hw_interface/share/hw_interface/hook/ld_library_path_lib.ps1'
[3.859s] INFO:colcon.colcon_core.shell:Creating environment descriptor '/home/phy_ai/.ihub/daksha/install/hw_interface/share/hw_interface/hook/ld_library_path_lib.dsv'
[3.860s] INFO:colcon.colcon_core.shell:Creating environment hook '/home/phy_ai/.ihub/daksha/install/hw_interface/share/hw_interface/hook/ld_library_path_lib.sh'
[3.861s] Level 1:colcon.colcon_core.environment:checking '/home/phy_ai/.ihub/daksha/install/hw_interface/bin'
[3.862s] Level 1:colcon.colcon_core.environment:checking '/home/phy_ai/.ihub/daksha/install/hw_interface/lib/pkgconfig/hw_interface.pc'
[3.862s] Level 1:colcon.colcon_core.environment:checking '/home/phy_ai/.ihub/daksha/install/hw_interface/lib/python3.10/site-packages'
[3.862s] Level 1:colcon.colcon_core.environment:checking '/home/phy_ai/.ihub/daksha/install/hw_interface/bin'
[3.863s] INFO:colcon.colcon_core.shell:Creating package script '/home/phy_ai/.ihub/daksha/install/hw_interface/share/hw_interface/package.ps1'
[3.864s] INFO:colcon.colcon_core.shell:Creating package descriptor '/home/phy_ai/.ihub/daksha/install/hw_interface/share/hw_interface/package.dsv'
[3.865s] INFO:colcon.colcon_core.shell:Creating package script '/home/phy_ai/.ihub/daksha/install/hw_interface/share/hw_interface/package.sh'
[3.866s] INFO:colcon.colcon_core.shell:Creating package script '/home/phy_ai/.ihub/daksha/install/hw_interface/share/hw_interface/package.bash'
[3.867s] INFO:colcon.colcon_core.shell:Creating package script '/home/phy_ai/.ihub/daksha/install/hw_interface/share/hw_interface/package.zsh'
[3.868s] Level 1:colcon.colcon_core.environment:create_file_with_runtime_dependencies(/home/phy_ai/.ihub/daksha/install/hw_interface/share/colcon-core/packages/hw_interface)
[3.869s] Level 1:colcon.colcon_core.environment:create_environment_scripts_only(hw_interface)
[3.869s] Level 1:colcon.colcon_core.environment:checking '/home/phy_ai/.ihub/daksha/install/hw_interface' for CMake module files
[3.871s] Level 1:colcon.colcon_core.environment:checking '/home/phy_ai/.ihub/daksha/install/hw_interface' for CMake config files
[3.871s] Level 1:colcon.colcon_core.shell:create_environment_hook('hw_interface', 'cmake_prefix_path')
[3.872s] INFO:colcon.colcon_core.shell:Creating environment hook '/home/phy_ai/.ihub/daksha/install/hw_interface/share/hw_interface/hook/cmake_prefix_path.ps1'
[3.873s] INFO:colcon.colcon_core.shell:Creating environment descriptor '/home/phy_ai/.ihub/daksha/install/hw_interface/share/hw_interface/hook/cmake_prefix_path.dsv'
[3.873s] INFO:colcon.colcon_core.shell:Creating environment hook '/home/phy_ai/.ihub/daksha/install/hw_interface/share/hw_interface/hook/cmake_prefix_path.sh'
[3.874s] Level 1:colcon.colcon_core.environment:checking '/home/phy_ai/.ihub/daksha/install/hw_interface/lib'
[3.875s] Level 1:colcon.colcon_core.shell:create_environment_hook('hw_interface', 'ld_library_path_lib')
[3.875s] INFO:colcon.colcon_core.shell:Creating environment hook '/home/phy_ai/.ihub/daksha/install/hw_interface/share/hw_interface/hook/ld_library_path_lib.ps1'
[3.876s] INFO:colcon.colcon_core.shell:Creating environment descriptor '/home/phy_ai/.ihub/daksha/install/hw_interface/share/hw_interface/hook/ld_library_path_lib.dsv'
[3.877s] INFO:colcon.colcon_core.shell:Creating environment hook '/home/phy_ai/.ihub/daksha/install/hw_interface/share/hw_interface/hook/ld_library_path_lib.sh'
[3.877s] Level 1:colcon.colcon_core.environment:checking '/home/phy_ai/.ihub/daksha/install/hw_interface/bin'
[3.877s] Level 1:colcon.colcon_core.environment:checking '/home/phy_ai/.ihub/daksha/install/hw_interface/lib/pkgconfig/hw_interface.pc'
[3.878s] Level 1:colcon.colcon_core.environment:checking '/home/phy_ai/.ihub/daksha/install/hw_interface/lib/python3.10/site-packages'
[3.878s] Level 1:colcon.colcon_core.environment:checking '/home/phy_ai/.ihub/daksha/install/hw_interface/bin'
[3.879s] INFO:colcon.colcon_core.shell:Creating package script '/home/phy_ai/.ihub/daksha/install/hw_interface/share/hw_interface/package.ps1'
[3.880s] INFO:colcon.colcon_core.shell:Creating package descriptor '/home/phy_ai/.ihub/daksha/install/hw_interface/share/hw_interface/package.dsv'
[3.881s] INFO:colcon.colcon_core.shell:Creating package script '/home/phy_ai/.ihub/daksha/install/hw_interface/share/hw_interface/package.sh'
[3.882s] INFO:colcon.colcon_core.shell:Creating package script '/home/phy_ai/.ihub/daksha/install/hw_interface/share/hw_interface/package.bash'
[3.883s] INFO:colcon.colcon_core.shell:Creating package script '/home/phy_ai/.ihub/daksha/install/hw_interface/share/hw_interface/package.zsh'
[3.884s] Level 1:colcon.colcon_core.environment:create_file_with_runtime_dependencies(/home/phy_ai/.ihub/daksha/install/hw_interface/share/colcon-core/packages/hw_interface)
[3.885s] Level 1:colcon.colcon_core.environment:create_environment_scripts_only(daksha_msgs)
[3.885s] Level 1:colcon.colcon_core.environment:checking '/home/phy_ai/.ihub/daksha/install/daksha_msgs' for CMake module files
[3.887s] DEBUG:colcon.colcon_core.event_handler.log_command:Invoked command in '/home/phy_ai/.ihub/daksha/build/daksha_msgs' returned '0': CMAKE_PREFIX_PATH=${CMAKE_PREFIX_PATH}:/home/phy_ai/.ihub/daksha/install/motor_configure:/home/phy_ai/.ihub/daksha/install/world_camera_launch:/home/phy_ai/.ihub/daksha/install/motortest:/home/phy_ai/.ihub/daksha/install/gen2:/home/phy_ai/.ihub/daksha/install/vr_teleop:/home/phy_ai/.ihub/daksha/install/vajara:/home/phy_ai/.ihub/daksha/install/ros_tcp_endpoint:/home/phy_ai/.ihub/daksha/install/kinematics:/home/phy_ai/.ihub/daksha/install/joint_cmd_logger:/home/phy_ai/.ihub/daksha/install/joint_analyzer:/home/phy_ai/.ihub/daksha/install/daksha_data_collection:/home/phy_ai/.ihub/daksha/install/gen2_leader:/home/phy_ai/.ihub/daksha/install/daksha_final_urdf_description:/home/phy_ai/.ihub/daksha/install/daksha_description_full_body:/home/phy_ai/.ihub/daksha/install/daksha_api_bridge_leader:/home/phy_ai/.ihub/daksha/install/daksha_api_bridge_follower:/home/phy_ai/.barani/gen2_full/install/world_camera_launch:/home/phy_ai/.barani/gen2_full/install/gen2:/home/phy_ai/.barani/gen2_full/install/vr_teleop:/home/phy_ai/.barani/gen2_full/install/ros_tcp_endpoint:/home/phy_ai/.barani/gen2_full/install/nav_bringup:/home/phy_ai/.barani/gen2_full/install/nav2_config:/home/phy_ai/.barani/gen2_full/install/kinematics:/home/phy_ai/.barani/gen2_full/install/joint_cmd_logger:/home/phy_ai/.barani/gen2_full/install/joint_analyzer:/home/phy_ai/.barani/gen2_full/install/daksha_data_collection:/home/phy_ai/.barani/gen2_full/install/gen2_leader:/home/phy_ai/.barani/gen2_full/install/amr_bringup:/home/phy_ai/.barani/gen2_full/install/daksha_final_urdf_description:/home/phy_ai/.barani/gen2_full/install/daksha_description_full_body:/home/phy_ai/.barani/gen2_full/install/daksha_base_urdf:/home/phy_ai/.barani/gen2_full/install/daksha_api_bridge_leader:/home/phy_ai/.barani/gen2_full/install/daksha_api_bridge_follower:/opt/ros/humble /usr/bin/cmake --install /home/phy_ai/.ihub/daksha/build/daksha_msgs
[3.887s] Level 1:colcon.colcon_core.environment:checking '/home/phy_ai/.ihub/daksha/install/daksha_msgs' for CMake config files
[3.888s] Level 1:colcon.colcon_core.shell:create_environment_hook('daksha_msgs', 'cmake_prefix_path')
[3.888s] INFO:colcon.colcon_core.shell:Creating environment hook '/home/phy_ai/.ihub/daksha/install/daksha_msgs/share/daksha_msgs/hook/cmake_prefix_path.ps1'
[3.889s] INFO:colcon.colcon_core.shell:Creating environment descriptor '/home/phy_ai/.ihub/daksha/install/daksha_msgs/share/daksha_msgs/hook/cmake_prefix_path.dsv'
[3.890s] INFO:colcon.colcon_core.shell:Creating environment hook '/home/phy_ai/.ihub/daksha/install/daksha_msgs/share/daksha_msgs/hook/cmake_prefix_path.sh'
[3.891s] Level 1:colcon.colcon_core.environment:checking '/home/phy_ai/.ihub/daksha/install/daksha_msgs/lib'
[3.891s] Level 1:colcon.colcon_core.shell:create_environment_hook('daksha_msgs', 'ld_library_path_lib')
[3.892s] INFO:colcon.colcon_core.shell:Creating environment hook '/home/phy_ai/.ihub/daksha/install/daksha_msgs/share/daksha_msgs/hook/ld_library_path_lib.ps1'
[3.893s] INFO:colcon.colcon_core.shell:Creating environment descriptor '/home/phy_ai/.ihub/daksha/install/daksha_msgs/share/daksha_msgs/hook/ld_library_path_lib.dsv'
[3.893s] INFO:colcon.colcon_core.shell:Creating environment hook '/home/phy_ai/.ihub/daksha/install/daksha_msgs/share/daksha_msgs/hook/ld_library_path_lib.sh'
[3.895s] Level 1:colcon.colcon_core.environment:checking '/home/phy_ai/.ihub/daksha/install/daksha_msgs/bin'
[3.895s] Level 1:colcon.colcon_core.environment:checking '/home/phy_ai/.ihub/daksha/install/daksha_msgs/lib/pkgconfig/daksha_msgs.pc'
[3.895s] Level 1:colcon.colcon_core.environment:checking '/home/phy_ai/.ihub/daksha/install/daksha_msgs/lib/python3.10/site-packages'
[3.896s] Level 1:colcon.colcon_core.environment:checking '/home/phy_ai/.ihub/daksha/install/daksha_msgs/bin'
[3.896s] INFO:colcon.colcon_core.shell:Creating package script '/home/phy_ai/.ihub/daksha/install/daksha_msgs/share/daksha_msgs/package.ps1'
[3.897s] INFO:colcon.colcon_core.shell:Creating package descriptor '/home/phy_ai/.ihub/daksha/install/daksha_msgs/share/daksha_msgs/package.dsv'
[3.898s] INFO:colcon.colcon_core.shell:Creating package script '/home/phy_ai/.ihub/daksha/install/daksha_msgs/share/daksha_msgs/package.sh'
[3.899s] INFO:colcon.colcon_core.shell:Creating package script '/home/phy_ai/.ihub/daksha/install/daksha_msgs/share/daksha_msgs/package.bash'
[3.900s] INFO:colcon.colcon_core.shell:Creating package script '/home/phy_ai/.ihub/daksha/install/daksha_msgs/share/daksha_msgs/package.zsh'
[3.901s] Level 1:colcon.colcon_core.environment:create_file_with_runtime_dependencies(/home/phy_ai/.ihub/daksha/install/daksha_msgs/share/colcon-core/packages/daksha_msgs)
[3.902s] Level 1:colcon.colcon_core.environment:create_environment_scripts_only(daksha_msgs)
[3.902s] Level 1:colcon.colcon_core.environment:checking '/home/phy_ai/.ihub/daksha/install/daksha_msgs' for CMake module files
[3.904s] Level 1:colcon.colcon_core.environment:checking '/home/phy_ai/.ihub/daksha/install/daksha_msgs' for CMake config files
[3.904s] Level 1:colcon.colcon_core.shell:create_environment_hook('daksha_msgs', 'cmake_prefix_path')
[3.905s] INFO:colcon.colcon_core.shell:Creating environment hook '/home/phy_ai/.ihub/daksha/install/daksha_msgs/share/daksha_msgs/hook/cmake_prefix_path.ps1'
[3.905s] INFO:colcon.colcon_core.shell:Creating environment descriptor '/home/phy_ai/.ihub/daksha/install/daksha_msgs/share/daksha_msgs/hook/cmake_prefix_path.dsv'
[3.906s] INFO:colcon.colcon_core.shell:Creating environment hook '/home/phy_ai/.ihub/daksha/install/daksha_msgs/share/daksha_msgs/hook/cmake_prefix_path.sh'
[3.907s] Level 1:colcon.colcon_core.environment:checking '/home/phy_ai/.ihub/daksha/install/daksha_msgs/lib'
[3.908s] Level 1:colcon.colcon_core.shell:create_environment_hook('daksha_msgs', 'ld_library_path_lib')
[3.908s] INFO:colcon.colcon_core.shell:Creating environment hook '/home/phy_ai/.ihub/daksha/install/daksha_msgs/share/daksha_msgs/hook/ld_library_path_lib.ps1'
[3.909s] INFO:colcon.colcon_core.shell:Creating environment descriptor '/home/phy_ai/.ihub/daksha/install/daksha_msgs/share/daksha_msgs/hook/ld_library_path_lib.dsv'
[3.910s] INFO:colcon.colcon_core.shell:Creating environment hook '/home/phy_ai/.ihub/daksha/install/daksha_msgs/share/daksha_msgs/hook/ld_library_path_lib.sh'
[3.910s] Level 1:colcon.colcon_core.environment:checking '/home/phy_ai/.ihub/daksha/install/daksha_msgs/bin'
[3.911s] Level 1:colcon.colcon_core.environment:checking '/home/phy_ai/.ihub/daksha/install/daksha_msgs/lib/pkgconfig/daksha_msgs.pc'
[3.911s] Level 1:colcon.colcon_core.environment:checking '/home/phy_ai/.ihub/daksha/install/daksha_msgs/lib/python3.10/site-packages'
[3.912s] Level 1:colcon.colcon_core.environment:checking '/home/phy_ai/.ihub/daksha/install/daksha_msgs/bin'
[3.912s] INFO:colcon.colcon_core.shell:Creating package script '/home/phy_ai/.ihub/daksha/install/daksha_msgs/share/daksha_msgs/package.ps1'
[3.914s] INFO:colcon.colcon_core.shell:Creating package descriptor '/home/phy_ai/.ihub/daksha/install/daksha_msgs/share/daksha_msgs/package.dsv'
[3.915s] INFO:colcon.colcon_core.shell:Creating package script '/home/phy_ai/.ihub/daksha/install/daksha_msgs/share/daksha_msgs/package.sh'
[3.916s] INFO:colcon.colcon_core.shell:Creating package script '/home/phy_ai/.ihub/daksha/install/daksha_msgs/share/daksha_msgs/package.bash'
[3.916s] INFO:colcon.colcon_core.shell:Creating package script '/home/phy_ai/.ihub/daksha/install/daksha_msgs/share/daksha_msgs/package.zsh'
[3.917s] Level 1:colcon.colcon_core.environment:create_file_with_runtime_dependencies(/home/phy_ai/.ihub/daksha/install/daksha_msgs/share/colcon-core/packages/daksha_msgs)
[3.923s] INFO:colcon.colcon_ros.task.ament_python.build:Building ROS package in '/home/phy_ai/.ihub/daksha/src/ui/Clients_UI/daksha_data_collection' with build type 'ament_python'
[3.923s] Level 1:colcon.colcon_core.shell:create_environment_hook('daksha_data_collection', 'ament_prefix_path')
[3.924s] INFO:colcon.colcon_core.shell:Creating environment hook '/home/phy_ai/.ihub/daksha/install/daksha_data_collection/share/daksha_data_collection/hook/ament_prefix_path.ps1'
[3.925s] INFO:colcon.colcon_core.shell:Creating environment descriptor '/home/phy_ai/.ihub/daksha/install/daksha_data_collection/share/daksha_data_collection/hook/ament_prefix_path.dsv'
[3.927s] INFO:colcon.colcon_core.shell:Creating environment hook '/home/phy_ai/.ihub/daksha/install/daksha_data_collection/share/daksha_data_collection/hook/ament_prefix_path.sh'
[3.929s] INFO:colcon.colcon_core.shell:Skip shell extension 'powershell' for command environment: Not usable outside of PowerShell
[3.929s] DEBUG:colcon.colcon_core.shell:Skip shell extension 'dsv' for command environment
[3.946s] Level 1:colcon.colcon_core.environment:create_environment_scripts_only(gesture_management)
[3.947s] Level 1:colcon.colcon_core.environment:checking '/home/phy_ai/.ihub/daksha/install/gesture_management' for CMake module files
[3.949s] DEBUG:colcon.colcon_core.event_handler.log_command:Invoked command in '/home/phy_ai/.ihub/daksha/build/gesture_management' returned '0': CMAKE_PREFIX_PATH=${CMAKE_PREFIX_PATH}:/home/phy_ai/.ihub/daksha/install/motor_configure:/home/phy_ai/.ihub/daksha/install/world_camera_launch:/home/phy_ai/.ihub/daksha/install/motortest:/home/phy_ai/.ihub/daksha/install/gen2:/home/phy_ai/.ihub/daksha/install/vr_teleop:/home/phy_ai/.ihub/daksha/install/vajara:/home/phy_ai/.ihub/daksha/install/ros_tcp_endpoint:/home/phy_ai/.ihub/daksha/install/kinematics:/home/phy_ai/.ihub/daksha/install/joint_cmd_logger:/home/phy_ai/.ihub/daksha/install/joint_analyzer:/home/phy_ai/.ihub/daksha/install/daksha_data_collection:/home/phy_ai/.ihub/daksha/install/gen2_leader:/home/phy_ai/.ihub/daksha/install/daksha_final_urdf_description:/home/phy_ai/.ihub/daksha/install/daksha_description_full_body:/home/phy_ai/.ihub/daksha/install/daksha_api_bridge_leader:/home/phy_ai/.ihub/daksha/install/daksha_api_bridge_follower:/home/phy_ai/.barani/gen2_full/install/world_camera_launch:/home/phy_ai/.barani/gen2_full/install/gen2:/home/phy_ai/.barani/gen2_full/install/vr_teleop:/home/phy_ai/.barani/gen2_full/install/ros_tcp_endpoint:/home/phy_ai/.barani/gen2_full/install/nav_bringup:/home/phy_ai/.barani/gen2_full/install/nav2_config:/home/phy_ai/.barani/gen2_full/install/kinematics:/home/phy_ai/.barani/gen2_full/install/joint_cmd_logger:/home/phy_ai/.barani/gen2_full/install/joint_analyzer:/home/phy_ai/.barani/gen2_full/install/daksha_data_collection:/home/phy_ai/.barani/gen2_full/install/gen2_leader:/home/phy_ai/.barani/gen2_full/install/amr_bringup:/home/phy_ai/.barani/gen2_full/install/daksha_final_urdf_description:/home/phy_ai/.barani/gen2_full/install/daksha_description_full_body:/home/phy_ai/.barani/gen2_full/install/daksha_base_urdf:/home/phy_ai/.barani/gen2_full/install/daksha_api_bridge_leader:/home/phy_ai/.barani/gen2_full/install/daksha_api_bridge_follower:/opt/ros/humble /usr/bin/cmake --install /home/phy_ai/.ihub/daksha/build/gesture_management
[3.951s] Level 1:colcon.colcon_core.environment:checking '/home/phy_ai/.ihub/daksha/install/gesture_management' for CMake config files
[3.951s] Level 1:colcon.colcon_core.shell:create_environment_hook('gesture_management', 'cmake_prefix_path')
[3.952s] INFO:colcon.colcon_core.shell:Creating environment hook '/home/phy_ai/.ihub/daksha/install/gesture_management/share/gesture_management/hook/cmake_prefix_path.ps1'
[3.953s] INFO:colcon.colcon_core.shell:Creating environment descriptor '/home/phy_ai/.ihub/daksha/install/gesture_management/share/gesture_management/hook/cmake_prefix_path.dsv'
[3.954s] INFO:colcon.colcon_core.shell:Creating environment hook '/home/phy_ai/.ihub/daksha/install/gesture_management/share/gesture_management/hook/cmake_prefix_path.sh'
[3.955s] Level 1:colcon.colcon_core.environment:checking '/home/phy_ai/.ihub/daksha/install/gesture_management/lib'
[3.955s] Level 1:colcon.colcon_core.shell:create_environment_hook('gesture_management', 'ld_library_path_lib')
[3.956s] INFO:colcon.colcon_core.shell:Creating environment hook '/home/phy_ai/.ihub/daksha/install/gesture_management/share/gesture_management/hook/ld_library_path_lib.ps1'
[3.956s] INFO:colcon.colcon_core.shell:Creating environment descriptor '/home/phy_ai/.ihub/daksha/install/gesture_management/share/gesture_management/hook/ld_library_path_lib.dsv'
[3.957s] INFO:colcon.colcon_core.shell:Creating environment hook '/home/phy_ai/.ihub/daksha/install/gesture_management/share/gesture_management/hook/ld_library_path_lib.sh'
[3.958s] Level 1:colcon.colcon_core.environment:checking '/home/phy_ai/.ihub/daksha/install/gesture_management/bin'
[3.958s] Level 1:colcon.colcon_core.environment:checking '/home/phy_ai/.ihub/daksha/install/gesture_management/lib/pkgconfig/gesture_management.pc'
[3.959s] Level 1:colcon.colcon_core.environment:checking '/home/phy_ai/.ihub/daksha/install/gesture_management/lib/python3.10/site-packages'
[3.959s] Level 1:colcon.colcon_core.environment:checking '/home/phy_ai/.ihub/daksha/install/gesture_management/bin'
[3.960s] INFO:colcon.colcon_core.shell:Creating package script '/home/phy_ai/.ihub/daksha/install/gesture_management/share/gesture_management/package.ps1'
[3.962s] INFO:colcon.colcon_core.shell:Creating package descriptor '/home/phy_ai/.ihub/daksha/install/gesture_management/share/gesture_management/package.dsv'
[3.963s] INFO:colcon.colcon_core.shell:Creating package script '/home/phy_ai/.ihub/daksha/install/gesture_management/share/gesture_management/package.sh'
[3.964s] INFO:colcon.colcon_core.shell:Creating package script '/home/phy_ai/.ihub/daksha/install/gesture_management/share/gesture_management/package.bash'
[3.965s] INFO:colcon.colcon_core.shell:Creating package script '/home/phy_ai/.ihub/daksha/install/gesture_management/share/gesture_management/package.zsh'
[3.965s] Level 1:colcon.colcon_core.environment:create_file_with_runtime_dependencies(/home/phy_ai/.ihub/daksha/install/gesture_management/share/colcon-core/packages/gesture_management)
[3.967s] Level 1:colcon.colcon_core.environment:create_environment_scripts_only(gesture_management)
[3.967s] Level 1:colcon.colcon_core.environment:checking '/home/phy_ai/.ihub/daksha/install/gesture_management' for CMake module files
[3.968s] Level 1:colcon.colcon_core.environment:checking '/home/phy_ai/.ihub/daksha/install/gesture_management' for CMake config files
[3.969s] Level 1:colcon.colcon_core.shell:create_environment_hook('gesture_management', 'cmake_prefix_path')
[3.970s] INFO:colcon.colcon_core.shell:Creating environment hook '/home/phy_ai/.ihub/daksha/install/gesture_management/share/gesture_management/hook/cmake_prefix_path.ps1'
[3.971s] INFO:colcon.colcon_core.shell:Creating environment descriptor '/home/phy_ai/.ihub/daksha/install/gesture_management/share/gesture_management/hook/cmake_prefix_path.dsv'
[3.971s] INFO:colcon.colcon_core.shell:Creating environment hook '/home/phy_ai/.ihub/daksha/install/gesture_management/share/gesture_management/hook/cmake_prefix_path.sh'
[3.973s] Level 1:colcon.colcon_core.environment:checking '/home/phy_ai/.ihub/daksha/install/gesture_management/lib'
[3.973s] Level 1:colcon.colcon_core.shell:create_environment_hook('gesture_management', 'ld_library_path_lib')
[3.973s] INFO:colcon.colcon_core.shell:Creating environment hook '/home/phy_ai/.ihub/daksha/install/gesture_management/share/gesture_management/hook/ld_library_path_lib.ps1'
[3.974s] INFO:colcon.colcon_core.shell:Creating environment descriptor '/home/phy_ai/.ihub/daksha/install/gesture_management/share/gesture_management/hook/ld_library_path_lib.dsv'
[3.975s] INFO:colcon.colcon_core.shell:Creating environment hook '/home/phy_ai/.ihub/daksha/install/gesture_management/share/gesture_management/hook/ld_library_path_lib.sh'
[3.976s] Level 1:colcon.colcon_core.environment:checking '/home/phy_ai/.ihub/daksha/install/gesture_management/bin'
[3.976s] Level 1:colcon.colcon_core.environment:checking '/home/phy_ai/.ihub/daksha/install/gesture_management/lib/pkgconfig/gesture_management.pc'
[3.977s] Level 1:colcon.colcon_core.environment:checking '/home/phy_ai/.ihub/daksha/install/gesture_management/lib/python3.10/site-packages'
[3.977s] Level 1:colcon.colcon_core.environment:checking '/home/phy_ai/.ihub/daksha/install/gesture_management/bin'
[3.978s] INFO:colcon.colcon_core.shell:Creating package script '/home/phy_ai/.ihub/daksha/install/gesture_management/share/gesture_management/package.ps1'
[3.979s] INFO:colcon.colcon_core.shell:Creating package descriptor '/home/phy_ai/.ihub/daksha/install/gesture_management/share/gesture_management/package.dsv'
[3.980s] INFO:colcon.colcon_core.shell:Creating package script '/home/phy_ai/.ihub/daksha/install/gesture_management/share/gesture_management/package.sh'
[3.981s] INFO:colcon.colcon_core.shell:Creating package script '/home/phy_ai/.ihub/daksha/install/gesture_management/share/gesture_management/package.bash'
[3.982s] INFO:colcon.colcon_core.shell:Creating package script '/home/phy_ai/.ihub/daksha/install/gesture_management/share/gesture_management/package.zsh'
[3.983s] Level 1:colcon.colcon_core.environment:create_file_with_runtime_dependencies(/home/phy_ai/.ihub/daksha/install/gesture_management/share/colcon-core/packages/gesture_management)
[3.986s] Level 1:colcon.colcon_core.environment:create_environment_scripts_only(posveleff_controllers)
[3.986s] Level 1:colcon.colcon_core.environment:checking '/home/phy_ai/.ihub/daksha/install/posveleff_controllers' for CMake module files
[3.988s] DEBUG:colcon.colcon_core.event_handler.log_command:Invoked command in '/home/phy_ai/.ihub/daksha/build/posveleff_controllers' returned '0': CMAKE_PREFIX_PATH=${CMAKE_PREFIX_PATH}:/home/phy_ai/.ihub/daksha/install/motor_configure:/home/phy_ai/.ihub/daksha/install/world_camera_launch:/home/phy_ai/.ihub/daksha/install/motortest:/home/phy_ai/.ihub/daksha/install/gen2:/home/phy_ai/.ihub/daksha/install/vr_teleop:/home/phy_ai/.ihub/daksha/install/vajara:/home/phy_ai/.ihub/daksha/install/ros_tcp_endpoint:/home/phy_ai/.ihub/daksha/install/kinematics:/home/phy_ai/.ihub/daksha/install/joint_cmd_logger:/home/phy_ai/.ihub/daksha/install/joint_analyzer:/home/phy_ai/.ihub/daksha/install/daksha_data_collection:/home/phy_ai/.ihub/daksha/install/gen2_leader:/home/phy_ai/.ihub/daksha/install/daksha_final_urdf_description:/home/phy_ai/.ihub/daksha/install/daksha_description_full_body:/home/phy_ai/.ihub/daksha/install/daksha_api_bridge_leader:/home/phy_ai/.ihub/daksha/install/daksha_api_bridge_follower:/home/phy_ai/.barani/gen2_full/install/world_camera_launch:/home/phy_ai/.barani/gen2_full/install/gen2:/home/phy_ai/.barani/gen2_full/install/vr_teleop:/home/phy_ai/.barani/gen2_full/install/ros_tcp_endpoint:/home/phy_ai/.barani/gen2_full/install/nav_bringup:/home/phy_ai/.barani/gen2_full/install/nav2_config:/home/phy_ai/.barani/gen2_full/install/kinematics:/home/phy_ai/.barani/gen2_full/install/joint_cmd_logger:/home/phy_ai/.barani/gen2_full/install/joint_analyzer:/home/phy_ai/.barani/gen2_full/install/daksha_data_collection:/home/phy_ai/.barani/gen2_full/install/gen2_leader:/home/phy_ai/.barani/gen2_full/install/amr_bringup:/home/phy_ai/.barani/gen2_full/install/daksha_final_urdf_description:/home/phy_ai/.barani/gen2_full/install/daksha_description_full_body:/home/phy_ai/.barani/gen2_full/install/daksha_base_urdf:/home/phy_ai/.barani/gen2_full/install/daksha_api_bridge_leader:/home/phy_ai/.barani/gen2_full/install/daksha_api_bridge_follower:/opt/ros/humble /usr/bin/cmake --install /home/phy_ai/.ihub/daksha/build/posveleff_controllers
[3.988s] Level 1:colcon.colcon_core.environment:checking '/home/phy_ai/.ihub/daksha/install/posveleff_controllers' for CMake config files
[3.989s] Level 1:colcon.colcon_core.shell:create_environment_hook('posveleff_controllers', 'cmake_prefix_path')
[3.989s] INFO:colcon.colcon_core.shell:Creating environment hook '/home/phy_ai/.ihub/daksha/install/posveleff_controllers/share/posveleff_controllers/hook/cmake_prefix_path.ps1'
[3.990s] INFO:colcon.colcon_core.shell:Creating environment descriptor '/home/phy_ai/.ihub/daksha/install/posveleff_controllers/share/posveleff_controllers/hook/cmake_prefix_path.dsv'
[3.991s] INFO:colcon.colcon_core.shell:Creating environment hook '/home/phy_ai/.ihub/daksha/install/posveleff_controllers/share/posveleff_controllers/hook/cmake_prefix_path.sh'
[3.992s] Level 1:colcon.colcon_core.environment:checking '/home/phy_ai/.ihub/daksha/install/posveleff_controllers/lib'
[3.992s] Level 1:colcon.colcon_core.shell:create_environment_hook('posveleff_controllers', 'ld_library_path_lib')
[3.993s] INFO:colcon.colcon_core.shell:Creating environment hook '/home/phy_ai/.ihub/daksha/install/posveleff_controllers/share/posveleff_controllers/hook/ld_library_path_lib.ps1'
[3.994s] INFO:colcon.colcon_core.shell:Creating environment descriptor '/home/phy_ai/.ihub/daksha/install/posveleff_controllers/share/posveleff_controllers/hook/ld_library_path_lib.dsv'
[3.995s] INFO:colcon.colcon_core.shell:Creating environment hook '/home/phy_ai/.ihub/daksha/install/posveleff_controllers/share/posveleff_controllers/hook/ld_library_path_lib.sh'
[3.996s] Level 1:colcon.colcon_core.environment:checking '/home/phy_ai/.ihub/daksha/install/posveleff_controllers/bin'
[3.996s] Level 1:colcon.colcon_core.environment:checking '/home/phy_ai/.ihub/daksha/install/posveleff_controllers/lib/pkgconfig/posveleff_controllers.pc'
[3.996s] Level 1:colcon.colcon_core.environment:checking '/home/phy_ai/.ihub/daksha/install/posveleff_controllers/lib/python3.10/site-packages'
[3.997s] Level 1:colcon.colcon_core.environment:checking '/home/phy_ai/.ihub/daksha/install/posveleff_controllers/bin'
[3.998s] INFO:colcon.colcon_core.shell:Creating package script '/home/phy_ai/.ihub/daksha/install/posveleff_controllers/share/posveleff_controllers/package.ps1'
[3.999s] INFO:colcon.colcon_core.shell:Creating package descriptor '/home/phy_ai/.ihub/daksha/install/posveleff_controllers/share/posveleff_controllers/package.dsv'
[4.000s] INFO:colcon.colcon_core.shell:Creating package script '/home/phy_ai/.ihub/daksha/install/posveleff_controllers/share/posveleff_controllers/package.sh'
[4.001s] INFO:colcon.colcon_core.shell:Creating package script '/home/phy_ai/.ihub/daksha/install/posveleff_controllers/share/posveleff_controllers/package.bash'
[4.002s] INFO:colcon.colcon_core.shell:Creating package script '/home/phy_ai/.ihub/daksha/install/posveleff_controllers/share/posveleff_controllers/package.zsh'
[4.003s] Level 1:colcon.colcon_core.environment:create_file_with_runtime_dependencies(/home/phy_ai/.ihub/daksha/install/posveleff_controllers/share/colcon-core/packages/posveleff_controllers)
[4.004s] Level 1:colcon.colcon_core.environment:create_environment_scripts_only(posveleff_controllers)
[4.004s] Level 1:colcon.colcon_core.environment:checking '/home/phy_ai/.ihub/daksha/install/posveleff_controllers' for CMake module files
[4.005s] Level 1:colcon.colcon_core.environment:checking '/home/phy_ai/.ihub/daksha/install/posveleff_controllers' for CMake config files
[4.006s] Level 1:colcon.colcon_core.shell:create_environment_hook('posveleff_controllers', 'cmake_prefix_path')
[4.006s] INFO:colcon.colcon_core.shell:Creating environment hook '/home/phy_ai/.ihub/daksha/install/posveleff_controllers/share/posveleff_controllers/hook/cmake_prefix_path.ps1'
[4.007s] INFO:colcon.colcon_core.shell:Creating environment descriptor '/home/phy_ai/.ihub/daksha/install/posveleff_controllers/share/posveleff_controllers/hook/cmake_prefix_path.dsv'
[4.008s] INFO:colcon.colcon_core.shell:Creating environment hook '/home/phy_ai/.ihub/daksha/install/posveleff_controllers/share/posveleff_controllers/hook/cmake_prefix_path.sh'
[4.009s] Level 1:colcon.colcon_core.environment:checking '/home/phy_ai/.ihub/daksha/install/posveleff_controllers/lib'
[4.009s] Level 1:colcon.colcon_core.shell:create_environment_hook('posveleff_controllers', 'ld_library_path_lib')
[4.010s] INFO:colcon.colcon_core.shell:Creating environment hook '/home/phy_ai/.ihub/daksha/install/posveleff_controllers/share/posveleff_controllers/hook/ld_library_path_lib.ps1'
[4.011s] INFO:colcon.colcon_core.shell:Creating environment descriptor '/home/phy_ai/.ihub/daksha/install/posveleff_controllers/share/posveleff_controllers/hook/ld_library_path_lib.dsv'
[4.011s] INFO:colcon.colcon_core.shell:Creating environment hook '/home/phy_ai/.ihub/daksha/install/posveleff_controllers/share/posveleff_controllers/hook/ld_library_path_lib.sh'
[4.012s] Level 1:colcon.colcon_core.environment:checking '/home/phy_ai/.ihub/daksha/install/posveleff_controllers/bin'
[4.012s] Level 1:colcon.colcon_core.environment:checking '/home/phy_ai/.ihub/daksha/install/posveleff_controllers/lib/pkgconfig/posveleff_controllers.pc'
[4.012s] Level 1:colcon.colcon_core.environment:checking '/home/phy_ai/.ihub/daksha/install/posveleff_controllers/lib/python3.10/site-packages'
[4.013s] Level 1:colcon.colcon_core.environment:checking '/home/phy_ai/.ihub/daksha/install/posveleff_controllers/bin'
[4.014s] INFO:colcon.colcon_core.shell:Creating package script '/home/phy_ai/.ihub/daksha/install/posveleff_controllers/share/posveleff_controllers/package.ps1'
[4.015s] INFO:colcon.colcon_core.shell:Creating package descriptor '/home/phy_ai/.ihub/daksha/install/posveleff_controllers/share/posveleff_controllers/package.dsv'
[4.016s] INFO:colcon.colcon_core.shell:Creating package script '/home/phy_ai/.ihub/daksha/install/posveleff_controllers/share/posveleff_controllers/package.sh'
[4.018s] INFO:colcon.colcon_core.shell:Creating package script '/home/phy_ai/.ihub/daksha/install/posveleff_controllers/share/posveleff_controllers/package.bash'
[4.019s] INFO:colcon.colcon_core.shell:Creating package script '/home/phy_ai/.ihub/daksha/install/posveleff_controllers/share/posveleff_controllers/package.zsh'
[4.020s] Level 1:colcon.colcon_core.environment:create_file_with_runtime_dependencies(/home/phy_ai/.ihub/daksha/install/posveleff_controllers/share/colcon-core/packages/posveleff_controllers)
[4.460s] INFO:colcon.colcon_core.task.python.build:Building Python package in '/home/phy_ai/.ihub/daksha/src/diagnosis/vajara'
[4.460s] INFO:colcon.colcon_core.shell:Skip shell extension 'powershell' for command environment: Not usable outside of PowerShell
[4.460s] DEBUG:colcon.colcon_core.shell:Skip shell extension 'dsv' for command environment
[4.471s] DEBUG:colcon.colcon_core.event_handler.log_command:Invoking command in '/home/phy_ai/.ihub/daksha/build/web_nav_site': CMAKE_PREFIX_PATH=${CMAKE_PREFIX_PATH}:/home/phy_ai/.ihub/daksha/install/motor_configure:/home/phy_ai/.ihub/daksha/install/world_camera_launch:/home/phy_ai/.ihub/daksha/install/motortest:/home/phy_ai/.ihub/daksha/install/gen2:/home/phy_ai/.ihub/daksha/install/vr_teleop:/home/phy_ai/.ihub/daksha/install/vajara:/home/phy_ai/.ihub/daksha/install/ros_tcp_endpoint:/home/phy_ai/.ihub/daksha/install/kinematics:/home/phy_ai/.ihub/daksha/install/joint_cmd_logger:/home/phy_ai/.ihub/daksha/install/joint_analyzer:/home/phy_ai/.ihub/daksha/install/daksha_data_collection:/home/phy_ai/.ihub/daksha/install/gen2_leader:/home/phy_ai/.ihub/daksha/install/daksha_final_urdf_description:/home/phy_ai/.ihub/daksha/install/daksha_description_full_body:/home/phy_ai/.ihub/daksha/install/daksha_api_bridge_leader:/home/phy_ai/.ihub/daksha/install/daksha_api_bridge_follower:/home/phy_ai/.barani/gen2_full/install/world_camera_launch:/home/phy_ai/.barani/gen2_full/install/gen2:/home/phy_ai/.barani/gen2_full/install/vr_teleop:/home/phy_ai/.barani/gen2_full/install/ros_tcp_endpoint:/home/phy_ai/.barani/gen2_full/install/nav_bringup:/home/phy_ai/.barani/gen2_full/install/nav2_config:/home/phy_ai/.barani/gen2_full/install/kinematics:/home/phy_ai/.barani/gen2_full/install/joint_cmd_logger:/home/phy_ai/.barani/gen2_full/install/joint_analyzer:/home/phy_ai/.barani/gen2_full/install/daksha_data_collection:/home/phy_ai/.barani/gen2_full/install/gen2_leader:/home/phy_ai/.barani/gen2_full/install/amr_bringup:/home/phy_ai/.barani/gen2_full/install/daksha_final_urdf_description:/home/phy_ai/.barani/gen2_full/install/daksha_description_full_body:/home/phy_ai/.barani/gen2_full/install/daksha_base_urdf:/home/phy_ai/.barani/gen2_full/install/daksha_api_bridge_leader:/home/phy_ai/.barani/gen2_full/install/daksha_api_bridge_follower:/opt/ros/humble /usr/bin/cmake --build /home/phy_ai/.ihub/daksha/build/web_nav_site -- -j16 -l16
[4.757s] INFO:colcon.colcon_core.task.python.build:Building Python package in '/home/phy_ai/.ihub/daksha/src/world_camera_launch'
[4.757s] INFO:colcon.colcon_core.shell:Skip shell extension 'powershell' for command environment: Not usable outside of PowerShell
[4.757s] DEBUG:colcon.colcon_core.shell:Skip shell extension 'dsv' for command environment
[5.079s] INFO:colcon.colcon_core.task.python.build:Building Python package in '/home/phy_ai/.ihub/daksha/src/ui/Clients_UI/daksha_data_collection'
[5.079s] INFO:colcon.colcon_core.shell:Skip shell extension 'powershell' for command environment: Not usable outside of PowerShell
[5.080s] DEBUG:colcon.colcon_core.shell:Skip shell extension 'dsv' for command environment
[5.100s] DEBUG:colcon.colcon_core.event_handler.log_command:Invoked command in '/home/phy_ai/.ihub/daksha/build/web_nav_site' returned '0': CMAKE_PREFIX_PATH=${CMAKE_PREFIX_PATH}:/home/phy_ai/.ihub/daksha/install/motor_configure:/home/phy_ai/.ihub/daksha/install/world_camera_launch:/home/phy_ai/.ihub/daksha/install/motortest:/home/phy_ai/.ihub/daksha/install/gen2:/home/phy_ai/.ihub/daksha/install/vr_teleop:/home/phy_ai/.ihub/daksha/install/vajara:/home/phy_ai/.ihub/daksha/install/ros_tcp_endpoint:/home/phy_ai/.ihub/daksha/install/kinematics:/home/phy_ai/.ihub/daksha/install/joint_cmd_logger:/home/phy_ai/.ihub/daksha/install/joint_analyzer:/home/phy_ai/.ihub/daksha/install/daksha_data_collection:/home/phy_ai/.ihub/daksha/install/gen2_leader:/home/phy_ai/.ihub/daksha/install/daksha_final_urdf_description:/home/phy_ai/.ihub/daksha/install/daksha_description_full_body:/home/phy_ai/.ihub/daksha/install/daksha_api_bridge_leader:/home/phy_ai/.ihub/daksha/install/daksha_api_bridge_follower:/home/phy_ai/.barani/gen2_full/install/world_camera_launch:/home/phy_ai/.barani/gen2_full/install/gen2:/home/phy_ai/.barani/gen2_full/install/vr_teleop:/home/phy_ai/.barani/gen2_full/install/ros_tcp_endpoint:/home/phy_ai/.barani/gen2_full/install/nav_bringup:/home/phy_ai/.barani/gen2_full/install/nav2_config:/home/phy_ai/.barani/gen2_full/install/kinematics:/home/phy_ai/.barani/gen2_full/install/joint_cmd_logger:/home/phy_ai/.barani/gen2_full/install/joint_analyzer:/home/phy_ai/.barani/gen2_full/install/daksha_data_collection:/home/phy_ai/.barani/gen2_full/install/gen2_leader:/home/phy_ai/.barani/gen2_full/install/amr_bringup:/home/phy_ai/.barani/gen2_full/install/daksha_final_urdf_description:/home/phy_ai/.barani/gen2_full/install/daksha_description_full_body:/home/phy_ai/.barani/gen2_full/install/daksha_base_urdf:/home/phy_ai/.barani/gen2_full/install/daksha_api_bridge_leader:/home/phy_ai/.barani/gen2_full/install/daksha_api_bridge_follower:/opt/ros/humble /usr/bin/cmake --build /home/phy_ai/.ihub/daksha/build/web_nav_site -- -j16 -l16
[5.103s] DEBUG:colcon.colcon_core.event_handler.log_command:Invoking command in '/home/phy_ai/.ihub/daksha/build/web_nav_site': CMAKE_PREFIX_PATH=${CMAKE_PREFIX_PATH}:/home/phy_ai/.ihub/daksha/install/motor_configure:/home/phy_ai/.ihub/daksha/install/world_camera_launch:/home/phy_ai/.ihub/daksha/install/motortest:/home/phy_ai/.ihub/daksha/install/gen2:/home/phy_ai/.ihub/daksha/install/vr_teleop:/home/phy_ai/.ihub/daksha/install/vajara:/home/phy_ai/.ihub/daksha/install/ros_tcp_endpoint:/home/phy_ai/.ihub/daksha/install/kinematics:/home/phy_ai/.ihub/daksha/install/joint_cmd_logger:/home/phy_ai/.ihub/daksha/install/joint_analyzer:/home/phy_ai/.ihub/daksha/install/daksha_data_collection:/home/phy_ai/.ihub/daksha/install/gen2_leader:/home/phy_ai/.ihub/daksha/install/daksha_final_urdf_description:/home/phy_ai/.ihub/daksha/install/daksha_description_full_body:/home/phy_ai/.ihub/daksha/install/daksha_api_bridge_leader:/home/phy_ai/.ihub/daksha/install/daksha_api_bridge_follower:/home/phy_ai/.barani/gen2_full/install/world_camera_launch:/home/phy_ai/.barani/gen2_full/install/gen2:/home/phy_ai/.barani/gen2_full/install/vr_teleop:/home/phy_ai/.barani/gen2_full/install/ros_tcp_endpoint:/home/phy_ai/.barani/gen2_full/install/nav_bringup:/home/phy_ai/.barani/gen2_full/install/nav2_config:/home/phy_ai/.barani/gen2_full/install/kinematics:/home/phy_ai/.barani/gen2_full/install/joint_cmd_logger:/home/phy_ai/.barani/gen2_full/install/joint_analyzer:/home/phy_ai/.barani/gen2_full/install/daksha_data_collection:/home/phy_ai/.barani/gen2_full/install/gen2_leader:/home/phy_ai/.barani/gen2_full/install/amr_bringup:/home/phy_ai/.barani/gen2_full/install/daksha_final_urdf_description:/home/phy_ai/.barani/gen2_full/install/daksha_description_full_body:/home/phy_ai/.barani/gen2_full/install/daksha_base_urdf:/home/phy_ai/.barani/gen2_full/install/daksha_api_bridge_leader:/home/phy_ai/.barani/gen2_full/install/daksha_api_bridge_follower:/opt/ros/humble /usr/bin/cmake --install /home/phy_ai/.ihub/daksha/build/web_nav_site
[5.104s] DEBUG:colcon.colcon_core.task.python.build:Available setuptools commands: bdist_rpm, symlink_data, install_data, test, build_ext, upload_docs, update_catalog, register, install_headers, install_scripts, init_catalog, build, upload, develop, rotate, install_egg_info, compile_catalog, install, easy_install, egg_info, build_scripts, dist_info, install_lib, bdist_egg, alias, extract_messages, sdist, setopt, bdist_wheel, build_clib, bdist, saveopts, bdist_dumb, clean, build_py, check
[5.107s] DEBUG:colcon.colcon_core.task.python.build:Available setuptools commands: bdist_rpm, symlink_data, install_data, test, build_ext, upload_docs, update_catalog, register, install_headers, install_scripts, init_catalog, build, upload, develop, rotate, install_egg_info, compile_catalog, install, easy_install, egg_info, build_scripts, dist_info, install_lib, bdist_egg, alias, extract_messages, sdist, setopt, bdist_wheel, build_clib, bdist, saveopts, bdist_dumb, clean, build_py, check
[5.110s] DEBUG:colcon.colcon_core.task.python.build:Available setuptools commands: bdist_rpm, symlink_data, install_data, test, build_ext, upload_docs, update_catalog, register, install_headers, install_scripts, init_catalog, build, upload, develop, rotate, install_egg_info, compile_catalog, install, easy_install, egg_info, build_scripts, dist_info, install_lib, bdist_egg, alias, extract_messages, sdist, setopt, bdist_wheel, build_clib, bdist, saveopts, bdist_dumb, clean, build_py, check
[5.111s] DEBUG:colcon.colcon_core.event_handler.log_command:Invoking command in '/home/phy_ai/.ihub/daksha/src/global/daksha_api_bridge_follower': PYTHONPATH=/home/phy_ai/.ihub/daksha/build/daksha_api_bridge_follower/prefix_override:/usr/lib/python3/dist-packages/colcon_core/task/python/colcon_distutils_commands:/home/phy_ai/.ihub/daksha/install/daksha_api_bridge_follower/lib/python3.10/site-packages:${PYTHONPATH} /usr/bin/python3 -W ignore:setup.py install is deprecated -W ignore:easy_install command is deprecated setup.py egg_info --egg-base ../../../build/daksha_api_bridge_follower build --build-base /home/phy_ai/.ihub/daksha/build/daksha_api_bridge_follower/build install --record /home/phy_ai/.ihub/daksha/build/daksha_api_bridge_follower/install.log --install-scripts $base/lib/daksha_api_bridge_follower --single-version-externally-managed install_data
[5.114s] DEBUG:colcon.colcon_core.task.python.build:Available setuptools commands: bdist_rpm, symlink_data, install_data, test, build_ext, upload_docs, update_catalog, register, install_headers, install_scripts, init_catalog, build, upload, develop, rotate, install_egg_info, compile_catalog, install, easy_install, egg_info, build_scripts, dist_info, install_lib, bdist_egg, alias, extract_messages, sdist, setopt, bdist_wheel, build_clib, bdist, saveopts, bdist_dumb, clean, build_py, check
[5.116s] DEBUG:colcon.colcon_core.event_handler.log_command:Invoking command in '/home/phy_ai/.ihub/daksha/src/global/daksha_api_bridge_leader': PYTHONPATH=/home/phy_ai/.ihub/daksha/build/daksha_api_bridge_leader/prefix_override:/usr/lib/python3/dist-packages/colcon_core/task/python/colcon_distutils_commands:/home/phy_ai/.ihub/daksha/install/daksha_api_bridge_leader/lib/python3.10/site-packages:${PYTHONPATH} /usr/bin/python3 -W ignore:setup.py install is deprecated -W ignore:easy_install command is deprecated setup.py egg_info --egg-base ../../../build/daksha_api_bridge_leader build --build-base /home/phy_ai/.ihub/daksha/build/daksha_api_bridge_leader/build install --record /home/phy_ai/.ihub/daksha/build/daksha_api_bridge_leader/install.log --install-scripts $base/lib/daksha_api_bridge_leader --single-version-externally-managed install_data
[5.116s] DEBUG:colcon.colcon_core.task.python.build:Available setuptools commands: bdist_rpm, symlink_data, install_data, test, build_ext, upload_docs, update_catalog, register, install_headers, install_scripts, init_catalog, build, upload, develop, rotate, install_egg_info, compile_catalog, install, easy_install, egg_info, build_scripts, dist_info, install_lib, bdist_egg, alias, extract_messages, sdist, setopt, bdist_wheel, build_clib, bdist, saveopts, bdist_dumb, clean, build_py, check
[5.118s] DEBUG:colcon.colcon_core.event_handler.log_command:Invoking command in '/home/phy_ai/.ihub/daksha/src/daksha_description_full_body': PYTHONPATH=/home/phy_ai/.ihub/daksha/build/daksha_description_full_body/prefix_override:/usr/lib/python3/dist-packages/colcon_core/task/python/colcon_distutils_commands:/home/phy_ai/.ihub/daksha/install/daksha_description_full_body/lib/python3.10/site-packages:${PYTHONPATH} /usr/bin/python3 -W ignore:setup.py install is deprecated -W ignore:easy_install command is deprecated setup.py egg_info --egg-base ../../build/daksha_description_full_body build --build-base /home/phy_ai/.ihub/daksha/build/daksha_description_full_body/build install --record /home/phy_ai/.ihub/daksha/build/daksha_description_full_body/install.log --install-scripts $base/lib/daksha_description_full_body --single-version-externally-managed install_data
[5.119s] DEBUG:colcon.colcon_core.task.python.build:Available setuptools commands: bdist_rpm, symlink_data, install_data, test, build_ext, upload_docs, update_catalog, register, install_headers, install_scripts, init_catalog, build, upload, develop, rotate, install_egg_info, compile_catalog, install, easy_install, egg_info, build_scripts, dist_info, install_lib, bdist_egg, alias, extract_messages, sdist, setopt, bdist_wheel, build_clib, bdist, saveopts, bdist_dumb, clean, build_py, check
[5.120s] DEBUG:colcon.colcon_core.event_handler.log_command:Invoking command in '/home/phy_ai/.ihub/daksha/src/tele/gen2_leader': PYTHONPATH=/home/phy_ai/.ihub/daksha/build/gen2_leader/prefix_override:/usr/lib/python3/dist-packages/colcon_core/task/python/colcon_distutils_commands:/home/phy_ai/.ihub/daksha/install/gen2_leader/lib/python3.10/site-packages:${PYTHONPATH} /usr/bin/python3 -W ignore:setup.py install is deprecated -W ignore:easy_install command is deprecated setup.py egg_info --egg-base ../../../build/gen2_leader build --build-base /home/phy_ai/.ihub/daksha/build/gen2_leader/build install --record /home/phy_ai/.ihub/daksha/build/gen2_leader/install.log --install-scripts $base/lib/gen2_leader --single-version-externally-managed install_data
[5.123s] DEBUG:colcon.colcon_core.task.python.build:Available setuptools commands: bdist_rpm, symlink_data, install_data, test, build_ext, upload_docs, update_catalog, register, install_headers, install_scripts, init_catalog, build, upload, develop, rotate, install_egg_info, compile_catalog, install, easy_install, egg_info, build_scripts, dist_info, install_lib, bdist_egg, alias, extract_messages, sdist, setopt, bdist_wheel, build_clib, bdist, saveopts, bdist_dumb, clean, build_py, check
[5.124s] DEBUG:colcon.colcon_core.event_handler.log_command:Invoking command in '/home/phy_ai/.ihub/daksha/src/controllers/kinematics': PYTHONPATH=/home/phy_ai/.ihub/daksha/build/kinematics/prefix_override:/usr/lib/python3/dist-packages/colcon_core/task/python/colcon_distutils_commands:/home/phy_ai/.ihub/daksha/install/kinematics/lib/python3.10/site-packages:${PYTHONPATH} /usr/bin/python3 -W ignore:setup.py install is deprecated -W ignore:easy_install command is deprecated setup.py egg_info --egg-base ../../../build/kinematics build --build-base /home/phy_ai/.ihub/daksha/build/kinematics/build install --record /home/phy_ai/.ihub/daksha/build/kinematics/install.log --install-scripts $base/lib/kinematics --single-version-externally-managed install_data
[5.126s] DEBUG:colcon.colcon_core.task.python.build:Available setuptools commands: bdist_rpm, symlink_data, install_data, test, build_ext, upload_docs, update_catalog, register, install_headers, install_scripts, init_catalog, build, upload, develop, rotate, install_egg_info, compile_catalog, install, easy_install, egg_info, build_scripts, dist_info, install_lib, bdist_egg, alias, extract_messages, sdist, setopt, bdist_wheel, build_clib, bdist, saveopts, bdist_dumb, clean, build_py, check
[5.128s] DEBUG:colcon.colcon_core.task.python.build:Available setuptools commands: bdist_rpm, symlink_data, install_data, test, build_ext, upload_docs, update_catalog, register, install_headers, install_scripts, init_catalog, build, upload, develop, rotate, install_egg_info, compile_catalog, install, easy_install, egg_info, build_scripts, dist_info, install_lib, bdist_egg, alias, extract_messages, sdist, setopt, bdist_wheel, build_clib, bdist, saveopts, bdist_dumb, clean, build_py, check
[5.129s] DEBUG:colcon.colcon_core.event_handler.log_command:Invoking command in '/home/phy_ai/.ihub/daksha/src/ui/analyzer': PYTHONPATH=/home/phy_ai/.ihub/daksha/build/joint_analyzer/prefix_override:/usr/lib/python3/dist-packages/colcon_core/task/python/colcon_distutils_commands:/home/phy_ai/.ihub/daksha/install/joint_analyzer/lib/python3.10/site-packages:${PYTHONPATH} /usr/bin/python3 -W ignore:setup.py install is deprecated -W ignore:easy_install command is deprecated setup.py egg_info --egg-base ../../../build/joint_analyzer build --build-base /home/phy_ai/.ihub/daksha/build/joint_analyzer/build install --record /home/phy_ai/.ihub/daksha/build/joint_analyzer/install.log --install-scripts $base/lib/joint_analyzer --single-version-externally-managed install_data
[5.134s] DEBUG:colcon.colcon_core.event_handler.log_command:Invoking command in '/home/phy_ai/.ihub/daksha/src/ui/Clients_UI/daksha_final_urdf_description': PYTHONPATH=/home/phy_ai/.ihub/daksha/build/daksha_final_urdf_description/prefix_override:/usr/lib/python3/dist-packages/colcon_core/task/python/colcon_distutils_commands:/home/phy_ai/.ihub/daksha/install/daksha_final_urdf_description/lib/python3.10/site-packages:${PYTHONPATH} /usr/bin/python3 -W ignore:setup.py install is deprecated -W ignore:easy_install command is deprecated setup.py egg_info --egg-base ../../../../build/daksha_final_urdf_description build --build-base /home/phy_ai/.ihub/daksha/build/daksha_final_urdf_description/build install --record /home/phy_ai/.ihub/daksha/build/daksha_final_urdf_description/install.log --install-scripts $base/lib/fusion2urdf_ros2 --single-version-externally-managed install_data
[5.138s] DEBUG:colcon.colcon_core.event_handler.log_command:Invoking command in '/home/phy_ai/.ihub/daksha/src/joint_cmd_logger': PYTHONPATH=/home/phy_ai/.ihub/daksha/build/joint_cmd_logger/prefix_override:/usr/lib/python3/dist-packages/colcon_core/task/python/colcon_distutils_commands:/home/phy_ai/.ihub/daksha/install/joint_cmd_logger/lib/python3.10/site-packages:${PYTHONPATH} /usr/bin/python3 -W ignore:setup.py install is deprecated -W ignore:easy_install command is deprecated setup.py egg_info --egg-base ../../build/joint_cmd_logger build --build-base /home/phy_ai/.ihub/daksha/build/joint_cmd_logger/build install --record /home/phy_ai/.ihub/daksha/build/joint_cmd_logger/install.log --install-scripts $base/lib/joint_cmd_logger --single-version-externally-managed install_data
[5.142s] DEBUG:colcon.colcon_core.event_handler.log_command:Invoking command in '/home/phy_ai/.ihub/daksha/src/tele/ROS-TCP-Endpoint': PYTHONPATH=/home/phy_ai/.ihub/daksha/build/ros_tcp_endpoint/prefix_override:/usr/lib/python3/dist-packages/colcon_core/task/python/colcon_distutils_commands:/home/phy_ai/.ihub/daksha/install/ros_tcp_endpoint/lib/python3.10/site-packages:${PYTHONPATH} /usr/bin/python3 -W ignore:setup.py install is deprecated -W ignore:easy_install command is deprecated setup.py egg_info --egg-base ../../../build/ros_tcp_endpoint build --build-base /home/phy_ai/.ihub/daksha/build/ros_tcp_endpoint/build install --record /home/phy_ai/.ihub/daksha/build/ros_tcp_endpoint/install.log --install-scripts $base/lib/ros_tcp_endpoint --single-version-externally-managed install_data
[5.154s] Level 1:colcon.colcon_core.environment:create_environment_scripts_only(web_nav_site)
[5.155s] Level 1:colcon.colcon_core.environment:checking '/home/phy_ai/.ihub/daksha/install/web_nav_site' for CMake module files
[5.158s] DEBUG:colcon.colcon_core.event_handler.log_command:Invoked command in '/home/phy_ai/.ihub/daksha/build/web_nav_site' returned '0': CMAKE_PREFIX_PATH=${CMAKE_PREFIX_PATH}:/home/phy_ai/.ihub/daksha/install/motor_configure:/home/phy_ai/.ihub/daksha/install/world_camera_launch:/home/phy_ai/.ihub/daksha/install/motortest:/home/phy_ai/.ihub/daksha/install/gen2:/home/phy_ai/.ihub/daksha/install/vr_teleop:/home/phy_ai/.ihub/daksha/install/vajara:/home/phy_ai/.ihub/daksha/install/ros_tcp_endpoint:/home/phy_ai/.ihub/daksha/install/kinematics:/home/phy_ai/.ihub/daksha/install/joint_cmd_logger:/home/phy_ai/.ihub/daksha/install/joint_analyzer:/home/phy_ai/.ihub/daksha/install/daksha_data_collection:/home/phy_ai/.ihub/daksha/install/gen2_leader:/home/phy_ai/.ihub/daksha/install/daksha_final_urdf_description:/home/phy_ai/.ihub/daksha/install/daksha_description_full_body:/home/phy_ai/.ihub/daksha/install/daksha_api_bridge_leader:/home/phy_ai/.ihub/daksha/install/daksha_api_bridge_follower:/home/phy_ai/.barani/gen2_full/install/world_camera_launch:/home/phy_ai/.barani/gen2_full/install/gen2:/home/phy_ai/.barani/gen2_full/install/vr_teleop:/home/phy_ai/.barani/gen2_full/install/ros_tcp_endpoint:/home/phy_ai/.barani/gen2_full/install/nav_bringup:/home/phy_ai/.barani/gen2_full/install/nav2_config:/home/phy_ai/.barani/gen2_full/install/kinematics:/home/phy_ai/.barani/gen2_full/install/joint_cmd_logger:/home/phy_ai/.barani/gen2_full/install/joint_analyzer:/home/phy_ai/.barani/gen2_full/install/daksha_data_collection:/home/phy_ai/.barani/gen2_full/install/gen2_leader:/home/phy_ai/.barani/gen2_full/install/amr_bringup:/home/phy_ai/.barani/gen2_full/install/daksha_final_urdf_description:/home/phy_ai/.barani/gen2_full/install/daksha_description_full_body:/home/phy_ai/.barani/gen2_full/install/daksha_base_urdf:/home/phy_ai/.barani/gen2_full/install/daksha_api_bridge_leader:/home/phy_ai/.barani/gen2_full/install/daksha_api_bridge_follower:/opt/ros/humble /usr/bin/cmake --install /home/phy_ai/.ihub/daksha/build/web_nav_site
[5.158s] Level 1:colcon.colcon_core.environment:checking '/home/phy_ai/.ihub/daksha/install/web_nav_site' for CMake config files
[5.159s] Level 1:colcon.colcon_core.shell:create_environment_hook('web_nav_site', 'cmake_prefix_path')
[5.159s] INFO:colcon.colcon_core.shell:Creating environment hook '/home/phy_ai/.ihub/daksha/install/web_nav_site/share/web_nav_site/hook/cmake_prefix_path.ps1'
[5.160s] INFO:colcon.colcon_core.shell:Creating environment descriptor '/home/phy_ai/.ihub/daksha/install/web_nav_site/share/web_nav_site/hook/cmake_prefix_path.dsv'
[5.161s] INFO:colcon.colcon_core.shell:Creating environment hook '/home/phy_ai/.ihub/daksha/install/web_nav_site/share/web_nav_site/hook/cmake_prefix_path.sh'
[5.162s] Level 1:colcon.colcon_core.environment:checking '/home/phy_ai/.ihub/daksha/install/web_nav_site/lib'
[5.163s] Level 1:colcon.colcon_core.environment:checking '/home/phy_ai/.ihub/daksha/install/web_nav_site/bin'
[5.163s] Level 1:colcon.colcon_core.environment:checking '/home/phy_ai/.ihub/daksha/install/web_nav_site/lib/pkgconfig/web_nav_site.pc'
[5.163s] Level 1:colcon.colcon_core.environment:checking '/home/phy_ai/.ihub/daksha/install/web_nav_site/lib/python3.10/site-packages'
[5.164s] Level 1:colcon.colcon_core.environment:checking '/home/phy_ai/.ihub/daksha/install/web_nav_site/bin'
[5.164s] INFO:colcon.colcon_core.shell:Creating package script '/home/phy_ai/.ihub/daksha/install/web_nav_site/share/web_nav_site/package.ps1'
[5.166s] INFO:colcon.colcon_core.shell:Creating package descriptor '/home/phy_ai/.ihub/daksha/install/web_nav_site/share/web_nav_site/package.dsv'
[5.167s] INFO:colcon.colcon_core.shell:Creating package script '/home/phy_ai/.ihub/daksha/install/web_nav_site/share/web_nav_site/package.sh'
[5.168s] INFO:colcon.colcon_core.shell:Creating package script '/home/phy_ai/.ihub/daksha/install/web_nav_site/share/web_nav_site/package.bash'
[5.168s] INFO:colcon.colcon_core.shell:Creating package script '/home/phy_ai/.ihub/daksha/install/web_nav_site/share/web_nav_site/package.zsh'
[5.169s] Level 1:colcon.colcon_core.environment:create_file_with_runtime_dependencies(/home/phy_ai/.ihub/daksha/install/web_nav_site/share/colcon-core/packages/web_nav_site)
[5.171s] Level 1:colcon.colcon_core.environment:create_environment_scripts_only(web_nav_site)
[5.171s] Level 1:colcon.colcon_core.environment:checking '/home/phy_ai/.ihub/daksha/install/web_nav_site' for CMake module files
[5.172s] Level 1:colcon.colcon_core.environment:checking '/home/phy_ai/.ihub/daksha/install/web_nav_site' for CMake config files
[5.173s] Level 1:colcon.colcon_core.shell:create_environment_hook('web_nav_site', 'cmake_prefix_path')
[5.173s] INFO:colcon.colcon_core.shell:Creating environment hook '/home/phy_ai/.ihub/daksha/install/web_nav_site/share/web_nav_site/hook/cmake_prefix_path.ps1'
[5.174s] INFO:colcon.colcon_core.shell:Creating environment descriptor '/home/phy_ai/.ihub/daksha/install/web_nav_site/share/web_nav_site/hook/cmake_prefix_path.dsv'
[5.175s] INFO:colcon.colcon_core.shell:Creating environment hook '/home/phy_ai/.ihub/daksha/install/web_nav_site/share/web_nav_site/hook/cmake_prefix_path.sh'
[5.176s] Level 1:colcon.colcon_core.environment:checking '/home/phy_ai/.ihub/daksha/install/web_nav_site/lib'
[5.176s] Level 1:colcon.colcon_core.environment:checking '/home/phy_ai/.ihub/daksha/install/web_nav_site/bin'
[5.176s] Level 1:colcon.colcon_core.environment:checking '/home/phy_ai/.ihub/daksha/install/web_nav_site/lib/pkgconfig/web_nav_site.pc'
[5.177s] Level 1:colcon.colcon_core.environment:checking '/home/phy_ai/.ihub/daksha/install/web_nav_site/lib/python3.10/site-packages'
[5.177s] Level 1:colcon.colcon_core.environment:checking '/home/phy_ai/.ihub/daksha/install/web_nav_site/bin'
[5.178s] INFO:colcon.colcon_core.shell:Creating package script '/home/phy_ai/.ihub/daksha/install/web_nav_site/share/web_nav_site/package.ps1'
[5.179s] INFO:colcon.colcon_core.shell:Creating package descriptor '/home/phy_ai/.ihub/daksha/install/web_nav_site/share/web_nav_site/package.dsv'
[5.180s] INFO:colcon.colcon_core.shell:Creating package script '/home/phy_ai/.ihub/daksha/install/web_nav_site/share/web_nav_site/package.sh'
[5.181s] INFO:colcon.colcon_core.shell:Creating package script '/home/phy_ai/.ihub/daksha/install/web_nav_site/share/web_nav_site/package.bash'
[5.181s] INFO:colcon.colcon_core.shell:Creating package script '/home/phy_ai/.ihub/daksha/install/web_nav_site/share/web_nav_site/package.zsh'
[5.182s] Level 1:colcon.colcon_core.environment:create_file_with_runtime_dependencies(/home/phy_ai/.ihub/daksha/install/web_nav_site/share/colcon-core/packages/web_nav_site)
[5.651s] Level 1:colcon.colcon_core.environment:checking '/home/phy_ai/.ihub/daksha/install/daksha_api_bridge_follower' for CMake module files
[5.652s] DEBUG:colcon.colcon_core.event_handler.log_command:Invoked command in '/home/phy_ai/.ihub/daksha/src/global/daksha_api_bridge_follower' returned '0': PYTHONPATH=/home/phy_ai/.ihub/daksha/build/daksha_api_bridge_follower/prefix_override:/usr/lib/python3/dist-packages/colcon_core/task/python/colcon_distutils_commands:/home/phy_ai/.ihub/daksha/install/daksha_api_bridge_follower/lib/python3.10/site-packages:${PYTHONPATH} /usr/bin/python3 -W ignore:setup.py install is deprecated -W ignore:easy_install command is deprecated setup.py egg_info --egg-base ../../../build/daksha_api_bridge_follower build --build-base /home/phy_ai/.ihub/daksha/build/daksha_api_bridge_follower/build install --record /home/phy_ai/.ihub/daksha/build/daksha_api_bridge_follower/install.log --install-scripts $base/lib/daksha_api_bridge_follower --single-version-externally-managed install_data
[5.653s] Level 1:colcon.colcon_core.environment:checking '/home/phy_ai/.ihub/daksha/install/daksha_api_bridge_follower' for CMake config files
[5.654s] Level 1:colcon.colcon_core.environment:checking '/home/phy_ai/.ihub/daksha/install/daksha_api_bridge_follower/lib'
[5.654s] Level 1:colcon.colcon_core.environment:checking '/home/phy_ai/.ihub/daksha/install/daksha_api_bridge_follower/bin'
[5.654s] Level 1:colcon.colcon_core.environment:checking '/home/phy_ai/.ihub/daksha/install/daksha_api_bridge_follower/lib/pkgconfig/daksha_api_bridge_follower.pc'
[5.655s] Level 1:colcon.colcon_core.environment:checking '/home/phy_ai/.ihub/daksha/install/daksha_api_bridge_follower/lib/python3.10/site-packages'
[5.655s] Level 1:colcon.colcon_core.shell:create_environment_hook('daksha_api_bridge_follower', 'pythonpath')
[5.656s] INFO:colcon.colcon_core.shell:Creating environment hook '/home/phy_ai/.ihub/daksha/install/daksha_api_bridge_follower/share/daksha_api_bridge_follower/hook/pythonpath.ps1'
[5.657s] INFO:colcon.colcon_core.shell:Creating environment descriptor '/home/phy_ai/.ihub/daksha/install/daksha_api_bridge_follower/share/daksha_api_bridge_follower/hook/pythonpath.dsv'
[5.657s] INFO:colcon.colcon_core.shell:Creating environment hook '/home/phy_ai/.ihub/daksha/install/daksha_api_bridge_follower/share/daksha_api_bridge_follower/hook/pythonpath.sh'
[5.659s] Level 1:colcon.colcon_core.environment:checking '/home/phy_ai/.ihub/daksha/install/daksha_api_bridge_follower/bin'
[5.659s] Level 1:colcon.colcon_core.environment:create_environment_scripts_only(daksha_api_bridge_follower)
[5.660s] INFO:colcon.colcon_core.shell:Creating package script '/home/phy_ai/.ihub/daksha/install/daksha_api_bridge_follower/share/daksha_api_bridge_follower/package.ps1'
[5.661s] INFO:colcon.colcon_core.shell:Creating package descriptor '/home/phy_ai/.ihub/daksha/install/daksha_api_bridge_follower/share/daksha_api_bridge_follower/package.dsv'
[5.662s] INFO:colcon.colcon_core.shell:Creating package script '/home/phy_ai/.ihub/daksha/install/daksha_api_bridge_follower/share/daksha_api_bridge_follower/package.sh'
[5.663s] INFO:colcon.colcon_core.shell:Creating package script '/home/phy_ai/.ihub/daksha/install/daksha_api_bridge_follower/share/daksha_api_bridge_follower/package.bash'
[5.664s] INFO:colcon.colcon_core.shell:Creating package script '/home/phy_ai/.ihub/daksha/install/daksha_api_bridge_follower/share/daksha_api_bridge_follower/package.zsh'
[5.665s] Level 1:colcon.colcon_core.environment:create_file_with_runtime_dependencies(/home/phy_ai/.ihub/daksha/install/daksha_api_bridge_follower/share/colcon-core/packages/daksha_api_bridge_follower)
[5.667s] Level 1:colcon.colcon_core.environment:checking '/home/phy_ai/.ihub/daksha/install/kinematics' for CMake module files
[5.668s] DEBUG:colcon.colcon_core.event_handler.log_command:Invoked command in '/home/phy_ai/.ihub/daksha/src/controllers/kinematics' returned '0': PYTHONPATH=/home/phy_ai/.ihub/daksha/build/kinematics/prefix_override:/usr/lib/python3/dist-packages/colcon_core/task/python/colcon_distutils_commands:/home/phy_ai/.ihub/daksha/install/kinematics/lib/python3.10/site-packages:${PYTHONPATH} /usr/bin/python3 -W ignore:setup.py install is deprecated -W ignore:easy_install command is deprecated setup.py egg_info --egg-base ../../../build/kinematics build --build-base /home/phy_ai/.ihub/daksha/build/kinematics/build install --record /home/phy_ai/.ihub/daksha/build/kinematics/install.log --install-scripts $base/lib/kinematics --single-version-externally-managed install_data
[5.669s] Level 1:colcon.colcon_core.environment:checking '/home/phy_ai/.ihub/daksha/install/kinematics' for CMake config files
[5.670s] Level 1:colcon.colcon_core.environment:checking '/home/phy_ai/.ihub/daksha/install/kinematics/lib'
[5.670s] Level 1:colcon.colcon_core.environment:checking '/home/phy_ai/.ihub/daksha/install/kinematics/bin'
[5.670s] Level 1:colcon.colcon_core.environment:checking '/home/phy_ai/.ihub/daksha/install/kinematics/lib/pkgconfig/kinematics.pc'
[5.670s] Level 1:colcon.colcon_core.environment:checking '/home/phy_ai/.ihub/daksha/install/kinematics/lib/python3.10/site-packages'
[5.671s] Level 1:colcon.colcon_core.shell:create_environment_hook('kinematics', 'pythonpath')
[5.671s] INFO:colcon.colcon_core.shell:Creating environment hook '/home/phy_ai/.ihub/daksha/install/kinematics/share/kinematics/hook/pythonpath.ps1'
[5.672s] INFO:colcon.colcon_core.shell:Creating environment descriptor '/home/phy_ai/.ihub/daksha/install/kinematics/share/kinematics/hook/pythonpath.dsv'
[5.673s] INFO:colcon.colcon_core.shell:Creating environment hook '/home/phy_ai/.ihub/daksha/install/kinematics/share/kinematics/hook/pythonpath.sh'
[5.675s] Level 1:colcon.colcon_core.environment:checking '/home/phy_ai/.ihub/daksha/install/kinematics/bin'
[5.675s] Level 1:colcon.colcon_core.environment:create_environment_scripts_only(kinematics)
[5.676s] INFO:colcon.colcon_core.shell:Creating package script '/home/phy_ai/.ihub/daksha/install/kinematics/share/kinematics/package.ps1'
[5.678s] INFO:colcon.colcon_core.shell:Creating package descriptor '/home/phy_ai/.ihub/daksha/install/kinematics/share/kinematics/package.dsv'
[5.679s] INFO:colcon.colcon_core.shell:Creating package script '/home/phy_ai/.ihub/daksha/install/kinematics/share/kinematics/package.sh'
[5.679s] INFO:colcon.colcon_core.shell:Creating package script '/home/phy_ai/.ihub/daksha/install/kinematics/share/kinematics/package.bash'
[5.680s] INFO:colcon.colcon_core.shell:Creating package script '/home/phy_ai/.ihub/daksha/install/kinematics/share/kinematics/package.zsh'
[5.681s] Level 1:colcon.colcon_core.environment:create_file_with_runtime_dependencies(/home/phy_ai/.ihub/daksha/install/kinematics/share/colcon-core/packages/kinematics)
[5.682s] INFO:colcon.colcon_ros.task.ament_python.build:Building ROS package in '/home/phy_ai/.ihub/daksha/src/tele/vr_teleop' with build type 'ament_python'
[5.682s] Level 1:colcon.colcon_core.shell:create_environment_hook('vr_teleop', 'ament_prefix_path')
[5.683s] INFO:colcon.colcon_core.shell:Creating environment hook '/home/phy_ai/.ihub/daksha/install/vr_teleop/share/vr_teleop/hook/ament_prefix_path.ps1'
[5.684s] INFO:colcon.colcon_core.shell:Creating environment descriptor '/home/phy_ai/.ihub/daksha/install/vr_teleop/share/vr_teleop/hook/ament_prefix_path.dsv'
[5.685s] INFO:colcon.colcon_core.shell:Creating environment hook '/home/phy_ai/.ihub/daksha/install/vr_teleop/share/vr_teleop/hook/ament_prefix_path.sh'
[5.686s] INFO:colcon.colcon_core.shell:Skip shell extension 'powershell' for command environment: Not usable outside of PowerShell
[5.686s] DEBUG:colcon.colcon_core.shell:Skip shell extension 'dsv' for command environment
[5.699s] Level 1:colcon.colcon_core.environment:checking '/home/phy_ai/.ihub/daksha/install/joint_cmd_logger' for CMake module files
[5.700s] DEBUG:colcon.colcon_core.event_handler.log_command:Invoked command in '/home/phy_ai/.ihub/daksha/src/joint_cmd_logger' returned '0': PYTHONPATH=/home/phy_ai/.ihub/daksha/build/joint_cmd_logger/prefix_override:/usr/lib/python3/dist-packages/colcon_core/task/python/colcon_distutils_commands:/home/phy_ai/.ihub/daksha/install/joint_cmd_logger/lib/python3.10/site-packages:${PYTHONPATH} /usr/bin/python3 -W ignore:setup.py install is deprecated -W ignore:easy_install command is deprecated setup.py egg_info --egg-base ../../build/joint_cmd_logger build --build-base /home/phy_ai/.ihub/daksha/build/joint_cmd_logger/build install --record /home/phy_ai/.ihub/daksha/build/joint_cmd_logger/install.log --install-scripts $base/lib/joint_cmd_logger --single-version-externally-managed install_data
[5.700s] Level 1:colcon.colcon_core.environment:checking '/home/phy_ai/.ihub/daksha/install/joint_cmd_logger' for CMake config files
[5.701s] Level 1:colcon.colcon_core.environment:checking '/home/phy_ai/.ihub/daksha/install/joint_cmd_logger/lib'
[5.701s] Level 1:colcon.colcon_core.environment:checking '/home/phy_ai/.ihub/daksha/install/joint_cmd_logger/bin'
[5.701s] Level 1:colcon.colcon_core.environment:checking '/home/phy_ai/.ihub/daksha/install/joint_cmd_logger/lib/pkgconfig/joint_cmd_logger.pc'
[5.702s] Level 1:colcon.colcon_core.environment:checking '/home/phy_ai/.ihub/daksha/install/joint_cmd_logger/lib/python3.10/site-packages'
[5.702s] Level 1:colcon.colcon_core.shell:create_environment_hook('joint_cmd_logger', 'pythonpath')
[5.702s] INFO:colcon.colcon_core.shell:Creating environment hook '/home/phy_ai/.ihub/daksha/install/joint_cmd_logger/share/joint_cmd_logger/hook/pythonpath.ps1'
[5.703s] INFO:colcon.colcon_core.shell:Creating environment descriptor '/home/phy_ai/.ihub/daksha/install/joint_cmd_logger/share/joint_cmd_logger/hook/pythonpath.dsv'
[5.703s] INFO:colcon.colcon_core.shell:Creating environment hook '/home/phy_ai/.ihub/daksha/install/joint_cmd_logger/share/joint_cmd_logger/hook/pythonpath.sh'
[5.704s] Level 1:colcon.colcon_core.environment:checking '/home/phy_ai/.ihub/daksha/install/joint_cmd_logger/bin'
[5.705s] Level 1:colcon.colcon_core.environment:create_environment_scripts_only(joint_cmd_logger)
[5.705s] INFO:colcon.colcon_core.shell:Creating package script '/home/phy_ai/.ihub/daksha/install/joint_cmd_logger/share/joint_cmd_logger/package.ps1'
[5.706s] INFO:colcon.colcon_core.shell:Creating package descriptor '/home/phy_ai/.ihub/daksha/install/joint_cmd_logger/share/joint_cmd_logger/package.dsv'
[5.707s] INFO:colcon.colcon_core.shell:Creating package script '/home/phy_ai/.ihub/daksha/install/joint_cmd_logger/share/joint_cmd_logger/package.sh'
[5.707s] INFO:colcon.colcon_core.shell:Creating package script '/home/phy_ai/.ihub/daksha/install/joint_cmd_logger/share/joint_cmd_logger/package.bash'
[5.708s] INFO:colcon.colcon_core.shell:Creating package script '/home/phy_ai/.ihub/daksha/install/joint_cmd_logger/share/joint_cmd_logger/package.zsh'
[5.709s] Level 1:colcon.colcon_core.environment:create_file_with_runtime_dependencies(/home/phy_ai/.ihub/daksha/install/joint_cmd_logger/share/colcon-core/packages/joint_cmd_logger)
[5.711s] Level 1:colcon.colcon_core.environment:checking '/home/phy_ai/.ihub/daksha/install/gen2_leader' for CMake module files
[5.712s] DEBUG:colcon.colcon_core.event_handler.log_command:Invoked command in '/home/phy_ai/.ihub/daksha/src/tele/gen2_leader' returned '0': PYTHONPATH=/home/phy_ai/.ihub/daksha/build/gen2_leader/prefix_override:/usr/lib/python3/dist-packages/colcon_core/task/python/colcon_distutils_commands:/home/phy_ai/.ihub/daksha/install/gen2_leader/lib/python3.10/site-packages:${PYTHONPATH} /usr/bin/python3 -W ignore:setup.py install is deprecated -W ignore:easy_install command is deprecated setup.py egg_info --egg-base ../../../build/gen2_leader build --build-base /home/phy_ai/.ihub/daksha/build/gen2_leader/build install --record /home/phy_ai/.ihub/daksha/build/gen2_leader/install.log --install-scripts $base/lib/gen2_leader --single-version-externally-managed install_data
[5.712s] Level 1:colcon.colcon_core.environment:checking '/home/phy_ai/.ihub/daksha/install/gen2_leader' for CMake config files
[5.713s] Level 1:colcon.colcon_core.environment:checking '/home/phy_ai/.ihub/daksha/install/gen2_leader/lib'
[5.713s] Level 1:colcon.colcon_core.environment:checking '/home/phy_ai/.ihub/daksha/install/gen2_leader/bin'
[5.713s] Level 1:colcon.colcon_core.environment:checking '/home/phy_ai/.ihub/daksha/install/gen2_leader/lib/pkgconfig/gen2_leader.pc'
[5.714s] Level 1:colcon.colcon_core.environment:checking '/home/phy_ai/.ihub/daksha/install/gen2_leader/lib/python3.10/site-packages'
[5.714s] Level 1:colcon.colcon_core.shell:create_environment_hook('gen2_leader', 'pythonpath')
[5.714s] INFO:colcon.colcon_core.shell:Creating environment hook '/home/phy_ai/.ihub/daksha/install/gen2_leader/share/gen2_leader/hook/pythonpath.ps1'
[5.715s] INFO:colcon.colcon_core.shell:Creating environment descriptor '/home/phy_ai/.ihub/daksha/install/gen2_leader/share/gen2_leader/hook/pythonpath.dsv'
[5.717s] INFO:colcon.colcon_core.shell:Creating environment hook '/home/phy_ai/.ihub/daksha/install/gen2_leader/share/gen2_leader/hook/pythonpath.sh'
[5.718s] Level 1:colcon.colcon_core.environment:checking '/home/phy_ai/.ihub/daksha/install/gen2_leader/bin'
[5.718s] Level 1:colcon.colcon_core.environment:create_environment_scripts_only(gen2_leader)
[5.718s] INFO:colcon.colcon_core.shell:Creating package script '/home/phy_ai/.ihub/daksha/install/gen2_leader/share/gen2_leader/package.ps1'
[5.720s] INFO:colcon.colcon_core.shell:Creating package descriptor '/home/phy_ai/.ihub/daksha/install/gen2_leader/share/gen2_leader/package.dsv'
[5.721s] INFO:colcon.colcon_core.shell:Creating package script '/home/phy_ai/.ihub/daksha/install/gen2_leader/share/gen2_leader/package.sh'
[5.723s] INFO:colcon.colcon_core.shell:Creating package script '/home/phy_ai/.ihub/daksha/install/gen2_leader/share/gen2_leader/package.bash'
[5.724s] INFO:colcon.colcon_core.shell:Creating package script '/home/phy_ai/.ihub/daksha/install/gen2_leader/share/gen2_leader/package.zsh'
[5.725s] Level 1:colcon.colcon_core.environment:create_file_with_runtime_dependencies(/home/phy_ai/.ihub/daksha/install/gen2_leader/share/colcon-core/packages/gen2_leader)
[6.073s] INFO:colcon.colcon_core.task.python.build:Building Python package in '/home/phy_ai/.ihub/daksha/src/tele/vr_teleop'
[6.074s] INFO:colcon.colcon_core.shell:Skip shell extension 'powershell' for command environment: Not usable outside of PowerShell
[6.074s] DEBUG:colcon.colcon_core.shell:Skip shell extension 'dsv' for command environment
[6.093s] Level 1:colcon.colcon_core.environment:checking '/home/phy_ai/.ihub/daksha/install/daksha_description_full_body' for CMake module files
[6.095s] DEBUG:colcon.colcon_core.event_handler.log_command:Invoked command in '/home/phy_ai/.ihub/daksha/src/daksha_description_full_body' returned '0': PYTHONPATH=/home/phy_ai/.ihub/daksha/build/daksha_description_full_body/prefix_override:/usr/lib/python3/dist-packages/colcon_core/task/python/colcon_distutils_commands:/home/phy_ai/.ihub/daksha/install/daksha_description_full_body/lib/python3.10/site-packages:${PYTHONPATH} /usr/bin/python3 -W ignore:setup.py install is deprecated -W ignore:easy_install command is deprecated setup.py egg_info --egg-base ../../build/daksha_description_full_body build --build-base /home/phy_ai/.ihub/daksha/build/daksha_description_full_body/build install --record /home/phy_ai/.ihub/daksha/build/daksha_description_full_body/install.log --install-scripts $base/lib/daksha_description_full_body --single-version-externally-managed install_data
[6.096s] Level 1:colcon.colcon_core.environment:checking '/home/phy_ai/.ihub/daksha/install/daksha_description_full_body' for CMake config files
[6.097s] Level 1:colcon.colcon_core.environment:checking '/home/phy_ai/.ihub/daksha/install/daksha_description_full_body/lib'
[6.097s] Level 1:colcon.colcon_core.environment:checking '/home/phy_ai/.ihub/daksha/install/daksha_description_full_body/bin'
[6.097s] Level 1:colcon.colcon_core.environment:checking '/home/phy_ai/.ihub/daksha/install/daksha_description_full_body/lib/pkgconfig/daksha_description_full_body.pc'
[6.098s] Level 1:colcon.colcon_core.environment:checking '/home/phy_ai/.ihub/daksha/install/daksha_description_full_body/lib/python3.10/site-packages'
[6.098s] Level 1:colcon.colcon_core.shell:create_environment_hook('daksha_description_full_body', 'pythonpath')
[6.099s] INFO:colcon.colcon_core.shell:Creating environment hook '/home/phy_ai/.ihub/daksha/install/daksha_description_full_body/share/daksha_description_full_body/hook/pythonpath.ps1'
[6.100s] INFO:colcon.colcon_core.shell:Creating environment descriptor '/home/phy_ai/.ihub/daksha/install/daksha_description_full_body/share/daksha_description_full_body/hook/pythonpath.dsv'
[6.100s] INFO:colcon.colcon_core.shell:Creating environment hook '/home/phy_ai/.ihub/daksha/install/daksha_description_full_body/share/daksha_description_full_body/hook/pythonpath.sh'
[6.101s] Level 1:colcon.colcon_core.environment:checking '/home/phy_ai/.ihub/daksha/install/daksha_description_full_body/bin'
[6.102s] Level 1:colcon.colcon_core.environment:create_environment_scripts_only(daksha_description_full_body)
[6.102s] INFO:colcon.colcon_core.shell:Creating package script '/home/phy_ai/.ihub/daksha/install/daksha_description_full_body/share/daksha_description_full_body/package.ps1'
[6.104s] INFO:colcon.colcon_core.shell:Creating package descriptor '/home/phy_ai/.ihub/daksha/install/daksha_description_full_body/share/daksha_description_full_body/package.dsv'
[6.105s] INFO:colcon.colcon_core.shell:Creating package script '/home/phy_ai/.ihub/daksha/install/daksha_description_full_body/share/daksha_description_full_body/package.sh'
[6.106s] INFO:colcon.colcon_core.shell:Creating package script '/home/phy_ai/.ihub/daksha/install/daksha_description_full_body/share/daksha_description_full_body/package.bash'
[6.106s] INFO:colcon.colcon_core.shell:Creating package script '/home/phy_ai/.ihub/daksha/install/daksha_description_full_body/share/daksha_description_full_body/package.zsh'
[6.107s] Level 1:colcon.colcon_core.environment:create_file_with_runtime_dependencies(/home/phy_ai/.ihub/daksha/install/daksha_description_full_body/share/colcon-core/packages/daksha_description_full_body)
[6.108s] Level 1:colcon.colcon_core.environment:checking '/home/phy_ai/.ihub/daksha/install/joint_analyzer' for CMake module files
[6.109s] Level 1:colcon.colcon_core.environment:checking '/home/phy_ai/.ihub/daksha/install/joint_analyzer' for CMake config files
[6.110s] DEBUG:colcon.colcon_core.event_handler.log_command:Invoked command in '/home/phy_ai/.ihub/daksha/src/ui/analyzer' returned '0': PYTHONPATH=/home/phy_ai/.ihub/daksha/build/joint_analyzer/prefix_override:/usr/lib/python3/dist-packages/colcon_core/task/python/colcon_distutils_commands:/home/phy_ai/.ihub/daksha/install/joint_analyzer/lib/python3.10/site-packages:${PYTHONPATH} /usr/bin/python3 -W ignore:setup.py install is deprecated -W ignore:easy_install command is deprecated setup.py egg_info --egg-base ../../../build/joint_analyzer build --build-base /home/phy_ai/.ihub/daksha/build/joint_analyzer/build install --record /home/phy_ai/.ihub/daksha/build/joint_analyzer/install.log --install-scripts $base/lib/joint_analyzer --single-version-externally-managed install_data
[6.112s] Level 1:colcon.colcon_core.environment:checking '/home/phy_ai/.ihub/daksha/install/joint_analyzer/lib'
[6.112s] Level 1:colcon.colcon_core.environment:checking '/home/phy_ai/.ihub/daksha/install/joint_analyzer/bin'
[6.112s] Level 1:colcon.colcon_core.environment:checking '/home/phy_ai/.ihub/daksha/install/joint_analyzer/lib/pkgconfig/joint_analyzer.pc'
[6.112s] Level 1:colcon.colcon_core.environment:checking '/home/phy_ai/.ihub/daksha/install/joint_analyzer/lib/python3.10/site-packages'
[6.113s] Level 1:colcon.colcon_core.shell:create_environment_hook('joint_analyzer', 'pythonpath')
[6.113s] INFO:colcon.colcon_core.shell:Creating environment hook '/home/phy_ai/.ihub/daksha/install/joint_analyzer/share/joint_analyzer/hook/pythonpath.ps1'
[6.114s] INFO:colcon.colcon_core.shell:Creating environment descriptor '/home/phy_ai/.ihub/daksha/install/joint_analyzer/share/joint_analyzer/hook/pythonpath.dsv'
[6.115s] INFO:colcon.colcon_core.shell:Creating environment hook '/home/phy_ai/.ihub/daksha/install/joint_analyzer/share/joint_analyzer/hook/pythonpath.sh'
[6.116s] Level 1:colcon.colcon_core.environment:checking '/home/phy_ai/.ihub/daksha/install/joint_analyzer/bin'
[6.116s] Level 1:colcon.colcon_core.environment:create_environment_scripts_only(joint_analyzer)
[6.117s] INFO:colcon.colcon_core.shell:Creating package script '/home/phy_ai/.ihub/daksha/install/joint_analyzer/share/joint_analyzer/package.ps1'
[6.118s] INFO:colcon.colcon_core.shell:Creating package descriptor '/home/phy_ai/.ihub/daksha/install/joint_analyzer/share/joint_analyzer/package.dsv'
[6.119s] INFO:colcon.colcon_core.shell:Creating package script '/home/phy_ai/.ihub/daksha/install/joint_analyzer/share/joint_analyzer/package.sh'
[6.120s] INFO:colcon.colcon_core.shell:Creating package script '/home/phy_ai/.ihub/daksha/install/joint_analyzer/share/joint_analyzer/package.bash'
[6.121s] INFO:colcon.colcon_core.shell:Creating package script '/home/phy_ai/.ihub/daksha/install/joint_analyzer/share/joint_analyzer/package.zsh'
[6.121s] Level 1:colcon.colcon_core.environment:create_file_with_runtime_dependencies(/home/phy_ai/.ihub/daksha/install/joint_analyzer/share/colcon-core/packages/joint_analyzer)
[6.122s] Level 1:colcon.colcon_core.environment:checking '/home/phy_ai/.ihub/daksha/install/daksha_api_bridge_leader' for CMake module files
[6.124s] Level 1:colcon.colcon_core.environment:checking '/home/phy_ai/.ihub/daksha/install/daksha_api_bridge_leader' for CMake config files
[6.125s] DEBUG:colcon.colcon_core.event_handler.log_command:Invoked command in '/home/phy_ai/.ihub/daksha/src/global/daksha_api_bridge_leader' returned '0': PYTHONPATH=/home/phy_ai/.ihub/daksha/build/daksha_api_bridge_leader/prefix_override:/usr/lib/python3/dist-packages/colcon_core/task/python/colcon_distutils_commands:/home/phy_ai/.ihub/daksha/install/daksha_api_bridge_leader/lib/python3.10/site-packages:${PYTHONPATH} /usr/bin/python3 -W ignore:setup.py install is deprecated -W ignore:easy_install command is deprecated setup.py egg_info --egg-base ../../../build/daksha_api_bridge_leader build --build-base /home/phy_ai/.ihub/daksha/build/daksha_api_bridge_leader/build install --record /home/phy_ai/.ihub/daksha/build/daksha_api_bridge_leader/install.log --install-scripts $base/lib/daksha_api_bridge_leader --single-version-externally-managed install_data
[6.126s] Level 1:colcon.colcon_core.environment:checking '/home/phy_ai/.ihub/daksha/install/daksha_api_bridge_leader/lib'
[6.126s] Level 1:colcon.colcon_core.environment:checking '/home/phy_ai/.ihub/daksha/install/daksha_api_bridge_leader/bin'
[6.127s] Level 1:colcon.colcon_core.environment:checking '/home/phy_ai/.ihub/daksha/install/daksha_api_bridge_leader/lib/pkgconfig/daksha_api_bridge_leader.pc'
[6.127s] Level 1:colcon.colcon_core.environment:checking '/home/phy_ai/.ihub/daksha/install/daksha_api_bridge_leader/lib/python3.10/site-packages'
[6.127s] Level 1:colcon.colcon_core.shell:create_environment_hook('daksha_api_bridge_leader', 'pythonpath')
[6.128s] INFO:colcon.colcon_core.shell:Creating environment hook '/home/phy_ai/.ihub/daksha/install/daksha_api_bridge_leader/share/daksha_api_bridge_leader/hook/pythonpath.ps1'
[6.129s] INFO:colcon.colcon_core.shell:Creating environment descriptor '/home/phy_ai/.ihub/daksha/install/daksha_api_bridge_leader/share/daksha_api_bridge_leader/hook/pythonpath.dsv'
[6.129s] INFO:colcon.colcon_core.shell:Creating environment hook '/home/phy_ai/.ihub/daksha/install/daksha_api_bridge_leader/share/daksha_api_bridge_leader/hook/pythonpath.sh'
[6.131s] Level 1:colcon.colcon_core.environment:checking '/home/phy_ai/.ihub/daksha/install/daksha_api_bridge_leader/bin'
[6.131s] Level 1:colcon.colcon_core.environment:create_environment_scripts_only(daksha_api_bridge_leader)
[6.132s] INFO:colcon.colcon_core.shell:Creating package script '/home/phy_ai/.ihub/daksha/install/daksha_api_bridge_leader/share/daksha_api_bridge_leader/package.ps1'
[6.133s] INFO:colcon.colcon_core.shell:Creating package descriptor '/home/phy_ai/.ihub/daksha/install/daksha_api_bridge_leader/share/daksha_api_bridge_leader/package.dsv'
[6.133s] INFO:colcon.colcon_core.shell:Creating package script '/home/phy_ai/.ihub/daksha/install/daksha_api_bridge_leader/share/daksha_api_bridge_leader/package.sh'
[6.134s] INFO:colcon.colcon_core.shell:Creating package script '/home/phy_ai/.ihub/daksha/install/daksha_api_bridge_leader/share/daksha_api_bridge_leader/package.bash'
[6.134s] INFO:colcon.colcon_core.shell:Creating package script '/home/phy_ai/.ihub/daksha/install/daksha_api_bridge_leader/share/daksha_api_bridge_leader/package.zsh'
[6.134s] Level 1:colcon.colcon_core.environment:create_file_with_runtime_dependencies(/home/phy_ai/.ihub/daksha/install/daksha_api_bridge_leader/share/colcon-core/packages/daksha_api_bridge_leader)
[6.135s] Level 1:colcon.colcon_core.environment:checking '/home/phy_ai/.ihub/daksha/install/ros_tcp_endpoint' for CMake module files
[6.136s] Level 1:colcon.colcon_core.environment:checking '/home/phy_ai/.ihub/daksha/install/ros_tcp_endpoint' for CMake config files
[6.137s] DEBUG:colcon.colcon_core.event_handler.log_command:Invoked command in '/home/phy_ai/.ihub/daksha/src/tele/ROS-TCP-Endpoint' returned '0': PYTHONPATH=/home/phy_ai/.ihub/daksha/build/ros_tcp_endpoint/prefix_override:/usr/lib/python3/dist-packages/colcon_core/task/python/colcon_distutils_commands:/home/phy_ai/.ihub/daksha/install/ros_tcp_endpoint/lib/python3.10/site-packages:${PYTHONPATH} /usr/bin/python3 -W ignore:setup.py install is deprecated -W ignore:easy_install command is deprecated setup.py egg_info --egg-base ../../../build/ros_tcp_endpoint build --build-base /home/phy_ai/.ihub/daksha/build/ros_tcp_endpoint/build install --record /home/phy_ai/.ihub/daksha/build/ros_tcp_endpoint/install.log --install-scripts $base/lib/ros_tcp_endpoint --single-version-externally-managed install_data
[6.137s] Level 1:colcon.colcon_core.environment:checking '/home/phy_ai/.ihub/daksha/install/ros_tcp_endpoint/lib'
[6.137s] Level 1:colcon.colcon_core.environment:checking '/home/phy_ai/.ihub/daksha/install/ros_tcp_endpoint/bin'
[6.137s] Level 1:colcon.colcon_core.environment:checking '/home/phy_ai/.ihub/daksha/install/ros_tcp_endpoint/lib/pkgconfig/ros_tcp_endpoint.pc'
[6.137s] Level 1:colcon.colcon_core.environment:checking '/home/phy_ai/.ihub/daksha/install/ros_tcp_endpoint/lib/python3.10/site-packages'
[6.137s] Level 1:colcon.colcon_core.shell:create_environment_hook('ros_tcp_endpoint', 'pythonpath')
[6.138s] INFO:colcon.colcon_core.shell:Creating environment hook '/home/phy_ai/.ihub/daksha/install/ros_tcp_endpoint/share/ros_tcp_endpoint/hook/pythonpath.ps1'
[6.138s] INFO:colcon.colcon_core.shell:Creating environment descriptor '/home/phy_ai/.ihub/daksha/install/ros_tcp_endpoint/share/ros_tcp_endpoint/hook/pythonpath.dsv'
[6.138s] INFO:colcon.colcon_core.shell:Creating environment hook '/home/phy_ai/.ihub/daksha/install/ros_tcp_endpoint/share/ros_tcp_endpoint/hook/pythonpath.sh'
[6.139s] Level 1:colcon.colcon_core.environment:checking '/home/phy_ai/.ihub/daksha/install/ros_tcp_endpoint/bin'
[6.139s] Level 1:colcon.colcon_core.environment:create_environment_scripts_only(ros_tcp_endpoint)
[6.139s] INFO:colcon.colcon_core.shell:Creating package script '/home/phy_ai/.ihub/daksha/install/ros_tcp_endpoint/share/ros_tcp_endpoint/package.ps1'
[6.140s] INFO:colcon.colcon_core.shell:Creating package descriptor '/home/phy_ai/.ihub/daksha/install/ros_tcp_endpoint/share/ros_tcp_endpoint/package.dsv'
[6.140s] INFO:colcon.colcon_core.shell:Creating package script '/home/phy_ai/.ihub/daksha/install/ros_tcp_endpoint/share/ros_tcp_endpoint/package.sh'
[6.141s] INFO:colcon.colcon_core.shell:Creating package script '/home/phy_ai/.ihub/daksha/install/ros_tcp_endpoint/share/ros_tcp_endpoint/package.bash'
[6.141s] INFO:colcon.colcon_core.shell:Creating package script '/home/phy_ai/.ihub/daksha/install/ros_tcp_endpoint/share/ros_tcp_endpoint/package.zsh'
[6.141s] Level 1:colcon.colcon_core.environment:create_file_with_runtime_dependencies(/home/phy_ai/.ihub/daksha/install/ros_tcp_endpoint/share/colcon-core/packages/ros_tcp_endpoint)
[6.141s] DEBUG:colcon.colcon_core.task.python.build:Available setuptools commands: bdist_rpm, symlink_data, install_data, test, build_ext, upload_docs, update_catalog, register, install_headers, install_scripts, init_catalog, build, upload, develop, rotate, install_egg_info, compile_catalog, install, easy_install, egg_info, build_scripts, dist_info, install_lib, bdist_egg, alias, extract_messages, sdist, setopt, bdist_wheel, build_clib, bdist, saveopts, bdist_dumb, clean, build_py, check
[6.143s] DEBUG:colcon.colcon_core.task.python.build:Available setuptools commands: bdist_rpm, symlink_data, install_data, test, build_ext, upload_docs, update_catalog, register, install_headers, install_scripts, init_catalog, build, upload, develop, rotate, install_egg_info, compile_catalog, install, easy_install, egg_info, build_scripts, dist_info, install_lib, bdist_egg, alias, extract_messages, sdist, setopt, bdist_wheel, build_clib, bdist, saveopts, bdist_dumb, clean, build_py, check
[6.145s] DEBUG:colcon.colcon_core.task.python.build:Available setuptools commands: bdist_rpm, symlink_data, install_data, test, build_ext, upload_docs, update_catalog, register, install_headers, install_scripts, init_catalog, build, upload, develop, rotate, install_egg_info, compile_catalog, install, easy_install, egg_info, build_scripts, dist_info, install_lib, bdist_egg, alias, extract_messages, sdist, setopt, bdist_wheel, build_clib, bdist, saveopts, bdist_dumb, clean, build_py, check
[6.148s] INFO:colcon.colcon_ros.task.ament_cmake.build:Building ROS package in '/home/phy_ai/.ihub/daksha/src/controllers/collision_management' with build type 'ament_cmake'
[6.148s] INFO:colcon.colcon_cmake.task.cmake.build:Building CMake package in '/home/phy_ai/.ihub/daksha/src/controllers/collision_management'
[6.148s] INFO:colcon.colcon_core.shell:Skip shell extension 'powershell' for command environment: Not usable outside of PowerShell
[6.148s] DEBUG:colcon.colcon_core.shell:Skip shell extension 'dsv' for command environment
[6.149s] DEBUG:colcon.colcon_core.event_handler.log_command:Invoking command in '/home/phy_ai/.ihub/daksha/src/world_camera_launch': PYTHONPATH=/home/phy_ai/.ihub/daksha/build/world_camera_launch/prefix_override:/usr/lib/python3/dist-packages/colcon_core/task/python/colcon_distutils_commands:/home/phy_ai/.ihub/daksha/install/world_camera_launch/lib/python3.10/site-packages:${PYTHONPATH} /usr/bin/python3 -W ignore:setup.py install is deprecated -W ignore:easy_install command is deprecated setup.py egg_info --egg-base ../../build/world_camera_launch build --build-base /home/phy_ai/.ihub/daksha/build/world_camera_launch/build install --record /home/phy_ai/.ihub/daksha/build/world_camera_launch/install.log --install-scripts $base/lib/world_camera_launch --single-version-externally-managed install_data
[6.150s] DEBUG:colcon.colcon_core.event_handler.log_command:Invoking command in '/home/phy_ai/.ihub/daksha/src/diagnosis/vajara': PYTHONPATH=/home/phy_ai/.ihub/daksha/build/vajara/prefix_override:/usr/lib/python3/dist-packages/colcon_core/task/python/colcon_distutils_commands:/home/phy_ai/.ihub/daksha/install/vajara/lib/python3.10/site-packages:${PYTHONPATH} /usr/bin/python3 -W ignore:setup.py install is deprecated -W ignore:easy_install command is deprecated setup.py egg_info --egg-base ../../../build/vajara build --build-base /home/phy_ai/.ihub/daksha/build/vajara/build install --record /home/phy_ai/.ihub/daksha/build/vajara/install.log --install-scripts $base/lib/vajara --single-version-externally-managed install_data
[6.152s] DEBUG:colcon.colcon_core.event_handler.log_command:Invoking command in '/home/phy_ai/.ihub/daksha/src/ui/Clients_UI/daksha_data_collection': CMAKE_PREFIX_PATH=/home/phy_ai/.ihub/daksha/install/hw_interface:/home/phy_ai/.ihub/daksha/install/daksha_msgs:/home/phy_ai/.ihub/daksha/install/web_nav_site:/home/phy_ai/.ihub/daksha/install/posveleff_controllers:/home/phy_ai/.ihub/daksha/install/moveit_collision_management:/home/phy_ai/.ihub/daksha/install/collision_management:/home/phy_ai/.ihub/daksha/install/gesture_management:/home/phy_ai/.ihub/daksha/install/dynamics:/home/phy_ai/.ihub/daksha/install/daksha_ui:/home/phy_ai/.ihub/daksha/install/automation:/home/phy_ai/.barani/gen2_full/install/web_nav_site:/home/phy_ai/.barani/gen2_full/install/trajectory_planning:/home/phy_ai/.barani/gen2_full/install/sllidar_ros2:/home/phy_ai/.barani/gen2_full/install/posveleff_controllers:/home/phy_ai/.barani/gen2_full/install/moveit_collision_management:/home/phy_ai/.barani/gen2_full/install/collision_management:/home/phy_ai/.barani/gen2_full/install/hw_interface:/home/phy_ai/.barani/gen2_full/install/gesture_management:/home/phy_ai/.barani/gen2_full/install/dynamics:/home/phy_ai/.barani/gen2_full/install/drax_hardware:/home/phy_ai/.barani/gen2_full/install/daksha_ui:/home/phy_ai/.barani/gen2_full/install/daksha_msgs:/home/phy_ai/.barani/gen2_full/install/automation LD_LIBRARY_PATH=/home/phy_ai/.ihub/daksha/install/hw_interface/lib:/home/phy_ai/.ihub/daksha/install/daksha_msgs/lib:/home/phy_ai/.ihub/daksha/install/posveleff_controllers/lib:/home/phy_ai/.ihub/daksha/install/collision_management/lib:/home/phy_ai/.ihub/daksha/install/gesture_management/lib:/home/phy_ai/.barani/gen2_full/install/trajectory_planning/lib:/home/phy_ai/.barani/gen2_full/install/posveleff_controllers/lib:/home/phy_ai/.barani/gen2_full/install/collision_management/lib:/home/phy_ai/.barani/gen2_full/install/hw_interface/lib:/home/phy_ai/.barani/gen2_full/install/gesture_management/lib:/home/phy_ai/.barani/gen2_full/install/drax_hardware/lib:/home/phy_ai/.barani/gen2_full/install/daksha_msgs/lib:/opt/ros/humble/opt/rviz_ogre_vendor/lib:/opt/ros/humble/lib/x86_64-linux-gnu:/opt/ros/humble/lib PYTHONPATH=/home/phy_ai/.ihub/daksha/build/daksha_data_collection/prefix_override:/usr/lib/python3/dist-packages/colcon_core/task/python/colcon_distutils_commands:/home/phy_ai/.ihub/daksha/install/daksha_data_collection/lib/python3.10/site-packages:${PYTHONPATH} /usr/bin/python3 -W ignore:setup.py install is deprecated -W ignore:easy_install command is deprecated setup.py egg_info --egg-base ../../../../build/daksha_data_collection build --build-base /home/phy_ai/.ihub/daksha/build/daksha_data_collection/build install --record /home/phy_ai/.ihub/daksha/build/daksha_data_collection/install.log --install-scripts $base/lib/daksha_data_collection --single-version-externally-managed install_data
[6.162s] Level 1:colcon.colcon_core.environment:checking '/home/phy_ai/.ihub/daksha/install/daksha_final_urdf_description' for CMake module files
[6.163s] DEBUG:colcon.colcon_core.event_handler.log_command:Invoked command in '/home/phy_ai/.ihub/daksha/src/ui/Clients_UI/daksha_final_urdf_description' returned '0': PYTHONPATH=/home/phy_ai/.ihub/daksha/build/daksha_final_urdf_description/prefix_override:/usr/lib/python3/dist-packages/colcon_core/task/python/colcon_distutils_commands:/home/phy_ai/.ihub/daksha/install/daksha_final_urdf_description/lib/python3.10/site-packages:${PYTHONPATH} /usr/bin/python3 -W ignore:setup.py install is deprecated -W ignore:easy_install command is deprecated setup.py egg_info --egg-base ../../../../build/daksha_final_urdf_description build --build-base /home/phy_ai/.ihub/daksha/build/daksha_final_urdf_description/build install --record /home/phy_ai/.ihub/daksha/build/daksha_final_urdf_description/install.log --install-scripts $base/lib/fusion2urdf_ros2 --single-version-externally-managed install_data
[6.164s] Level 1:colcon.colcon_core.environment:checking '/home/phy_ai/.ihub/daksha/install/daksha_final_urdf_description' for CMake config files
[6.164s] Level 1:colcon.colcon_core.environment:checking '/home/phy_ai/.ihub/daksha/install/daksha_final_urdf_description/lib'
[6.165s] Level 1:colcon.colcon_core.environment:checking '/home/phy_ai/.ihub/daksha/install/daksha_final_urdf_description/bin'
[6.165s] Level 1:colcon.colcon_core.environment:checking '/home/phy_ai/.ihub/daksha/install/daksha_final_urdf_description/lib/pkgconfig/daksha_final_urdf_description.pc'
[6.165s] Level 1:colcon.colcon_core.environment:checking '/home/phy_ai/.ihub/daksha/install/daksha_final_urdf_description/lib/python3.10/site-packages'
[6.165s] Level 1:colcon.colcon_core.shell:create_environment_hook('daksha_final_urdf_description', 'pythonpath')
[6.165s] INFO:colcon.colcon_core.shell:Creating environment hook '/home/phy_ai/.ihub/daksha/install/daksha_final_urdf_description/share/daksha_final_urdf_description/hook/pythonpath.ps1'
[6.166s] INFO:colcon.colcon_core.shell:Creating environment descriptor '/home/phy_ai/.ihub/daksha/install/daksha_final_urdf_description/share/daksha_final_urdf_description/hook/pythonpath.dsv'
[6.167s] INFO:colcon.colcon_core.shell:Creating environment hook '/home/phy_ai/.ihub/daksha/install/daksha_final_urdf_description/share/daksha_final_urdf_description/hook/pythonpath.sh'
[6.168s] Level 1:colcon.colcon_core.environment:checking '/home/phy_ai/.ihub/daksha/install/daksha_final_urdf_description/bin'
[6.168s] Level 1:colcon.colcon_core.environment:create_environment_scripts_only(daksha_final_urdf_description)
[6.168s] INFO:colcon.colcon_core.shell:Creating package script '/home/phy_ai/.ihub/daksha/install/daksha_final_urdf_description/share/daksha_final_urdf_description/package.ps1'
[6.169s] INFO:colcon.colcon_core.shell:Creating package descriptor '/home/phy_ai/.ihub/daksha/install/daksha_final_urdf_description/share/daksha_final_urdf_description/package.dsv'
[6.170s] INFO:colcon.colcon_core.shell:Creating package script '/home/phy_ai/.ihub/daksha/install/daksha_final_urdf_description/share/daksha_final_urdf_description/package.sh'
[6.171s] INFO:colcon.colcon_core.shell:Creating package script '/home/phy_ai/.ihub/daksha/install/daksha_final_urdf_description/share/daksha_final_urdf_description/package.bash'
[6.172s] INFO:colcon.colcon_core.shell:Creating package script '/home/phy_ai/.ihub/daksha/install/daksha_final_urdf_description/share/daksha_final_urdf_description/package.zsh'
[6.172s] Level 1:colcon.colcon_core.environment:create_file_with_runtime_dependencies(/home/phy_ai/.ihub/daksha/install/daksha_final_urdf_description/share/colcon-core/packages/daksha_final_urdf_description)
[6.181s] DEBUG:colcon.colcon_core.event_handler.log_command:Invoking command in '/home/phy_ai/.ihub/daksha/build/collision_management': AMENT_PREFIX_PATH=/home/phy_ai/.ihub/daksha/install/kinematics:/home/phy_ai/.ihub/daksha/install/daksha_description_full_body:/home/phy_ai/.ihub/daksha/install/motor_configure:/home/phy_ai/.ihub/daksha/install/world_camera_launch:/home/phy_ai/.ihub/daksha/install/web_nav_site:/home/phy_ai/.ihub/daksha/install/motortest:/home/phy_ai/.ihub/daksha/install/gen2:/home/phy_ai/.ihub/daksha/install/vr_teleop:/home/phy_ai/.ihub/daksha/install/vajara:/home/phy_ai/.ihub/daksha/install/ros_tcp_endpoint:/home/phy_ai/.ihub/daksha/install/posveleff_controllers:/home/phy_ai/.ihub/daksha/install/moveit_collision_management:/home/phy_ai/.ihub/daksha/install/collision_management:/home/phy_ai/.ihub/daksha/install/joint_cmd_logger:/home/phy_ai/.ihub/daksha/install/joint_analyzer:/home/phy_ai/.ihub/daksha/install/daksha_data_collection:/home/phy_ai/.ihub/daksha/install/hw_interface:/home/phy_ai/.ihub/daksha/install/gesture_management:/home/phy_ai/.ihub/daksha/install/gen2_leader:/home/phy_ai/.ihub/daksha/install/dynamics:/home/phy_ai/.ihub/daksha/install/daksha_ui:/home/phy_ai/.ihub/daksha/install/daksha_msgs:/home/phy_ai/.ihub/daksha/install/daksha_final_urdf_description:/home/phy_ai/.ihub/daksha/install/daksha_api_bridge_leader:/home/phy_ai/.ihub/daksha/install/daksha_api_bridge_follower:/home/phy_ai/.ihub/daksha/install/automation:/home/phy_ai/.barani/gen2_full/install/world_camera_launch:/home/phy_ai/.barani/gen2_full/install/web_nav_site:/home/phy_ai/.barani/gen2_full/install/gen2:/home/phy_ai/.barani/gen2_full/install/vr_teleop:/home/phy_ai/.barani/gen2_full/install/trajectory_planning:/home/phy_ai/.barani/gen2_full/install/sllidar_ros2:/home/phy_ai/.barani/gen2_full/install/ros_tcp_endpoint:/home/phy_ai/.barani/gen2_full/install/posveleff_controllers:/home/phy_ai/.barani/gen2_full/install/nav_bringup:/home/phy_ai/.barani/gen2_full/install/nav2_config:/home/phy_ai/.barani/gen2_full/install/moveit_collision_management:/home/phy_ai/.barani/gen2_full/install/collision_management:/home/phy_ai/.barani/gen2_full/install/kinematics:/home/phy_ai/.barani/gen2_full/install/joint_cmd_logger:/home/phy_ai/.barani/gen2_full/install/joint_analyzer:/home/phy_ai/.barani/gen2_full/install/daksha_data_collection:/home/phy_ai/.barani/gen2_full/install/hw_interface:/home/phy_ai/.barani/gen2_full/install/gesture_management:/home/phy_ai/.barani/gen2_full/install/gen2_leader:/home/phy_ai/.barani/gen2_full/install/dynamics:/home/phy_ai/.barani/gen2_full/install/amr_bringup:/home/phy_ai/.barani/gen2_full/install/drax_hardware:/home/phy_ai/.barani/gen2_full/install/daksha_ui:/home/phy_ai/.barani/gen2_full/install/daksha_msgs:/home/phy_ai/.barani/gen2_full/install/daksha_final_urdf_description:/home/phy_ai/.barani/gen2_full/install/daksha_description_full_body:/home/phy_ai/.barani/gen2_full/install/daksha_base_urdf:/home/phy_ai/.barani/gen2_full/install/daksha_api_bridge_leader:/home/phy_ai/.barani/gen2_full/install/daksha_api_bridge_follower:/home/phy_ai/.barani/gen2_full/install/automation:/opt/ros/humble CMAKE_PREFIX_PATH=${CMAKE_PREFIX_PATH}:/home/phy_ai/.ihub/daksha/install/motor_configure:/home/phy_ai/.ihub/daksha/install/world_camera_launch:/home/phy_ai/.ihub/daksha/install/motortest:/home/phy_ai/.ihub/daksha/install/gen2:/home/phy_ai/.ihub/daksha/install/vr_teleop:/home/phy_ai/.ihub/daksha/install/vajara:/home/phy_ai/.ihub/daksha/install/ros_tcp_endpoint:/home/phy_ai/.ihub/daksha/install/kinematics:/home/phy_ai/.ihub/daksha/install/joint_cmd_logger:/home/phy_ai/.ihub/daksha/install/joint_analyzer:/home/phy_ai/.ihub/daksha/install/daksha_data_collection:/home/phy_ai/.ihub/daksha/install/gen2_leader:/home/phy_ai/.ihub/daksha/install/daksha_final_urdf_description:/home/phy_ai/.ihub/daksha/install/daksha_description_full_body:/home/phy_ai/.ihub/daksha/install/daksha_api_bridge_leader:/home/phy_ai/.ihub/daksha/install/daksha_api_bridge_follower:/home/phy_ai/.barani/gen2_full/install/world_camera_launch:/home/phy_ai/.barani/gen2_full/install/gen2:/home/phy_ai/.barani/gen2_full/install/vr_teleop:/home/phy_ai/.barani/gen2_full/install/ros_tcp_endpoint:/home/phy_ai/.barani/gen2_full/install/nav_bringup:/home/phy_ai/.barani/gen2_full/install/nav2_config:/home/phy_ai/.barani/gen2_full/install/kinematics:/home/phy_ai/.barani/gen2_full/install/joint_cmd_logger:/home/phy_ai/.barani/gen2_full/install/joint_analyzer:/home/phy_ai/.barani/gen2_full/install/daksha_data_collection:/home/phy_ai/.barani/gen2_full/install/gen2_leader:/home/phy_ai/.barani/gen2_full/install/amr_bringup:/home/phy_ai/.barani/gen2_full/install/daksha_final_urdf_description:/home/phy_ai/.barani/gen2_full/install/daksha_description_full_body:/home/phy_ai/.barani/gen2_full/install/daksha_base_urdf:/home/phy_ai/.barani/gen2_full/install/daksha_api_bridge_leader:/home/phy_ai/.barani/gen2_full/install/daksha_api_bridge_follower:/opt/ros/humble PYTHONPATH=/home/phy_ai/.ihub/daksha/install/kinematics/lib/python3.10/site-packages:/home/phy_ai/.ihub/daksha/install/daksha_description_full_body/lib/python3.10/site-packages:/home/phy_ai/.ihub/daksha/build/motor_configure:/home/phy_ai/.ihub/daksha/install/motor_configure/lib/python3.10/site-packages:/home/phy_ai/.ihub/daksha/install/world_camera_launch/lib/python3.10/site-packages:/home/phy_ai/.ihub/daksha/install/motortest/lib/python3.10/site-packages:/home/phy_ai/.ihub/daksha/install/gen2/lib/python3.10/site-packages:/home/phy_ai/.ihub/daksha/install/vr_teleop/lib/python3.10/site-packages:/home/phy_ai/.ihub/daksha/install/vajara/lib/python3.10/site-packages:/home/phy_ai/.ihub/daksha/install/ros_tcp_endpoint/lib/python3.10/site-packages:/home/phy_ai/.ihub/daksha/install/collision_management/local/lib/python3.10/dist-packages:/home/phy_ai/.ihub/daksha/install/joint_cmd_logger/lib/python3.10/site-packages:/home/phy_ai/.ihub/daksha/install/joint_analyzer/lib/python3.10/site-packages:/home/phy_ai/.ihub/daksha/install/daksha_data_collection/lib/python3.10/site-packages:/home/phy_ai/.ihub/daksha/install/hw_interface/local/lib/python3.10/dist-packages:/home/phy_ai/.ihub/daksha/install/gesture_management/local/lib/python3.10/dist-packages:/home/phy_ai/.ihub/daksha/install/gen2_leader/lib/python3.10/site-packages:/home/phy_ai/.ihub/daksha/install/daksha_msgs/local/lib/python3.10/dist-packages:/home/phy_ai/.ihub/daksha/install/daksha_final_urdf_description/lib/python3.10/site-packages:/home/phy_ai/.ihub/daksha/install/daksha_api_bridge_leader/lib/python3.10/site-packages:/home/phy_ai/.ihub/daksha/install/daksha_api_bridge_follower/lib/python3.10/site-packages:/home/phy_ai/.barani/gen2_full/install/world_camera_launch/lib/python3.10/site-packages:/home/phy_ai/.barani/gen2_full/install/gen2/lib/python3.10/site-packages:/home/phy_ai/.barani/gen2_full/install/vr_teleop/lib/python3.10/site-packages:/home/phy_ai/.barani/gen2_full/install/trajectory_planning/local/lib/python3.10/dist-packages:/home/phy_ai/.barani/gen2_full/install/ros_tcp_endpoint/lib/python3.10/site-packages:/home/phy_ai/.barani/gen2_full/install/nav_bringup/lib/python3.10/site-packages:/home/phy_ai/.barani/gen2_full/install/nav2_config/lib/python3.10/site-packages:/home/phy_ai/.barani/gen2_full/install/collision_management/local/lib/python3.10/dist-packages:/home/phy_ai/.barani/gen2_full/install/kinematics/lib/python3.10/site-packages:/home/phy_ai/.barani/gen2_full/install/joint_cmd_logger/lib/python3.10/site-packages:/home/phy_ai/.barani/gen2_full/install/joint_analyzer/lib/python3.10/site-packages:/home/phy_ai/.barani/gen2_full/install/daksha_data_collection/lib/python3.10/site-packages:/home/phy_ai/.barani/gen2_full/install/hw_interface/local/lib/python3.10/dist-packages:/home/phy_ai/.barani/gen2_full/install/gesture_management/local/lib/python3.10/dist-packages:/home/phy_ai/.barani/gen2_full/install/gen2_leader/lib/python3.10/site-packages:/home/phy_ai/.barani/gen2_full/install/amr_bringup/lib/python3.10/site-packages:/home/phy_ai/.barani/gen2_full/install/daksha_msgs/local/lib/python3.10/dist-packages:/home/phy_ai/.barani/gen2_full/install/daksha_final_urdf_description/lib/python3.10/site-packages:/home/phy_ai/.barani/gen2_full/install/daksha_description_full_body/lib/python3.10/site-packages:/home/phy_ai/.barani/gen2_full/install/daksha_base_urdf/lib/python3.10/site-packages:/home/phy_ai/.barani/gen2_full/install/daksha_api_bridge_leader/lib/python3.10/site-packages:/home/phy_ai/.barani/gen2_full/install/daksha_api_bridge_follower/lib/python3.10/site-packages:/opt/ros/humble/lib/python3.10/site-packages:/opt/ros/humble/local/lib/python3.10/dist-packages /usr/bin/cmake --build /home/phy_ai/.ihub/daksha/build/collision_management -- -j16 -l16
[6.588s] Level 1:colcon.colcon_core.environment:checking '/home/phy_ai/.ihub/daksha/install/world_camera_launch' for CMake module files
[6.589s] DEBUG:colcon.colcon_core.event_handler.log_command:Invoked command in '/home/phy_ai/.ihub/daksha/src/world_camera_launch' returned '0': PYTHONPATH=/home/phy_ai/.ihub/daksha/build/world_camera_launch/prefix_override:/usr/lib/python3/dist-packages/colcon_core/task/python/colcon_distutils_commands:/home/phy_ai/.ihub/daksha/install/world_camera_launch/lib/python3.10/site-packages:${PYTHONPATH} /usr/bin/python3 -W ignore:setup.py install is deprecated -W ignore:easy_install command is deprecated setup.py egg_info --egg-base ../../build/world_camera_launch build --build-base /home/phy_ai/.ihub/daksha/build/world_camera_launch/build install --record /home/phy_ai/.ihub/daksha/build/world_camera_launch/install.log --install-scripts $base/lib/world_camera_launch --single-version-externally-managed install_data
[6.590s] Level 1:colcon.colcon_core.environment:checking '/home/phy_ai/.ihub/daksha/install/world_camera_launch' for CMake config files
[6.591s] Level 1:colcon.colcon_core.environment:checking '/home/phy_ai/.ihub/daksha/install/world_camera_launch/lib'
[6.591s] Level 1:colcon.colcon_core.environment:checking '/home/phy_ai/.ihub/daksha/install/world_camera_launch/bin'
[6.591s] Level 1:colcon.colcon_core.environment:checking '/home/phy_ai/.ihub/daksha/install/world_camera_launch/lib/pkgconfig/world_camera_launch.pc'
[6.591s] Level 1:colcon.colcon_core.environment:checking '/home/phy_ai/.ihub/daksha/install/world_camera_launch/lib/python3.10/site-packages'
[6.591s] Level 1:colcon.colcon_core.shell:create_environment_hook('world_camera_launch', 'pythonpath')
[6.592s] INFO:colcon.colcon_core.shell:Creating environment hook '/home/phy_ai/.ihub/daksha/install/world_camera_launch/share/world_camera_launch/hook/pythonpath.ps1'
[6.592s] INFO:colcon.colcon_core.shell:Creating environment descriptor '/home/phy_ai/.ihub/daksha/install/world_camera_launch/share/world_camera_launch/hook/pythonpath.dsv'
[6.593s] INFO:colcon.colcon_core.shell:Creating environment hook '/home/phy_ai/.ihub/daksha/install/world_camera_launch/share/world_camera_launch/hook/pythonpath.sh'
[6.594s] Level 1:colcon.colcon_core.environment:checking '/home/phy_ai/.ihub/daksha/install/world_camera_launch/bin'
[6.594s] Level 1:colcon.colcon_core.environment:create_environment_scripts_only(world_camera_launch)
[6.595s] INFO:colcon.colcon_core.shell:Creating package script '/home/phy_ai/.ihub/daksha/install/world_camera_launch/share/world_camera_launch/package.ps1'
[6.596s] INFO:colcon.colcon_core.shell:Creating package descriptor '/home/phy_ai/.ihub/daksha/install/world_camera_launch/share/world_camera_launch/package.dsv'
[6.596s] INFO:colcon.colcon_core.shell:Creating package script '/home/phy_ai/.ihub/daksha/install/world_camera_launch/share/world_camera_launch/package.sh'
[6.597s] INFO:colcon.colcon_core.shell:Creating package script '/home/phy_ai/.ihub/daksha/install/world_camera_launch/share/world_camera_launch/package.bash'
[6.597s] INFO:colcon.colcon_core.shell:Creating package script '/home/phy_ai/.ihub/daksha/install/world_camera_launch/share/world_camera_launch/package.zsh'
[6.598s] Level 1:colcon.colcon_core.environment:create_file_with_runtime_dependencies(/home/phy_ai/.ihub/daksha/install/world_camera_launch/share/colcon-core/packages/world_camera_launch)
[6.600s] Level 1:colcon.colcon_core.environment:checking '/home/phy_ai/.ihub/daksha/install/vajara' for CMake module files
[6.601s] DEBUG:colcon.colcon_core.event_handler.log_command:Invoked command in '/home/phy_ai/.ihub/daksha/src/diagnosis/vajara' returned '0': PYTHONPATH=/home/phy_ai/.ihub/daksha/build/vajara/prefix_override:/usr/lib/python3/dist-packages/colcon_core/task/python/colcon_distutils_commands:/home/phy_ai/.ihub/daksha/install/vajara/lib/python3.10/site-packages:${PYTHONPATH} /usr/bin/python3 -W ignore:setup.py install is deprecated -W ignore:easy_install command is deprecated setup.py egg_info --egg-base ../../../build/vajara build --build-base /home/phy_ai/.ihub/daksha/build/vajara/build install --record /home/phy_ai/.ihub/daksha/build/vajara/install.log --install-scripts $base/lib/vajara --single-version-externally-managed install_data
[6.601s] Level 1:colcon.colcon_core.environment:checking '/home/phy_ai/.ihub/daksha/install/vajara' for CMake config files
[6.602s] Level 1:colcon.colcon_core.environment:checking '/home/phy_ai/.ihub/daksha/install/vajara/lib'
[6.602s] Level 1:colcon.colcon_core.environment:checking '/home/phy_ai/.ihub/daksha/install/vajara/bin'
[6.602s] Level 1:colcon.colcon_core.environment:checking '/home/phy_ai/.ihub/daksha/install/vajara/lib/pkgconfig/vajara.pc'
[6.602s] Level 1:colcon.colcon_core.environment:checking '/home/phy_ai/.ihub/daksha/install/vajara/lib/python3.10/site-packages'
[6.602s] Level 1:colcon.colcon_core.shell:create_environment_hook('vajara', 'pythonpath')
[6.603s] INFO:colcon.colcon_core.shell:Creating environment hook '/home/phy_ai/.ihub/daksha/install/vajara/share/vajara/hook/pythonpath.ps1'
[6.603s] INFO:colcon.colcon_core.shell:Creating environment descriptor '/home/phy_ai/.ihub/daksha/install/vajara/share/vajara/hook/pythonpath.dsv'
[6.604s] INFO:colcon.colcon_core.shell:Creating environment hook '/home/phy_ai/.ihub/daksha/install/vajara/share/vajara/hook/pythonpath.sh'
[6.605s] Level 1:colcon.colcon_core.environment:checking '/home/phy_ai/.ihub/daksha/install/vajara/bin'
[6.605s] Level 1:colcon.colcon_core.environment:create_environment_scripts_only(vajara)
[6.605s] INFO:colcon.colcon_core.shell:Creating package script '/home/phy_ai/.ihub/daksha/install/vajara/share/vajara/package.ps1'
[6.606s] INFO:colcon.colcon_core.shell:Creating package descriptor '/home/phy_ai/.ihub/daksha/install/vajara/share/vajara/package.dsv'
[6.607s] INFO:colcon.colcon_core.shell:Creating package script '/home/phy_ai/.ihub/daksha/install/vajara/share/vajara/package.sh'
[6.608s] INFO:colcon.colcon_core.shell:Creating package script '/home/phy_ai/.ihub/daksha/install/vajara/share/vajara/package.bash'
[6.608s] INFO:colcon.colcon_core.shell:Creating package script '/home/phy_ai/.ihub/daksha/install/vajara/share/vajara/package.zsh'
[6.609s] Level 1:colcon.colcon_core.environment:create_file_with_runtime_dependencies(/home/phy_ai/.ihub/daksha/install/vajara/share/colcon-core/packages/vajara)
[6.609s] Level 1:colcon.colcon_core.environment:checking '/home/phy_ai/.ihub/daksha/install/daksha_data_collection' for CMake module files
[6.610s] Level 1:colcon.colcon_core.environment:checking '/home/phy_ai/.ihub/daksha/install/daksha_data_collection' for CMake config files
[6.611s] DEBUG:colcon.colcon_core.event_handler.log_command:Invoked command in '/home/phy_ai/.ihub/daksha/src/ui/Clients_UI/daksha_data_collection' returned '0': CMAKE_PREFIX_PATH=/home/phy_ai/.ihub/daksha/install/hw_interface:/home/phy_ai/.ihub/daksha/install/daksha_msgs:/home/phy_ai/.ihub/daksha/install/web_nav_site:/home/phy_ai/.ihub/daksha/install/posveleff_controllers:/home/phy_ai/.ihub/daksha/install/moveit_collision_management:/home/phy_ai/.ihub/daksha/install/collision_management:/home/phy_ai/.ihub/daksha/install/gesture_management:/home/phy_ai/.ihub/daksha/install/dynamics:/home/phy_ai/.ihub/daksha/install/daksha_ui:/home/phy_ai/.ihub/daksha/install/automation:/home/phy_ai/.barani/gen2_full/install/web_nav_site:/home/phy_ai/.barani/gen2_full/install/trajectory_planning:/home/phy_ai/.barani/gen2_full/install/sllidar_ros2:/home/phy_ai/.barani/gen2_full/install/posveleff_controllers:/home/phy_ai/.barani/gen2_full/install/moveit_collision_management:/home/phy_ai/.barani/gen2_full/install/collision_management:/home/phy_ai/.barani/gen2_full/install/hw_interface:/home/phy_ai/.barani/gen2_full/install/gesture_management:/home/phy_ai/.barani/gen2_full/install/dynamics:/home/phy_ai/.barani/gen2_full/install/drax_hardware:/home/phy_ai/.barani/gen2_full/install/daksha_ui:/home/phy_ai/.barani/gen2_full/install/daksha_msgs:/home/phy_ai/.barani/gen2_full/install/automation LD_LIBRARY_PATH=/home/phy_ai/.ihub/daksha/install/hw_interface/lib:/home/phy_ai/.ihub/daksha/install/daksha_msgs/lib:/home/phy_ai/.ihub/daksha/install/posveleff_controllers/lib:/home/phy_ai/.ihub/daksha/install/collision_management/lib:/home/phy_ai/.ihub/daksha/install/gesture_management/lib:/home/phy_ai/.barani/gen2_full/install/trajectory_planning/lib:/home/phy_ai/.barani/gen2_full/install/posveleff_controllers/lib:/home/phy_ai/.barani/gen2_full/install/collision_management/lib:/home/phy_ai/.barani/gen2_full/install/hw_interface/lib:/home/phy_ai/.barani/gen2_full/install/gesture_management/lib:/home/phy_ai/.barani/gen2_full/install/drax_hardware/lib:/home/phy_ai/.barani/gen2_full/install/daksha_msgs/lib:/opt/ros/humble/opt/rviz_ogre_vendor/lib:/opt/ros/humble/lib/x86_64-linux-gnu:/opt/ros/humble/lib PYTHONPATH=/home/phy_ai/.ihub/daksha/build/daksha_data_collection/prefix_override:/usr/lib/python3/dist-packages/colcon_core/task/python/colcon_distutils_commands:/home/phy_ai/.ihub/daksha/install/daksha_data_collection/lib/python3.10/site-packages:${PYTHONPATH} /usr/bin/python3 -W ignore:setup.py install is deprecated -W ignore:easy_install command is deprecated setup.py egg_info --egg-base ../../../../build/daksha_data_collection build --build-base /home/phy_ai/.ihub/daksha/build/daksha_data_collection/build install --record /home/phy_ai/.ihub/daksha/build/daksha_data_collection/install.log --install-scripts $base/lib/daksha_data_collection --single-version-externally-managed install_data
[6.612s] Level 1:colcon.colcon_core.environment:checking '/home/phy_ai/.ihub/daksha/install/daksha_data_collection/lib'
[6.612s] Level 1:colcon.colcon_core.environment:checking '/home/phy_ai/.ihub/daksha/install/daksha_data_collection/bin'
[6.612s] Level 1:colcon.colcon_core.environment:checking '/home/phy_ai/.ihub/daksha/install/daksha_data_collection/lib/pkgconfig/daksha_data_collection.pc'
[6.612s] Level 1:colcon.colcon_core.environment:checking '/home/phy_ai/.ihub/daksha/install/daksha_data_collection/lib/python3.10/site-packages'
[6.612s] Level 1:colcon.colcon_core.shell:create_environment_hook('daksha_data_collection', 'pythonpath')
[6.612s] INFO:colcon.colcon_core.shell:Creating environment hook '/home/phy_ai/.ihub/daksha/install/daksha_data_collection/share/daksha_data_collection/hook/pythonpath.ps1'
[6.613s] INFO:colcon.colcon_core.shell:Creating environment descriptor '/home/phy_ai/.ihub/daksha/install/daksha_data_collection/share/daksha_data_collection/hook/pythonpath.dsv'
[6.613s] INFO:colcon.colcon_core.shell:Creating environment hook '/home/phy_ai/.ihub/daksha/install/daksha_data_collection/share/daksha_data_collection/hook/pythonpath.sh'
[6.614s] Level 1:colcon.colcon_core.environment:checking '/home/phy_ai/.ihub/daksha/install/daksha_data_collection/bin'
[6.614s] Level 1:colcon.colcon_core.environment:create_environment_scripts_only(daksha_data_collection)
[6.614s] INFO:colcon.colcon_core.shell:Creating package script '/home/phy_ai/.ihub/daksha/install/daksha_data_collection/share/daksha_data_collection/package.ps1'
[6.615s] INFO:colcon.colcon_core.shell:Creating package descriptor '/home/phy_ai/.ihub/daksha/install/daksha_data_collection/share/daksha_data_collection/package.dsv'
[6.615s] INFO:colcon.colcon_core.shell:Creating package script '/home/phy_ai/.ihub/daksha/install/daksha_data_collection/share/daksha_data_collection/package.sh'
[6.616s] INFO:colcon.colcon_core.shell:Creating package script '/home/phy_ai/.ihub/daksha/install/daksha_data_collection/share/daksha_data_collection/package.bash'
[6.616s] INFO:colcon.colcon_core.shell:Creating package script '/home/phy_ai/.ihub/daksha/install/daksha_data_collection/share/daksha_data_collection/package.zsh'
[6.616s] Level 1:colcon.colcon_core.environment:create_file_with_runtime_dependencies(/home/phy_ai/.ihub/daksha/install/daksha_data_collection/share/colcon-core/packages/daksha_data_collection)
[6.669s] DEBUG:colcon.colcon_core.task.python.build:Available setuptools commands: bdist_rpm, symlink_data, install_data, test, build_ext, upload_docs, update_catalog, register, install_headers, install_scripts, init_catalog, build, upload, develop, rotate, install_egg_info, compile_catalog, install, easy_install, egg_info, build_scripts, dist_info, install_lib, bdist_egg, alias, extract_messages, sdist, setopt, bdist_wheel, build_clib, bdist, saveopts, bdist_dumb, clean, build_py, check
[6.673s] DEBUG:colcon.colcon_core.event_handler.log_command:Invoking command in '/home/phy_ai/.ihub/daksha/src/tele/vr_teleop': AMENT_PREFIX_PATH=/home/phy_ai/.ihub/daksha/install/kinematics:/home/phy_ai/.ihub/daksha/install/motor_configure:/home/phy_ai/.ihub/daksha/install/world_camera_launch:/home/phy_ai/.ihub/daksha/install/web_nav_site:/home/phy_ai/.ihub/daksha/install/motortest:/home/phy_ai/.ihub/daksha/install/gen2:/home/phy_ai/.ihub/daksha/install/vr_teleop:/home/phy_ai/.ihub/daksha/install/vajara:/home/phy_ai/.ihub/daksha/install/ros_tcp_endpoint:/home/phy_ai/.ihub/daksha/install/posveleff_controllers:/home/phy_ai/.ihub/daksha/install/moveit_collision_management:/home/phy_ai/.ihub/daksha/install/collision_management:/home/phy_ai/.ihub/daksha/install/joint_cmd_logger:/home/phy_ai/.ihub/daksha/install/joint_analyzer:/home/phy_ai/.ihub/daksha/install/daksha_data_collection:/home/phy_ai/.ihub/daksha/install/hw_interface:/home/phy_ai/.ihub/daksha/install/gesture_management:/home/phy_ai/.ihub/daksha/install/gen2_leader:/home/phy_ai/.ihub/daksha/install/dynamics:/home/phy_ai/.ihub/daksha/install/daksha_ui:/home/phy_ai/.ihub/daksha/install/daksha_msgs:/home/phy_ai/.ihub/daksha/install/daksha_final_urdf_description:/home/phy_ai/.ihub/daksha/install/daksha_description_full_body:/home/phy_ai/.ihub/daksha/install/daksha_api_bridge_leader:/home/phy_ai/.ihub/daksha/install/daksha_api_bridge_follower:/home/phy_ai/.ihub/daksha/install/automation:/home/phy_ai/.barani/gen2_full/install/world_camera_launch:/home/phy_ai/.barani/gen2_full/install/web_nav_site:/home/phy_ai/.barani/gen2_full/install/gen2:/home/phy_ai/.barani/gen2_full/install/vr_teleop:/home/phy_ai/.barani/gen2_full/install/trajectory_planning:/home/phy_ai/.barani/gen2_full/install/sllidar_ros2:/home/phy_ai/.barani/gen2_full/install/ros_tcp_endpoint:/home/phy_ai/.barani/gen2_full/install/posveleff_controllers:/home/phy_ai/.barani/gen2_full/install/nav_bringup:/home/phy_ai/.barani/gen2_full/install/nav2_config:/home/phy_ai/.barani/gen2_full/install/moveit_collision_management:/home/phy_ai/.barani/gen2_full/install/collision_management:/home/phy_ai/.barani/gen2_full/install/kinematics:/home/phy_ai/.barani/gen2_full/install/joint_cmd_logger:/home/phy_ai/.barani/gen2_full/install/joint_analyzer:/home/phy_ai/.barani/gen2_full/install/daksha_data_collection:/home/phy_ai/.barani/gen2_full/install/hw_interface:/home/phy_ai/.barani/gen2_full/install/gesture_management:/home/phy_ai/.barani/gen2_full/install/gen2_leader:/home/phy_ai/.barani/gen2_full/install/dynamics:/home/phy_ai/.barani/gen2_full/install/amr_bringup:/home/phy_ai/.barani/gen2_full/install/drax_hardware:/home/phy_ai/.barani/gen2_full/install/daksha_ui:/home/phy_ai/.barani/gen2_full/install/daksha_msgs:/home/phy_ai/.barani/gen2_full/install/daksha_final_urdf_description:/home/phy_ai/.barani/gen2_full/install/daksha_description_full_body:/home/phy_ai/.barani/gen2_full/install/daksha_base_urdf:/home/phy_ai/.barani/gen2_full/install/daksha_api_bridge_leader:/home/phy_ai/.barani/gen2_full/install/daksha_api_bridge_follower:/home/phy_ai/.barani/gen2_full/install/automation:/opt/ros/humble PYTHONPATH=/home/phy_ai/.ihub/daksha/build/vr_teleop/prefix_override:/usr/lib/python3/dist-packages/colcon_core/task/python/colcon_distutils_commands:/home/phy_ai/.ihub/daksha/install/vr_teleop/lib/python3.10/site-packages:/home/phy_ai/.ihub/daksha/install/kinematics/lib/python3.10/site-packages:/home/phy_ai/.ihub/daksha/build/motor_configure:/home/phy_ai/.ihub/daksha/install/motor_configure/lib/python3.10/site-packages:/home/phy_ai/.ihub/daksha/install/world_camera_launch/lib/python3.10/site-packages:/home/phy_ai/.ihub/daksha/install/motortest/lib/python3.10/site-packages:/home/phy_ai/.ihub/daksha/install/gen2/lib/python3.10/site-packages:/home/phy_ai/.ihub/daksha/install/vr_teleop/lib/python3.10/site-packages:/home/phy_ai/.ihub/daksha/install/vajara/lib/python3.10/site-packages:/home/phy_ai/.ihub/daksha/install/ros_tcp_endpoint/lib/python3.10/site-packages:/home/phy_ai/.ihub/daksha/install/collision_management/local/lib/python3.10/dist-packages:/home/phy_ai/.ihub/daksha/install/joint_cmd_logger/lib/python3.10/site-packages:/home/phy_ai/.ihub/daksha/install/joint_analyzer/lib/python3.10/site-packages:/home/phy_ai/.ihub/daksha/install/daksha_data_collection/lib/python3.10/site-packages:/home/phy_ai/.ihub/daksha/install/hw_interface/local/lib/python3.10/dist-packages:/home/phy_ai/.ihub/daksha/install/gesture_management/local/lib/python3.10/dist-packages:/home/phy_ai/.ihub/daksha/install/gen2_leader/lib/python3.10/site-packages:/home/phy_ai/.ihub/daksha/install/daksha_msgs/local/lib/python3.10/dist-packages:/home/phy_ai/.ihub/daksha/install/daksha_final_urdf_description/lib/python3.10/site-packages:/home/phy_ai/.ihub/daksha/install/daksha_description_full_body/lib/python3.10/site-packages:/home/phy_ai/.ihub/daksha/install/daksha_api_bridge_leader/lib/python3.10/site-packages:/home/phy_ai/.ihub/daksha/install/daksha_api_bridge_follower/lib/python3.10/site-packages:/home/phy_ai/.barani/gen2_full/install/world_camera_launch/lib/python3.10/site-packages:/home/phy_ai/.barani/gen2_full/install/gen2/lib/python3.10/site-packages:/home/phy_ai/.barani/gen2_full/install/vr_teleop/lib/python3.10/site-packages:/home/phy_ai/.barani/gen2_full/install/trajectory_planning/local/lib/python3.10/dist-packages:/home/phy_ai/.barani/gen2_full/install/ros_tcp_endpoint/lib/python3.10/site-packages:/home/phy_ai/.barani/gen2_full/install/nav_bringup/lib/python3.10/site-packages:/home/phy_ai/.barani/gen2_full/install/nav2_config/lib/python3.10/site-packages:/home/phy_ai/.barani/gen2_full/install/collision_management/local/lib/python3.10/dist-packages:/home/phy_ai/.barani/gen2_full/install/kinematics/lib/python3.10/site-packages:/home/phy_ai/.barani/gen2_full/install/joint_cmd_logger/lib/python3.10/site-packages:/home/phy_ai/.barani/gen2_full/install/joint_analyzer/lib/python3.10/site-packages:/home/phy_ai/.barani/gen2_full/install/daksha_data_collection/lib/python3.10/site-packages:/home/phy_ai/.barani/gen2_full/install/hw_interface/local/lib/python3.10/dist-packages:/home/phy_ai/.barani/gen2_full/install/gesture_management/local/lib/python3.10/dist-packages:/home/phy_ai/.barani/gen2_full/install/gen2_leader/lib/python3.10/site-packages:/home/phy_ai/.barani/gen2_full/install/amr_bringup/lib/python3.10/site-packages:/home/phy_ai/.barani/gen2_full/install/daksha_msgs/local/lib/python3.10/dist-packages:/home/phy_ai/.barani/gen2_full/install/daksha_final_urdf_description/lib/python3.10/site-packages:/home/phy_ai/.barani/gen2_full/install/daksha_description_full_body/lib/python3.10/site-packages:/home/phy_ai/.barani/gen2_full/install/daksha_base_urdf/lib/python3.10/site-packages:/home/phy_ai/.barani/gen2_full/install/daksha_api_bridge_leader/lib/python3.10/site-packages:/home/phy_ai/.barani/gen2_full/install/daksha_api_bridge_follower/lib/python3.10/site-packages:/opt/ros/humble/lib/python3.10/site-packages:/opt/ros/humble/local/lib/python3.10/dist-packages /usr/bin/python3 -W ignore:setup.py install is deprecated -W ignore:easy_install command is deprecated setup.py egg_info --egg-base ../../../build/vr_teleop build --build-base /home/phy_ai/.ihub/daksha/build/vr_teleop/build install --record /home/phy_ai/.ihub/daksha/build/vr_teleop/install.log --install-scripts $base/lib/vr_teleop --single-version-externally-managed install_data
[6.701s] DEBUG:colcon.colcon_core.event_handler.log_command:Invoked command in '/home/phy_ai/.ihub/daksha/build/collision_management' returned '0': AMENT_PREFIX_PATH=/home/phy_ai/.ihub/daksha/install/kinematics:/home/phy_ai/.ihub/daksha/install/daksha_description_full_body:/home/phy_ai/.ihub/daksha/install/motor_configure:/home/phy_ai/.ihub/daksha/install/world_camera_launch:/home/phy_ai/.ihub/daksha/install/web_nav_site:/home/phy_ai/.ihub/daksha/install/motortest:/home/phy_ai/.ihub/daksha/install/gen2:/home/phy_ai/.ihub/daksha/install/vr_teleop:/home/phy_ai/.ihub/daksha/install/vajara:/home/phy_ai/.ihub/daksha/install/ros_tcp_endpoint:/home/phy_ai/.ihub/daksha/install/posveleff_controllers:/home/phy_ai/.ihub/daksha/install/moveit_collision_management:/home/phy_ai/.ihub/daksha/install/collision_management:/home/phy_ai/.ihub/daksha/install/joint_cmd_logger:/home/phy_ai/.ihub/daksha/install/joint_analyzer:/home/phy_ai/.ihub/daksha/install/daksha_data_collection:/home/phy_ai/.ihub/daksha/install/hw_interface:/home/phy_ai/.ihub/daksha/install/gesture_management:/home/phy_ai/.ihub/daksha/install/gen2_leader:/home/phy_ai/.ihub/daksha/install/dynamics:/home/phy_ai/.ihub/daksha/install/daksha_ui:/home/phy_ai/.ihub/daksha/install/daksha_msgs:/home/phy_ai/.ihub/daksha/install/daksha_final_urdf_description:/home/phy_ai/.ihub/daksha/install/daksha_api_bridge_leader:/home/phy_ai/.ihub/daksha/install/daksha_api_bridge_follower:/home/phy_ai/.ihub/daksha/install/automation:/home/phy_ai/.barani/gen2_full/install/world_camera_launch:/home/phy_ai/.barani/gen2_full/install/web_nav_site:/home/phy_ai/.barani/gen2_full/install/gen2:/home/phy_ai/.barani/gen2_full/install/vr_teleop:/home/phy_ai/.barani/gen2_full/install/trajectory_planning:/home/phy_ai/.barani/gen2_full/install/sllidar_ros2:/home/phy_ai/.barani/gen2_full/install/ros_tcp_endpoint:/home/phy_ai/.barani/gen2_full/install/posveleff_controllers:/home/phy_ai/.barani/gen2_full/install/nav_bringup:/home/phy_ai/.barani/gen2_full/install/nav2_config:/home/phy_ai/.barani/gen2_full/install/moveit_collision_management:/home/phy_ai/.barani/gen2_full/install/collision_management:/home/phy_ai/.barani/gen2_full/install/kinematics:/home/phy_ai/.barani/gen2_full/install/joint_cmd_logger:/home/phy_ai/.barani/gen2_full/install/joint_analyzer:/home/phy_ai/.barani/gen2_full/install/daksha_data_collection:/home/phy_ai/.barani/gen2_full/install/hw_interface:/home/phy_ai/.barani/gen2_full/install/gesture_management:/home/phy_ai/.barani/gen2_full/install/gen2_leader:/home/phy_ai/.barani/gen2_full/install/dynamics:/home/phy_ai/.barani/gen2_full/install/amr_bringup:/home/phy_ai/.barani/gen2_full/install/drax_hardware:/home/phy_ai/.barani/gen2_full/install/daksha_ui:/home/phy_ai/.barani/gen2_full/install/daksha_msgs:/home/phy_ai/.barani/gen2_full/install/daksha_final_urdf_description:/home/phy_ai/.barani/gen2_full/install/daksha_description_full_body:/home/phy_ai/.barani/gen2_full/install/daksha_base_urdf:/home/phy_ai/.barani/gen2_full/install/daksha_api_bridge_leader:/home/phy_ai/.barani/gen2_full/install/daksha_api_bridge_follower:/home/phy_ai/.barani/gen2_full/install/automation:/opt/ros/humble CMAKE_PREFIX_PATH=${CMAKE_PREFIX_PATH}:/home/phy_ai/.ihub/daksha/install/motor_configure:/home/phy_ai/.ihub/daksha/install/world_camera_launch:/home/phy_ai/.ihub/daksha/install/motortest:/home/phy_ai/.ihub/daksha/install/gen2:/home/phy_ai/.ihub/daksha/install/vr_teleop:/home/phy_ai/.ihub/daksha/install/vajara:/home/phy_ai/.ihub/daksha/install/ros_tcp_endpoint:/home/phy_ai/.ihub/daksha/install/kinematics:/home/phy_ai/.ihub/daksha/install/joint_cmd_logger:/home/phy_ai/.ihub/daksha/install/joint_analyzer:/home/phy_ai/.ihub/daksha/install/daksha_data_collection:/home/phy_ai/.ihub/daksha/install/gen2_leader:/home/phy_ai/.ihub/daksha/install/daksha_final_urdf_description:/home/phy_ai/.ihub/daksha/install/daksha_description_full_body:/home/phy_ai/.ihub/daksha/install/daksha_api_bridge_leader:/home/phy_ai/.ihub/daksha/install/daksha_api_bridge_follower:/home/phy_ai/.barani/gen2_full/install/world_camera_launch:/home/phy_ai/.barani/gen2_full/install/gen2:/home/phy_ai/.barani/gen2_full/install/vr_teleop:/home/phy_ai/.barani/gen2_full/install/ros_tcp_endpoint:/home/phy_ai/.barani/gen2_full/install/nav_bringup:/home/phy_ai/.barani/gen2_full/install/nav2_config:/home/phy_ai/.barani/gen2_full/install/kinematics:/home/phy_ai/.barani/gen2_full/install/joint_cmd_logger:/home/phy_ai/.barani/gen2_full/install/joint_analyzer:/home/phy_ai/.barani/gen2_full/install/daksha_data_collection:/home/phy_ai/.barani/gen2_full/install/gen2_leader:/home/phy_ai/.barani/gen2_full/install/amr_bringup:/home/phy_ai/.barani/gen2_full/install/daksha_final_urdf_description:/home/phy_ai/.barani/gen2_full/install/daksha_description_full_body:/home/phy_ai/.barani/gen2_full/install/daksha_base_urdf:/home/phy_ai/.barani/gen2_full/install/daksha_api_bridge_leader:/home/phy_ai/.barani/gen2_full/install/daksha_api_bridge_follower:/opt/ros/humble PYTHONPATH=/home/phy_ai/.ihub/daksha/install/kinematics/lib/python3.10/site-packages:/home/phy_ai/.ihub/daksha/install/daksha_description_full_body/lib/python3.10/site-packages:/home/phy_ai/.ihub/daksha/build/motor_configure:/home/phy_ai/.ihub/daksha/install/motor_configure/lib/python3.10/site-packages:/home/phy_ai/.ihub/daksha/install/world_camera_launch/lib/python3.10/site-packages:/home/phy_ai/.ihub/daksha/install/motortest/lib/python3.10/site-packages:/home/phy_ai/.ihub/daksha/install/gen2/lib/python3.10/site-packages:/home/phy_ai/.ihub/daksha/install/vr_teleop/lib/python3.10/site-packages:/home/phy_ai/.ihub/daksha/install/vajara/lib/python3.10/site-packages:/home/phy_ai/.ihub/daksha/install/ros_tcp_endpoint/lib/python3.10/site-packages:/home/phy_ai/.ihub/daksha/install/collision_management/local/lib/python3.10/dist-packages:/home/phy_ai/.ihub/daksha/install/joint_cmd_logger/lib/python3.10/site-packages:/home/phy_ai/.ihub/daksha/install/joint_analyzer/lib/python3.10/site-packages:/home/phy_ai/.ihub/daksha/install/daksha_data_collection/lib/python3.10/site-packages:/home/phy_ai/.ihub/daksha/install/hw_interface/local/lib/python3.10/dist-packages:/home/phy_ai/.ihub/daksha/install/gesture_management/local/lib/python3.10/dist-packages:/home/phy_ai/.ihub/daksha/install/gen2_leader/lib/python3.10/site-packages:/home/phy_ai/.ihub/daksha/install/daksha_msgs/local/lib/python3.10/dist-packages:/home/phy_ai/.ihub/daksha/install/daksha_final_urdf_description/lib/python3.10/site-packages:/home/phy_ai/.ihub/daksha/install/daksha_api_bridge_leader/lib/python3.10/site-packages:/home/phy_ai/.ihub/daksha/install/daksha_api_bridge_follower/lib/python3.10/site-packages:/home/phy_ai/.barani/gen2_full/install/world_camera_launch/lib/python3.10/site-packages:/home/phy_ai/.barani/gen2_full/install/gen2/lib/python3.10/site-packages:/home/phy_ai/.barani/gen2_full/install/vr_teleop/lib/python3.10/site-packages:/home/phy_ai/.barani/gen2_full/install/trajectory_planning/local/lib/python3.10/dist-packages:/home/phy_ai/.barani/gen2_full/install/ros_tcp_endpoint/lib/python3.10/site-packages:/home/phy_ai/.barani/gen2_full/install/nav_bringup/lib/python3.10/site-packages:/home/phy_ai/.barani/gen2_full/install/nav2_config/lib/python3.10/site-packages:/home/phy_ai/.barani/gen2_full/install/collision_management/local/lib/python3.10/dist-packages:/home/phy_ai/.barani/gen2_full/install/kinematics/lib/python3.10/site-packages:/home/phy_ai/.barani/gen2_full/install/joint_cmd_logger/lib/python3.10/site-packages:/home/phy_ai/.barani/gen2_full/install/joint_analyzer/lib/python3.10/site-packages:/home/phy_ai/.barani/gen2_full/install/daksha_data_collection/lib/python3.10/site-packages:/home/phy_ai/.barani/gen2_full/install/hw_interface/local/lib/python3.10/dist-packages:/home/phy_ai/.barani/gen2_full/install/gesture_management/local/lib/python3.10/dist-packages:/home/phy_ai/.barani/gen2_full/install/gen2_leader/lib/python3.10/site-packages:/home/phy_ai/.barani/gen2_full/install/amr_bringup/lib/python3.10/site-packages:/home/phy_ai/.barani/gen2_full/install/daksha_msgs/local/lib/python3.10/dist-packages:/home/phy_ai/.barani/gen2_full/install/daksha_final_urdf_description/lib/python3.10/site-packages:/home/phy_ai/.barani/gen2_full/install/daksha_description_full_body/lib/python3.10/site-packages:/home/phy_ai/.barani/gen2_full/install/daksha_base_urdf/lib/python3.10/site-packages:/home/phy_ai/.barani/gen2_full/install/daksha_api_bridge_leader/lib/python3.10/site-packages:/home/phy_ai/.barani/gen2_full/install/daksha_api_bridge_follower/lib/python3.10/site-packages:/opt/ros/humble/lib/python3.10/site-packages:/opt/ros/humble/local/lib/python3.10/dist-packages /usr/bin/cmake --build /home/phy_ai/.ihub/daksha/build/collision_management -- -j16 -l16
[6.703s] DEBUG:colcon.colcon_core.event_handler.log_command:Invoking command in '/home/phy_ai/.ihub/daksha/build/collision_management': AMENT_PREFIX_PATH=/home/phy_ai/.ihub/daksha/install/kinematics:/home/phy_ai/.ihub/daksha/install/daksha_description_full_body:/home/phy_ai/.ihub/daksha/install/motor_configure:/home/phy_ai/.ihub/daksha/install/world_camera_launch:/home/phy_ai/.ihub/daksha/install/web_nav_site:/home/phy_ai/.ihub/daksha/install/motortest:/home/phy_ai/.ihub/daksha/install/gen2:/home/phy_ai/.ihub/daksha/install/vr_teleop:/home/phy_ai/.ihub/daksha/install/vajara:/home/phy_ai/.ihub/daksha/install/ros_tcp_endpoint:/home/phy_ai/.ihub/daksha/install/posveleff_controllers:/home/phy_ai/.ihub/daksha/install/moveit_collision_management:/home/phy_ai/.ihub/daksha/install/collision_management:/home/phy_ai/.ihub/daksha/install/joint_cmd_logger:/home/phy_ai/.ihub/daksha/install/joint_analyzer:/home/phy_ai/.ihub/daksha/install/daksha_data_collection:/home/phy_ai/.ihub/daksha/install/hw_interface:/home/phy_ai/.ihub/daksha/install/gesture_management:/home/phy_ai/.ihub/daksha/install/gen2_leader:/home/phy_ai/.ihub/daksha/install/dynamics:/home/phy_ai/.ihub/daksha/install/daksha_ui:/home/phy_ai/.ihub/daksha/install/daksha_msgs:/home/phy_ai/.ihub/daksha/install/daksha_final_urdf_description:/home/phy_ai/.ihub/daksha/install/daksha_api_bridge_leader:/home/phy_ai/.ihub/daksha/install/daksha_api_bridge_follower:/home/phy_ai/.ihub/daksha/install/automation:/home/phy_ai/.barani/gen2_full/install/world_camera_launch:/home/phy_ai/.barani/gen2_full/install/web_nav_site:/home/phy_ai/.barani/gen2_full/install/gen2:/home/phy_ai/.barani/gen2_full/install/vr_teleop:/home/phy_ai/.barani/gen2_full/install/trajectory_planning:/home/phy_ai/.barani/gen2_full/install/sllidar_ros2:/home/phy_ai/.barani/gen2_full/install/ros_tcp_endpoint:/home/phy_ai/.barani/gen2_full/install/posveleff_controllers:/home/phy_ai/.barani/gen2_full/install/nav_bringup:/home/phy_ai/.barani/gen2_full/install/nav2_config:/home/phy_ai/.barani/gen2_full/install/moveit_collision_management:/home/phy_ai/.barani/gen2_full/install/collision_management:/home/phy_ai/.barani/gen2_full/install/kinematics:/home/phy_ai/.barani/gen2_full/install/joint_cmd_logger:/home/phy_ai/.barani/gen2_full/install/joint_analyzer:/home/phy_ai/.barani/gen2_full/install/daksha_data_collection:/home/phy_ai/.barani/gen2_full/install/hw_interface:/home/phy_ai/.barani/gen2_full/install/gesture_management:/home/phy_ai/.barani/gen2_full/install/gen2_leader:/home/phy_ai/.barani/gen2_full/install/dynamics:/home/phy_ai/.barani/gen2_full/install/amr_bringup:/home/phy_ai/.barani/gen2_full/install/drax_hardware:/home/phy_ai/.barani/gen2_full/install/daksha_ui:/home/phy_ai/.barani/gen2_full/install/daksha_msgs:/home/phy_ai/.barani/gen2_full/install/daksha_final_urdf_description:/home/phy_ai/.barani/gen2_full/install/daksha_description_full_body:/home/phy_ai/.barani/gen2_full/install/daksha_base_urdf:/home/phy_ai/.barani/gen2_full/install/daksha_api_bridge_leader:/home/phy_ai/.barani/gen2_full/install/daksha_api_bridge_follower:/home/phy_ai/.barani/gen2_full/install/automation:/opt/ros/humble CMAKE_PREFIX_PATH=${CMAKE_PREFIX_PATH}:/home/phy_ai/.ihub/daksha/install/motor_configure:/home/phy_ai/.ihub/daksha/install/world_camera_launch:/home/phy_ai/.ihub/daksha/install/motortest:/home/phy_ai/.ihub/daksha/install/gen2:/home/phy_ai/.ihub/daksha/install/vr_teleop:/home/phy_ai/.ihub/daksha/install/vajara:/home/phy_ai/.ihub/daksha/install/ros_tcp_endpoint:/home/phy_ai/.ihub/daksha/install/kinematics:/home/phy_ai/.ihub/daksha/install/joint_cmd_logger:/home/phy_ai/.ihub/daksha/install/joint_analyzer:/home/phy_ai/.ihub/daksha/install/daksha_data_collection:/home/phy_ai/.ihub/daksha/install/gen2_leader:/home/phy_ai/.ihub/daksha/install/daksha_final_urdf_description:/home/phy_ai/.ihub/daksha/install/daksha_description_full_body:/home/phy_ai/.ihub/daksha/install/daksha_api_bridge_leader:/home/phy_ai/.ihub/daksha/install/daksha_api_bridge_follower:/home/phy_ai/.barani/gen2_full/install/world_camera_launch:/home/phy_ai/.barani/gen2_full/install/gen2:/home/phy_ai/.barani/gen2_full/install/vr_teleop:/home/phy_ai/.barani/gen2_full/install/ros_tcp_endpoint:/home/phy_ai/.barani/gen2_full/install/nav_bringup:/home/phy_ai/.barani/gen2_full/install/nav2_config:/home/phy_ai/.barani/gen2_full/install/kinematics:/home/phy_ai/.barani/gen2_full/install/joint_cmd_logger:/home/phy_ai/.barani/gen2_full/install/joint_analyzer:/home/phy_ai/.barani/gen2_full/install/daksha_data_collection:/home/phy_ai/.barani/gen2_full/install/gen2_leader:/home/phy_ai/.barani/gen2_full/install/amr_bringup:/home/phy_ai/.barani/gen2_full/install/daksha_final_urdf_description:/home/phy_ai/.barani/gen2_full/install/daksha_description_full_body:/home/phy_ai/.barani/gen2_full/install/daksha_base_urdf:/home/phy_ai/.barani/gen2_full/install/daksha_api_bridge_leader:/home/phy_ai/.barani/gen2_full/install/daksha_api_bridge_follower:/opt/ros/humble PYTHONPATH=/home/phy_ai/.ihub/daksha/install/kinematics/lib/python3.10/site-packages:/home/phy_ai/.ihub/daksha/install/daksha_description_full_body/lib/python3.10/site-packages:/home/phy_ai/.ihub/daksha/build/motor_configure:/home/phy_ai/.ihub/daksha/install/motor_configure/lib/python3.10/site-packages:/home/phy_ai/.ihub/daksha/install/world_camera_launch/lib/python3.10/site-packages:/home/phy_ai/.ihub/daksha/install/motortest/lib/python3.10/site-packages:/home/phy_ai/.ihub/daksha/install/gen2/lib/python3.10/site-packages:/home/phy_ai/.ihub/daksha/install/vr_teleop/lib/python3.10/site-packages:/home/phy_ai/.ihub/daksha/install/vajara/lib/python3.10/site-packages:/home/phy_ai/.ihub/daksha/install/ros_tcp_endpoint/lib/python3.10/site-packages:/home/phy_ai/.ihub/daksha/install/collision_management/local/lib/python3.10/dist-packages:/home/phy_ai/.ihub/daksha/install/joint_cmd_logger/lib/python3.10/site-packages:/home/phy_ai/.ihub/daksha/install/joint_analyzer/lib/python3.10/site-packages:/home/phy_ai/.ihub/daksha/install/daksha_data_collection/lib/python3.10/site-packages:/home/phy_ai/.ihub/daksha/install/hw_interface/local/lib/python3.10/dist-packages:/home/phy_ai/.ihub/daksha/install/gesture_management/local/lib/python3.10/dist-packages:/home/phy_ai/.ihub/daksha/install/gen2_leader/lib/python3.10/site-packages:/home/phy_ai/.ihub/daksha/install/daksha_msgs/local/lib/python3.10/dist-packages:/home/phy_ai/.ihub/daksha/install/daksha_final_urdf_description/lib/python3.10/site-packages:/home/phy_ai/.ihub/daksha/install/daksha_api_bridge_leader/lib/python3.10/site-packages:/home/phy_ai/.ihub/daksha/install/daksha_api_bridge_follower/lib/python3.10/site-packages:/home/phy_ai/.barani/gen2_full/install/world_camera_launch/lib/python3.10/site-packages:/home/phy_ai/.barani/gen2_full/install/gen2/lib/python3.10/site-packages:/home/phy_ai/.barani/gen2_full/install/vr_teleop/lib/python3.10/site-packages:/home/phy_ai/.barani/gen2_full/install/trajectory_planning/local/lib/python3.10/dist-packages:/home/phy_ai/.barani/gen2_full/install/ros_tcp_endpoint/lib/python3.10/site-packages:/home/phy_ai/.barani/gen2_full/install/nav_bringup/lib/python3.10/site-packages:/home/phy_ai/.barani/gen2_full/install/nav2_config/lib/python3.10/site-packages:/home/phy_ai/.barani/gen2_full/install/collision_management/local/lib/python3.10/dist-packages:/home/phy_ai/.barani/gen2_full/install/kinematics/lib/python3.10/site-packages:/home/phy_ai/.barani/gen2_full/install/joint_cmd_logger/lib/python3.10/site-packages:/home/phy_ai/.barani/gen2_full/install/joint_analyzer/lib/python3.10/site-packages:/home/phy_ai/.barani/gen2_full/install/daksha_data_collection/lib/python3.10/site-packages:/home/phy_ai/.barani/gen2_full/install/hw_interface/local/lib/python3.10/dist-packages:/home/phy_ai/.barani/gen2_full/install/gesture_management/local/lib/python3.10/dist-packages:/home/phy_ai/.barani/gen2_full/install/gen2_leader/lib/python3.10/site-packages:/home/phy_ai/.barani/gen2_full/install/amr_bringup/lib/python3.10/site-packages:/home/phy_ai/.barani/gen2_full/install/daksha_msgs/local/lib/python3.10/dist-packages:/home/phy_ai/.barani/gen2_full/install/daksha_final_urdf_description/lib/python3.10/site-packages:/home/phy_ai/.barani/gen2_full/install/daksha_description_full_body/lib/python3.10/site-packages:/home/phy_ai/.barani/gen2_full/install/daksha_base_urdf/lib/python3.10/site-packages:/home/phy_ai/.barani/gen2_full/install/daksha_api_bridge_leader/lib/python3.10/site-packages:/home/phy_ai/.barani/gen2_full/install/daksha_api_bridge_follower/lib/python3.10/site-packages:/opt/ros/humble/lib/python3.10/site-packages:/opt/ros/humble/local/lib/python3.10/dist-packages /usr/bin/cmake --install /home/phy_ai/.ihub/daksha/build/collision_management
[6.796s] Level 1:colcon.colcon_core.environment:create_environment_scripts_only(collision_management)
[6.796s] Level 1:colcon.colcon_core.environment:checking '/home/phy_ai/.ihub/daksha/install/collision_management' for CMake module files
[6.798s] Level 1:colcon.colcon_core.environment:checking '/home/phy_ai/.ihub/daksha/install/collision_management' for CMake config files
[6.800s] Level 1:colcon.colcon_core.shell:create_environment_hook('collision_management', 'cmake_prefix_path')
[6.800s] INFO:colcon.colcon_core.shell:Creating environment hook '/home/phy_ai/.ihub/daksha/install/collision_management/share/collision_management/hook/cmake_prefix_path.ps1'
[6.801s] INFO:colcon.colcon_core.shell:Creating environment descriptor '/home/phy_ai/.ihub/daksha/install/collision_management/share/collision_management/hook/cmake_prefix_path.dsv'
[6.801s] INFO:colcon.colcon_core.shell:Creating environment hook '/home/phy_ai/.ihub/daksha/install/collision_management/share/collision_management/hook/cmake_prefix_path.sh'
[6.802s] Level 1:colcon.colcon_core.environment:checking '/home/phy_ai/.ihub/daksha/install/collision_management/lib'
[6.802s] Level 1:colcon.colcon_core.shell:create_environment_hook('collision_management', 'ld_library_path_lib')
[6.803s] INFO:colcon.colcon_core.shell:Creating environment hook '/home/phy_ai/.ihub/daksha/install/collision_management/share/collision_management/hook/ld_library_path_lib.ps1'
[6.803s] INFO:colcon.colcon_core.shell:Creating environment descriptor '/home/phy_ai/.ihub/daksha/install/collision_management/share/collision_management/hook/ld_library_path_lib.dsv'
[6.804s] INFO:colcon.colcon_core.shell:Creating environment hook '/home/phy_ai/.ihub/daksha/install/collision_management/share/collision_management/hook/ld_library_path_lib.sh'
[6.804s] Level 1:colcon.colcon_core.environment:checking '/home/phy_ai/.ihub/daksha/install/collision_management/bin'
[6.804s] Level 1:colcon.colcon_core.environment:checking '/home/phy_ai/.ihub/daksha/install/collision_management/lib/pkgconfig/collision_management.pc'
[6.805s] Level 1:colcon.colcon_core.environment:checking '/home/phy_ai/.ihub/daksha/install/collision_management/lib/python3.10/site-packages'
[6.805s] Level 1:colcon.colcon_core.environment:checking '/home/phy_ai/.ihub/daksha/install/collision_management/bin'
[6.805s] INFO:colcon.colcon_core.shell:Creating package script '/home/phy_ai/.ihub/daksha/install/collision_management/share/collision_management/package.ps1'
[6.806s] DEBUG:colcon.colcon_core.event_handler.log_command:Invoked command in '/home/phy_ai/.ihub/daksha/build/collision_management' returned '0': AMENT_PREFIX_PATH=/home/phy_ai/.ihub/daksha/install/kinematics:/home/phy_ai/.ihub/daksha/install/daksha_description_full_body:/home/phy_ai/.ihub/daksha/install/motor_configure:/home/phy_ai/.ihub/daksha/install/world_camera_launch:/home/phy_ai/.ihub/daksha/install/web_nav_site:/home/phy_ai/.ihub/daksha/install/motortest:/home/phy_ai/.ihub/daksha/install/gen2:/home/phy_ai/.ihub/daksha/install/vr_teleop:/home/phy_ai/.ihub/daksha/install/vajara:/home/phy_ai/.ihub/daksha/install/ros_tcp_endpoint:/home/phy_ai/.ihub/daksha/install/posveleff_controllers:/home/phy_ai/.ihub/daksha/install/moveit_collision_management:/home/phy_ai/.ihub/daksha/install/collision_management:/home/phy_ai/.ihub/daksha/install/joint_cmd_logger:/home/phy_ai/.ihub/daksha/install/joint_analyzer:/home/phy_ai/.ihub/daksha/install/daksha_data_collection:/home/phy_ai/.ihub/daksha/install/hw_interface:/home/phy_ai/.ihub/daksha/install/gesture_management:/home/phy_ai/.ihub/daksha/install/gen2_leader:/home/phy_ai/.ihub/daksha/install/dynamics:/home/phy_ai/.ihub/daksha/install/daksha_ui:/home/phy_ai/.ihub/daksha/install/daksha_msgs:/home/phy_ai/.ihub/daksha/install/daksha_final_urdf_description:/home/phy_ai/.ihub/daksha/install/daksha_api_bridge_leader:/home/phy_ai/.ihub/daksha/install/daksha_api_bridge_follower:/home/phy_ai/.ihub/daksha/install/automation:/home/phy_ai/.barani/gen2_full/install/world_camera_launch:/home/phy_ai/.barani/gen2_full/install/web_nav_site:/home/phy_ai/.barani/gen2_full/install/gen2:/home/phy_ai/.barani/gen2_full/install/vr_teleop:/home/phy_ai/.barani/gen2_full/install/trajectory_planning:/home/phy_ai/.barani/gen2_full/install/sllidar_ros2:/home/phy_ai/.barani/gen2_full/install/ros_tcp_endpoint:/home/phy_ai/.barani/gen2_full/install/posveleff_controllers:/home/phy_ai/.barani/gen2_full/install/nav_bringup:/home/phy_ai/.barani/gen2_full/install/nav2_config:/home/phy_ai/.barani/gen2_full/install/moveit_collision_management:/home/phy_ai/.barani/gen2_full/install/collision_management:/home/phy_ai/.barani/gen2_full/install/kinematics:/home/phy_ai/.barani/gen2_full/install/joint_cmd_logger:/home/phy_ai/.barani/gen2_full/install/joint_analyzer:/home/phy_ai/.barani/gen2_full/install/daksha_data_collection:/home/phy_ai/.barani/gen2_full/install/hw_interface:/home/phy_ai/.barani/gen2_full/install/gesture_management:/home/phy_ai/.barani/gen2_full/install/gen2_leader:/home/phy_ai/.barani/gen2_full/install/dynamics:/home/phy_ai/.barani/gen2_full/install/amr_bringup:/home/phy_ai/.barani/gen2_full/install/drax_hardware:/home/phy_ai/.barani/gen2_full/install/daksha_ui:/home/phy_ai/.barani/gen2_full/install/daksha_msgs:/home/phy_ai/.barani/gen2_full/install/daksha_final_urdf_description:/home/phy_ai/.barani/gen2_full/install/daksha_description_full_body:/home/phy_ai/.barani/gen2_full/install/daksha_base_urdf:/home/phy_ai/.barani/gen2_full/install/daksha_api_bridge_leader:/home/phy_ai/.barani/gen2_full/install/daksha_api_bridge_follower:/home/phy_ai/.barani/gen2_full/install/automation:/opt/ros/humble CMAKE_PREFIX_PATH=${CMAKE_PREFIX_PATH}:/home/phy_ai/.ihub/daksha/install/motor_configure:/home/phy_ai/.ihub/daksha/install/world_camera_launch:/home/phy_ai/.ihub/daksha/install/motortest:/home/phy_ai/.ihub/daksha/install/gen2:/home/phy_ai/.ihub/daksha/install/vr_teleop:/home/phy_ai/.ihub/daksha/install/vajara:/home/phy_ai/.ihub/daksha/install/ros_tcp_endpoint:/home/phy_ai/.ihub/daksha/install/kinematics:/home/phy_ai/.ihub/daksha/install/joint_cmd_logger:/home/phy_ai/.ihub/daksha/install/joint_analyzer:/home/phy_ai/.ihub/daksha/install/daksha_data_collection:/home/phy_ai/.ihub/daksha/install/gen2_leader:/home/phy_ai/.ihub/daksha/install/daksha_final_urdf_description:/home/phy_ai/.ihub/daksha/install/daksha_description_full_body:/home/phy_ai/.ihub/daksha/install/daksha_api_bridge_leader:/home/phy_ai/.ihub/daksha/install/daksha_api_bridge_follower:/home/phy_ai/.barani/gen2_full/install/world_camera_launch:/home/phy_ai/.barani/gen2_full/install/gen2:/home/phy_ai/.barani/gen2_full/install/vr_teleop:/home/phy_ai/.barani/gen2_full/install/ros_tcp_endpoint:/home/phy_ai/.barani/gen2_full/install/nav_bringup:/home/phy_ai/.barani/gen2_full/install/nav2_config:/home/phy_ai/.barani/gen2_full/install/kinematics:/home/phy_ai/.barani/gen2_full/install/joint_cmd_logger:/home/phy_ai/.barani/gen2_full/install/joint_analyzer:/home/phy_ai/.barani/gen2_full/install/daksha_data_collection:/home/phy_ai/.barani/gen2_full/install/gen2_leader:/home/phy_ai/.barani/gen2_full/install/amr_bringup:/home/phy_ai/.barani/gen2_full/install/daksha_final_urdf_description:/home/phy_ai/.barani/gen2_full/install/daksha_description_full_body:/home/phy_ai/.barani/gen2_full/install/daksha_base_urdf:/home/phy_ai/.barani/gen2_full/install/daksha_api_bridge_leader:/home/phy_ai/.barani/gen2_full/install/daksha_api_bridge_follower:/opt/ros/humble PYTHONPATH=/home/phy_ai/.ihub/daksha/install/kinematics/lib/python3.10/site-packages:/home/phy_ai/.ihub/daksha/install/daksha_description_full_body/lib/python3.10/site-packages:/home/phy_ai/.ihub/daksha/build/motor_configure:/home/phy_ai/.ihub/daksha/install/motor_configure/lib/python3.10/site-packages:/home/phy_ai/.ihub/daksha/install/world_camera_launch/lib/python3.10/site-packages:/home/phy_ai/.ihub/daksha/install/motortest/lib/python3.10/site-packages:/home/phy_ai/.ihub/daksha/install/gen2/lib/python3.10/site-packages:/home/phy_ai/.ihub/daksha/install/vr_teleop/lib/python3.10/site-packages:/home/phy_ai/.ihub/daksha/install/vajara/lib/python3.10/site-packages:/home/phy_ai/.ihub/daksha/install/ros_tcp_endpoint/lib/python3.10/site-packages:/home/phy_ai/.ihub/daksha/install/collision_management/local/lib/python3.10/dist-packages:/home/phy_ai/.ihub/daksha/install/joint_cmd_logger/lib/python3.10/site-packages:/home/phy_ai/.ihub/daksha/install/joint_analyzer/lib/python3.10/site-packages:/home/phy_ai/.ihub/daksha/install/daksha_data_collection/lib/python3.10/site-packages:/home/phy_ai/.ihub/daksha/install/hw_interface/local/lib/python3.10/dist-packages:/home/phy_ai/.ihub/daksha/install/gesture_management/local/lib/python3.10/dist-packages:/home/phy_ai/.ihub/daksha/install/gen2_leader/lib/python3.10/site-packages:/home/phy_ai/.ihub/daksha/install/daksha_msgs/local/lib/python3.10/dist-packages:/home/phy_ai/.ihub/daksha/install/daksha_final_urdf_description/lib/python3.10/site-packages:/home/phy_ai/.ihub/daksha/install/daksha_api_bridge_leader/lib/python3.10/site-packages:/home/phy_ai/.ihub/daksha/install/daksha_api_bridge_follower/lib/python3.10/site-packages:/home/phy_ai/.barani/gen2_full/install/world_camera_launch/lib/python3.10/site-packages:/home/phy_ai/.barani/gen2_full/install/gen2/lib/python3.10/site-packages:/home/phy_ai/.barani/gen2_full/install/vr_teleop/lib/python3.10/site-packages:/home/phy_ai/.barani/gen2_full/install/trajectory_planning/local/lib/python3.10/dist-packages:/home/phy_ai/.barani/gen2_full/install/ros_tcp_endpoint/lib/python3.10/site-packages:/home/phy_ai/.barani/gen2_full/install/nav_bringup/lib/python3.10/site-packages:/home/phy_ai/.barani/gen2_full/install/nav2_config/lib/python3.10/site-packages:/home/phy_ai/.barani/gen2_full/install/collision_management/local/lib/python3.10/dist-packages:/home/phy_ai/.barani/gen2_full/install/kinematics/lib/python3.10/site-packages:/home/phy_ai/.barani/gen2_full/install/joint_cmd_logger/lib/python3.10/site-packages:/home/phy_ai/.barani/gen2_full/install/joint_analyzer/lib/python3.10/site-packages:/home/phy_ai/.barani/gen2_full/install/daksha_data_collection/lib/python3.10/site-packages:/home/phy_ai/.barani/gen2_full/install/hw_interface/local/lib/python3.10/dist-packages:/home/phy_ai/.barani/gen2_full/install/gesture_management/local/lib/python3.10/dist-packages:/home/phy_ai/.barani/gen2_full/install/gen2_leader/lib/python3.10/site-packages:/home/phy_ai/.barani/gen2_full/install/amr_bringup/lib/python3.10/site-packages:/home/phy_ai/.barani/gen2_full/install/daksha_msgs/local/lib/python3.10/dist-packages:/home/phy_ai/.barani/gen2_full/install/daksha_final_urdf_description/lib/python3.10/site-packages:/home/phy_ai/.barani/gen2_full/install/daksha_description_full_body/lib/python3.10/site-packages:/home/phy_ai/.barani/gen2_full/install/daksha_base_urdf/lib/python3.10/site-packages:/home/phy_ai/.barani/gen2_full/install/daksha_api_bridge_leader/lib/python3.10/site-packages:/home/phy_ai/.barani/gen2_full/install/daksha_api_bridge_follower/lib/python3.10/site-packages:/opt/ros/humble/lib/python3.10/site-packages:/opt/ros/humble/local/lib/python3.10/dist-packages /usr/bin/cmake --install /home/phy_ai/.ihub/daksha/build/collision_management
[6.807s] INFO:colcon.colcon_core.shell:Creating package descriptor '/home/phy_ai/.ihub/daksha/install/collision_management/share/collision_management/package.dsv'
[6.807s] INFO:colcon.colcon_core.shell:Creating package script '/home/phy_ai/.ihub/daksha/install/collision_management/share/collision_management/package.sh'
[6.807s] INFO:colcon.colcon_core.shell:Creating package script '/home/phy_ai/.ihub/daksha/install/collision_management/share/collision_management/package.bash'
[6.808s] INFO:colcon.colcon_core.shell:Creating package script '/home/phy_ai/.ihub/daksha/install/collision_management/share/collision_management/package.zsh'
[6.808s] Level 1:colcon.colcon_core.environment:create_file_with_runtime_dependencies(/home/phy_ai/.ihub/daksha/install/collision_management/share/colcon-core/packages/collision_management)
[6.808s] Level 1:colcon.colcon_core.environment:create_environment_scripts_only(collision_management)
[6.809s] Level 1:colcon.colcon_core.environment:checking '/home/phy_ai/.ihub/daksha/install/collision_management' for CMake module files
[6.809s] Level 1:colcon.colcon_core.environment:checking '/home/phy_ai/.ihub/daksha/install/collision_management' for CMake config files
[6.810s] Level 1:colcon.colcon_core.shell:create_environment_hook('collision_management', 'cmake_prefix_path')
[6.810s] INFO:colcon.colcon_core.shell:Creating environment hook '/home/phy_ai/.ihub/daksha/install/collision_management/share/collision_management/hook/cmake_prefix_path.ps1'
[6.810s] INFO:colcon.colcon_core.shell:Creating environment descriptor '/home/phy_ai/.ihub/daksha/install/collision_management/share/collision_management/hook/cmake_prefix_path.dsv'
[6.811s] INFO:colcon.colcon_core.shell:Creating environment hook '/home/phy_ai/.ihub/daksha/install/collision_management/share/collision_management/hook/cmake_prefix_path.sh'
[6.811s] Level 1:colcon.colcon_core.environment:checking '/home/phy_ai/.ihub/daksha/install/collision_management/lib'
[6.811s] Level 1:colcon.colcon_core.shell:create_environment_hook('collision_management', 'ld_library_path_lib')
[6.811s] INFO:colcon.colcon_core.shell:Creating environment hook '/home/phy_ai/.ihub/daksha/install/collision_management/share/collision_management/hook/ld_library_path_lib.ps1'
[6.812s] INFO:colcon.colcon_core.shell:Creating environment descriptor '/home/phy_ai/.ihub/daksha/install/collision_management/share/collision_management/hook/ld_library_path_lib.dsv'
[6.812s] INFO:colcon.colcon_core.shell:Creating environment hook '/home/phy_ai/.ihub/daksha/install/collision_management/share/collision_management/hook/ld_library_path_lib.sh'
[6.812s] Level 1:colcon.colcon_core.environment:checking '/home/phy_ai/.ihub/daksha/install/collision_management/bin'
[6.812s] Level 1:colcon.colcon_core.environment:checking '/home/phy_ai/.ihub/daksha/install/collision_management/lib/pkgconfig/collision_management.pc'
[6.813s] Level 1:colcon.colcon_core.environment:checking '/home/phy_ai/.ihub/daksha/install/collision_management/lib/python3.10/site-packages'
[6.813s] Level 1:colcon.colcon_core.environment:checking '/home/phy_ai/.ihub/daksha/install/collision_management/bin'
[6.813s] INFO:colcon.colcon_core.shell:Creating package script '/home/phy_ai/.ihub/daksha/install/collision_management/share/collision_management/package.ps1'
[6.814s] INFO:colcon.colcon_core.shell:Creating package descriptor '/home/phy_ai/.ihub/daksha/install/collision_management/share/collision_management/package.dsv'
[6.814s] INFO:colcon.colcon_core.shell:Creating package script '/home/phy_ai/.ihub/daksha/install/collision_management/share/collision_management/package.sh'
[6.814s] INFO:colcon.colcon_core.shell:Creating package script '/home/phy_ai/.ihub/daksha/install/collision_management/share/collision_management/package.bash'
[6.815s] INFO:colcon.colcon_core.shell:Creating package script '/home/phy_ai/.ihub/daksha/install/collision_management/share/collision_management/package.zsh'
[6.815s] Level 1:colcon.colcon_core.environment:create_file_with_runtime_dependencies(/home/phy_ai/.ihub/daksha/install/collision_management/share/colcon-core/packages/collision_management)
[6.815s] INFO:colcon.colcon_ros.task.ament_cmake.build:Building ROS package in '/home/phy_ai/.ihub/daksha/src/controllers/moveit_collision_management' with build type 'ament_cmake'
[6.815s] INFO:colcon.colcon_cmake.task.cmake.build:Building CMake package in '/home/phy_ai/.ihub/daksha/src/controllers/moveit_collision_management'
[6.816s] INFO:colcon.colcon_core.shell:Skip shell extension 'powershell' for command environment: Not usable outside of PowerShell
[6.816s] DEBUG:colcon.colcon_core.shell:Skip shell extension 'dsv' for command environment
[6.858s] DEBUG:colcon.colcon_core.event_handler.log_command:Invoking command in '/home/phy_ai/.ihub/daksha/build/moveit_collision_management': AMENT_PREFIX_PATH=/home/phy_ai/.ihub/daksha/install/kinematics:/home/phy_ai/.ihub/daksha/install/daksha_description_full_body:/home/phy_ai/.ihub/daksha/install/motor_configure:/home/phy_ai/.ihub/daksha/install/world_camera_launch:/home/phy_ai/.ihub/daksha/install/web_nav_site:/home/phy_ai/.ihub/daksha/install/motortest:/home/phy_ai/.ihub/daksha/install/gen2:/home/phy_ai/.ihub/daksha/install/vr_teleop:/home/phy_ai/.ihub/daksha/install/vajara:/home/phy_ai/.ihub/daksha/install/ros_tcp_endpoint:/home/phy_ai/.ihub/daksha/install/posveleff_controllers:/home/phy_ai/.ihub/daksha/install/moveit_collision_management:/home/phy_ai/.ihub/daksha/install/collision_management:/home/phy_ai/.ihub/daksha/install/joint_cmd_logger:/home/phy_ai/.ihub/daksha/install/joint_analyzer:/home/phy_ai/.ihub/daksha/install/daksha_data_collection:/home/phy_ai/.ihub/daksha/install/hw_interface:/home/phy_ai/.ihub/daksha/install/gesture_management:/home/phy_ai/.ihub/daksha/install/gen2_leader:/home/phy_ai/.ihub/daksha/install/dynamics:/home/phy_ai/.ihub/daksha/install/daksha_ui:/home/phy_ai/.ihub/daksha/install/daksha_msgs:/home/phy_ai/.ihub/daksha/install/daksha_final_urdf_description:/home/phy_ai/.ihub/daksha/install/daksha_api_bridge_leader:/home/phy_ai/.ihub/daksha/install/daksha_api_bridge_follower:/home/phy_ai/.ihub/daksha/install/automation:/home/phy_ai/.barani/gen2_full/install/world_camera_launch:/home/phy_ai/.barani/gen2_full/install/web_nav_site:/home/phy_ai/.barani/gen2_full/install/gen2:/home/phy_ai/.barani/gen2_full/install/vr_teleop:/home/phy_ai/.barani/gen2_full/install/trajectory_planning:/home/phy_ai/.barani/gen2_full/install/sllidar_ros2:/home/phy_ai/.barani/gen2_full/install/ros_tcp_endpoint:/home/phy_ai/.barani/gen2_full/install/posveleff_controllers:/home/phy_ai/.barani/gen2_full/install/nav_bringup:/home/phy_ai/.barani/gen2_full/install/nav2_config:/home/phy_ai/.barani/gen2_full/install/moveit_collision_management:/home/phy_ai/.barani/gen2_full/install/collision_management:/home/phy_ai/.barani/gen2_full/install/kinematics:/home/phy_ai/.barani/gen2_full/install/joint_cmd_logger:/home/phy_ai/.barani/gen2_full/install/joint_analyzer:/home/phy_ai/.barani/gen2_full/install/daksha_data_collection:/home/phy_ai/.barani/gen2_full/install/hw_interface:/home/phy_ai/.barani/gen2_full/install/gesture_management:/home/phy_ai/.barani/gen2_full/install/gen2_leader:/home/phy_ai/.barani/gen2_full/install/dynamics:/home/phy_ai/.barani/gen2_full/install/amr_bringup:/home/phy_ai/.barani/gen2_full/install/drax_hardware:/home/phy_ai/.barani/gen2_full/install/daksha_ui:/home/phy_ai/.barani/gen2_full/install/daksha_msgs:/home/phy_ai/.barani/gen2_full/install/daksha_final_urdf_description:/home/phy_ai/.barani/gen2_full/install/daksha_description_full_body:/home/phy_ai/.barani/gen2_full/install/daksha_base_urdf:/home/phy_ai/.barani/gen2_full/install/daksha_api_bridge_leader:/home/phy_ai/.barani/gen2_full/install/daksha_api_bridge_follower:/home/phy_ai/.barani/gen2_full/install/automation:/opt/ros/humble CMAKE_PREFIX_PATH=/home/phy_ai/.ihub/daksha/install/collision_management:/home/phy_ai/.ihub/daksha/install/web_nav_site:/home/phy_ai/.ihub/daksha/install/posveleff_controllers:/home/phy_ai/.ihub/daksha/install/moveit_collision_management:/home/phy_ai/.ihub/daksha/install/hw_interface:/home/phy_ai/.ihub/daksha/install/gesture_management:/home/phy_ai/.ihub/daksha/install/dynamics:/home/phy_ai/.ihub/daksha/install/daksha_ui:/home/phy_ai/.ihub/daksha/install/daksha_msgs:/home/phy_ai/.ihub/daksha/install/automation:/home/phy_ai/.barani/gen2_full/install/web_nav_site:/home/phy_ai/.barani/gen2_full/install/trajectory_planning:/home/phy_ai/.barani/gen2_full/install/sllidar_ros2:/home/phy_ai/.barani/gen2_full/install/posveleff_controllers:/home/phy_ai/.barani/gen2_full/install/moveit_collision_management:/home/phy_ai/.barani/gen2_full/install/collision_management:/home/phy_ai/.barani/gen2_full/install/hw_interface:/home/phy_ai/.barani/gen2_full/install/gesture_management:/home/phy_ai/.barani/gen2_full/install/dynamics:/home/phy_ai/.barani/gen2_full/install/drax_hardware:/home/phy_ai/.barani/gen2_full/install/daksha_ui:/home/phy_ai/.barani/gen2_full/install/daksha_msgs:/home/phy_ai/.barani/gen2_full/install/automation:/home/phy_ai/.ihub/daksha/install/motor_configure:/home/phy_ai/.ihub/daksha/install/world_camera_launch:/home/phy_ai/.ihub/daksha/install/motortest:/home/phy_ai/.ihub/daksha/install/gen2:/home/phy_ai/.ihub/daksha/install/vr_teleop:/home/phy_ai/.ihub/daksha/install/vajara:/home/phy_ai/.ihub/daksha/install/ros_tcp_endpoint:/home/phy_ai/.ihub/daksha/install/kinematics:/home/phy_ai/.ihub/daksha/install/joint_cmd_logger:/home/phy_ai/.ihub/daksha/install/joint_analyzer:/home/phy_ai/.ihub/daksha/install/daksha_data_collection:/home/phy_ai/.ihub/daksha/install/gen2_leader:/home/phy_ai/.ihub/daksha/install/daksha_final_urdf_description:/home/phy_ai/.ihub/daksha/install/daksha_description_full_body:/home/phy_ai/.ihub/daksha/install/daksha_api_bridge_leader:/home/phy_ai/.ihub/daksha/install/daksha_api_bridge_follower:/home/phy_ai/.barani/gen2_full/install/world_camera_launch:/home/phy_ai/.barani/gen2_full/install/gen2:/home/phy_ai/.barani/gen2_full/install/vr_teleop:/home/phy_ai/.barani/gen2_full/install/ros_tcp_endpoint:/home/phy_ai/.barani/gen2_full/install/nav_bringup:/home/phy_ai/.barani/gen2_full/install/nav2_config:/home/phy_ai/.barani/gen2_full/install/kinematics:/home/phy_ai/.barani/gen2_full/install/joint_cmd_logger:/home/phy_ai/.barani/gen2_full/install/joint_analyzer:/home/phy_ai/.barani/gen2_full/install/daksha_data_collection:/home/phy_ai/.barani/gen2_full/install/gen2_leader:/home/phy_ai/.barani/gen2_full/install/amr_bringup:/home/phy_ai/.barani/gen2_full/install/daksha_final_urdf_description:/home/phy_ai/.barani/gen2_full/install/daksha_description_full_body:/home/phy_ai/.barani/gen2_full/install/daksha_base_urdf:/home/phy_ai/.barani/gen2_full/install/daksha_api_bridge_leader:/home/phy_ai/.barani/gen2_full/install/daksha_api_bridge_follower:/opt/ros/humble LD_LIBRARY_PATH=/home/phy_ai/.ihub/daksha/install/collision_management/lib:/home/phy_ai/.ihub/daksha/install/posveleff_controllers/lib:/home/phy_ai/.ihub/daksha/install/hw_interface/lib:/home/phy_ai/.ihub/daksha/install/gesture_management/lib:/home/phy_ai/.ihub/daksha/install/daksha_msgs/lib:/home/phy_ai/.barani/gen2_full/install/trajectory_planning/lib:/home/phy_ai/.barani/gen2_full/install/posveleff_controllers/lib:/home/phy_ai/.barani/gen2_full/install/collision_management/lib:/home/phy_ai/.barani/gen2_full/install/hw_interface/lib:/home/phy_ai/.barani/gen2_full/install/gesture_management/lib:/home/phy_ai/.barani/gen2_full/install/drax_hardware/lib:/home/phy_ai/.barani/gen2_full/install/daksha_msgs/lib:/opt/ros/humble/opt/rviz_ogre_vendor/lib:/opt/ros/humble/lib/x86_64-linux-gnu:/opt/ros/humble/lib PYTHONPATH=/home/phy_ai/.ihub/daksha/install/kinematics/lib/python3.10/site-packages:/home/phy_ai/.ihub/daksha/install/daksha_description_full_body/lib/python3.10/site-packages:/home/phy_ai/.ihub/daksha/build/motor_configure:/home/phy_ai/.ihub/daksha/install/motor_configure/lib/python3.10/site-packages:/home/phy_ai/.ihub/daksha/install/world_camera_launch/lib/python3.10/site-packages:/home/phy_ai/.ihub/daksha/install/motortest/lib/python3.10/site-packages:/home/phy_ai/.ihub/daksha/install/gen2/lib/python3.10/site-packages:/home/phy_ai/.ihub/daksha/install/vr_teleop/lib/python3.10/site-packages:/home/phy_ai/.ihub/daksha/install/vajara/lib/python3.10/site-packages:/home/phy_ai/.ihub/daksha/install/ros_tcp_endpoint/lib/python3.10/site-packages:/home/phy_ai/.ihub/daksha/install/collision_management/local/lib/python3.10/dist-packages:/home/phy_ai/.ihub/daksha/install/joint_cmd_logger/lib/python3.10/site-packages:/home/phy_ai/.ihub/daksha/install/joint_analyzer/lib/python3.10/site-packages:/home/phy_ai/.ihub/daksha/install/daksha_data_collection/lib/python3.10/site-packages:/home/phy_ai/.ihub/daksha/install/hw_interface/local/lib/python3.10/dist-packages:/home/phy_ai/.ihub/daksha/install/gesture_management/local/lib/python3.10/dist-packages:/home/phy_ai/.ihub/daksha/install/gen2_leader/lib/python3.10/site-packages:/home/phy_ai/.ihub/daksha/install/daksha_msgs/local/lib/python3.10/dist-packages:/home/phy_ai/.ihub/daksha/install/daksha_final_urdf_description/lib/python3.10/site-packages:/home/phy_ai/.ihub/daksha/install/daksha_api_bridge_leader/lib/python3.10/site-packages:/home/phy_ai/.ihub/daksha/install/daksha_api_bridge_follower/lib/python3.10/site-packages:/home/phy_ai/.barani/gen2_full/install/world_camera_launch/lib/python3.10/site-packages:/home/phy_ai/.barani/gen2_full/install/gen2/lib/python3.10/site-packages:/home/phy_ai/.barani/gen2_full/install/vr_teleop/lib/python3.10/site-packages:/home/phy_ai/.barani/gen2_full/install/trajectory_planning/local/lib/python3.10/dist-packages:/home/phy_ai/.barani/gen2_full/install/ros_tcp_endpoint/lib/python3.10/site-packages:/home/phy_ai/.barani/gen2_full/install/nav_bringup/lib/python3.10/site-packages:/home/phy_ai/.barani/gen2_full/install/nav2_config/lib/python3.10/site-packages:/home/phy_ai/.barani/gen2_full/install/collision_management/local/lib/python3.10/dist-packages:/home/phy_ai/.barani/gen2_full/install/kinematics/lib/python3.10/site-packages:/home/phy_ai/.barani/gen2_full/install/joint_cmd_logger/lib/python3.10/site-packages:/home/phy_ai/.barani/gen2_full/install/joint_analyzer/lib/python3.10/site-packages:/home/phy_ai/.barani/gen2_full/install/daksha_data_collection/lib/python3.10/site-packages:/home/phy_ai/.barani/gen2_full/install/hw_interface/local/lib/python3.10/dist-packages:/home/phy_ai/.barani/gen2_full/install/gesture_management/local/lib/python3.10/dist-packages:/home/phy_ai/.barani/gen2_full/install/gen2_leader/lib/python3.10/site-packages:/home/phy_ai/.barani/gen2_full/install/amr_bringup/lib/python3.10/site-packages:/home/phy_ai/.barani/gen2_full/install/daksha_msgs/local/lib/python3.10/dist-packages:/home/phy_ai/.barani/gen2_full/install/daksha_final_urdf_description/lib/python3.10/site-packages:/home/phy_ai/.barani/gen2_full/install/daksha_description_full_body/lib/python3.10/site-packages:/home/phy_ai/.barani/gen2_full/install/daksha_base_urdf/lib/python3.10/site-packages:/home/phy_ai/.barani/gen2_full/install/daksha_api_bridge_leader/lib/python3.10/site-packages:/home/phy_ai/.barani/gen2_full/install/daksha_api_bridge_follower/lib/python3.10/site-packages:/opt/ros/humble/lib/python3.10/site-packages:/opt/ros/humble/local/lib/python3.10/dist-packages /usr/bin/cmake --build /home/phy_ai/.ihub/daksha/build/moveit_collision_management -- -j16 -l16
[6.981s] DEBUG:colcon.colcon_core.event_handler.log_command:Invoked command in '/home/phy_ai/.ihub/daksha/build/moveit_collision_management' returned '0': AMENT_PREFIX_PATH=/home/phy_ai/.ihub/daksha/install/kinematics:/home/phy_ai/.ihub/daksha/install/daksha_description_full_body:/home/phy_ai/.ihub/daksha/install/motor_configure:/home/phy_ai/.ihub/daksha/install/world_camera_launch:/home/phy_ai/.ihub/daksha/install/web_nav_site:/home/phy_ai/.ihub/daksha/install/motortest:/home/phy_ai/.ihub/daksha/install/gen2:/home/phy_ai/.ihub/daksha/install/vr_teleop:/home/phy_ai/.ihub/daksha/install/vajara:/home/phy_ai/.ihub/daksha/install/ros_tcp_endpoint:/home/phy_ai/.ihub/daksha/install/posveleff_controllers:/home/phy_ai/.ihub/daksha/install/moveit_collision_management:/home/phy_ai/.ihub/daksha/install/collision_management:/home/phy_ai/.ihub/daksha/install/joint_cmd_logger:/home/phy_ai/.ihub/daksha/install/joint_analyzer:/home/phy_ai/.ihub/daksha/install/daksha_data_collection:/home/phy_ai/.ihub/daksha/install/hw_interface:/home/phy_ai/.ihub/daksha/install/gesture_management:/home/phy_ai/.ihub/daksha/install/gen2_leader:/home/phy_ai/.ihub/daksha/install/dynamics:/home/phy_ai/.ihub/daksha/install/daksha_ui:/home/phy_ai/.ihub/daksha/install/daksha_msgs:/home/phy_ai/.ihub/daksha/install/daksha_final_urdf_description:/home/phy_ai/.ihub/daksha/install/daksha_api_bridge_leader:/home/phy_ai/.ihub/daksha/install/daksha_api_bridge_follower:/home/phy_ai/.ihub/daksha/install/automation:/home/phy_ai/.barani/gen2_full/install/world_camera_launch:/home/phy_ai/.barani/gen2_full/install/web_nav_site:/home/phy_ai/.barani/gen2_full/install/gen2:/home/phy_ai/.barani/gen2_full/install/vr_teleop:/home/phy_ai/.barani/gen2_full/install/trajectory_planning:/home/phy_ai/.barani/gen2_full/install/sllidar_ros2:/home/phy_ai/.barani/gen2_full/install/ros_tcp_endpoint:/home/phy_ai/.barani/gen2_full/install/posveleff_controllers:/home/phy_ai/.barani/gen2_full/install/nav_bringup:/home/phy_ai/.barani/gen2_full/install/nav2_config:/home/phy_ai/.barani/gen2_full/install/moveit_collision_management:/home/phy_ai/.barani/gen2_full/install/collision_management:/home/phy_ai/.barani/gen2_full/install/kinematics:/home/phy_ai/.barani/gen2_full/install/joint_cmd_logger:/home/phy_ai/.barani/gen2_full/install/joint_analyzer:/home/phy_ai/.barani/gen2_full/install/daksha_data_collection:/home/phy_ai/.barani/gen2_full/install/hw_interface:/home/phy_ai/.barani/gen2_full/install/gesture_management:/home/phy_ai/.barani/gen2_full/install/gen2_leader:/home/phy_ai/.barani/gen2_full/install/dynamics:/home/phy_ai/.barani/gen2_full/install/amr_bringup:/home/phy_ai/.barani/gen2_full/install/drax_hardware:/home/phy_ai/.barani/gen2_full/install/daksha_ui:/home/phy_ai/.barani/gen2_full/install/daksha_msgs:/home/phy_ai/.barani/gen2_full/install/daksha_final_urdf_description:/home/phy_ai/.barani/gen2_full/install/daksha_description_full_body:/home/phy_ai/.barani/gen2_full/install/daksha_base_urdf:/home/phy_ai/.barani/gen2_full/install/daksha_api_bridge_leader:/home/phy_ai/.barani/gen2_full/install/daksha_api_bridge_follower:/home/phy_ai/.barani/gen2_full/install/automation:/opt/ros/humble CMAKE_PREFIX_PATH=/home/phy_ai/.ihub/daksha/install/collision_management:/home/phy_ai/.ihub/daksha/install/web_nav_site:/home/phy_ai/.ihub/daksha/install/posveleff_controllers:/home/phy_ai/.ihub/daksha/install/moveit_collision_management:/home/phy_ai/.ihub/daksha/install/hw_interface:/home/phy_ai/.ihub/daksha/install/gesture_management:/home/phy_ai/.ihub/daksha/install/dynamics:/home/phy_ai/.ihub/daksha/install/daksha_ui:/home/phy_ai/.ihub/daksha/install/daksha_msgs:/home/phy_ai/.ihub/daksha/install/automation:/home/phy_ai/.barani/gen2_full/install/web_nav_site:/home/phy_ai/.barani/gen2_full/install/trajectory_planning:/home/phy_ai/.barani/gen2_full/install/sllidar_ros2:/home/phy_ai/.barani/gen2_full/install/posveleff_controllers:/home/phy_ai/.barani/gen2_full/install/moveit_collision_management:/home/phy_ai/.barani/gen2_full/install/collision_management:/home/phy_ai/.barani/gen2_full/install/hw_interface:/home/phy_ai/.barani/gen2_full/install/gesture_management:/home/phy_ai/.barani/gen2_full/install/dynamics:/home/phy_ai/.barani/gen2_full/install/drax_hardware:/home/phy_ai/.barani/gen2_full/install/daksha_ui:/home/phy_ai/.barani/gen2_full/install/daksha_msgs:/home/phy_ai/.barani/gen2_full/install/automation:/home/phy_ai/.ihub/daksha/install/motor_configure:/home/phy_ai/.ihub/daksha/install/world_camera_launch:/home/phy_ai/.ihub/daksha/install/motortest:/home/phy_ai/.ihub/daksha/install/gen2:/home/phy_ai/.ihub/daksha/install/vr_teleop:/home/phy_ai/.ihub/daksha/install/vajara:/home/phy_ai/.ihub/daksha/install/ros_tcp_endpoint:/home/phy_ai/.ihub/daksha/install/kinematics:/home/phy_ai/.ihub/daksha/install/joint_cmd_logger:/home/phy_ai/.ihub/daksha/install/joint_analyzer:/home/phy_ai/.ihub/daksha/install/daksha_data_collection:/home/phy_ai/.ihub/daksha/install/gen2_leader:/home/phy_ai/.ihub/daksha/install/daksha_final_urdf_description:/home/phy_ai/.ihub/daksha/install/daksha_description_full_body:/home/phy_ai/.ihub/daksha/install/daksha_api_bridge_leader:/home/phy_ai/.ihub/daksha/install/daksha_api_bridge_follower:/home/phy_ai/.barani/gen2_full/install/world_camera_launch:/home/phy_ai/.barani/gen2_full/install/gen2:/home/phy_ai/.barani/gen2_full/install/vr_teleop:/home/phy_ai/.barani/gen2_full/install/ros_tcp_endpoint:/home/phy_ai/.barani/gen2_full/install/nav_bringup:/home/phy_ai/.barani/gen2_full/install/nav2_config:/home/phy_ai/.barani/gen2_full/install/kinematics:/home/phy_ai/.barani/gen2_full/install/joint_cmd_logger:/home/phy_ai/.barani/gen2_full/install/joint_analyzer:/home/phy_ai/.barani/gen2_full/install/daksha_data_collection:/home/phy_ai/.barani/gen2_full/install/gen2_leader:/home/phy_ai/.barani/gen2_full/install/amr_bringup:/home/phy_ai/.barani/gen2_full/install/daksha_final_urdf_description:/home/phy_ai/.barani/gen2_full/install/daksha_description_full_body:/home/phy_ai/.barani/gen2_full/install/daksha_base_urdf:/home/phy_ai/.barani/gen2_full/install/daksha_api_bridge_leader:/home/phy_ai/.barani/gen2_full/install/daksha_api_bridge_follower:/opt/ros/humble LD_LIBRARY_PATH=/home/phy_ai/.ihub/daksha/install/collision_management/lib:/home/phy_ai/.ihub/daksha/install/posveleff_controllers/lib:/home/phy_ai/.ihub/daksha/install/hw_interface/lib:/home/phy_ai/.ihub/daksha/install/gesture_management/lib:/home/phy_ai/.ihub/daksha/install/daksha_msgs/lib:/home/phy_ai/.barani/gen2_full/install/trajectory_planning/lib:/home/phy_ai/.barani/gen2_full/install/posveleff_controllers/lib:/home/phy_ai/.barani/gen2_full/install/collision_management/lib:/home/phy_ai/.barani/gen2_full/install/hw_interface/lib:/home/phy_ai/.barani/gen2_full/install/gesture_management/lib:/home/phy_ai/.barani/gen2_full/install/drax_hardware/lib:/home/phy_ai/.barani/gen2_full/install/daksha_msgs/lib:/opt/ros/humble/opt/rviz_ogre_vendor/lib:/opt/ros/humble/lib/x86_64-linux-gnu:/opt/ros/humble/lib PYTHONPATH=/home/phy_ai/.ihub/daksha/install/kinematics/lib/python3.10/site-packages:/home/phy_ai/.ihub/daksha/install/daksha_description_full_body/lib/python3.10/site-packages:/home/phy_ai/.ihub/daksha/build/motor_configure:/home/phy_ai/.ihub/daksha/install/motor_configure/lib/python3.10/site-packages:/home/phy_ai/.ihub/daksha/install/world_camera_launch/lib/python3.10/site-packages:/home/phy_ai/.ihub/daksha/install/motortest/lib/python3.10/site-packages:/home/phy_ai/.ihub/daksha/install/gen2/lib/python3.10/site-packages:/home/phy_ai/.ihub/daksha/install/vr_teleop/lib/python3.10/site-packages:/home/phy_ai/.ihub/daksha/install/vajara/lib/python3.10/site-packages:/home/phy_ai/.ihub/daksha/install/ros_tcp_endpoint/lib/python3.10/site-packages:/home/phy_ai/.ihub/daksha/install/collision_management/local/lib/python3.10/dist-packages:/home/phy_ai/.ihub/daksha/install/joint_cmd_logger/lib/python3.10/site-packages:/home/phy_ai/.ihub/daksha/install/joint_analyzer/lib/python3.10/site-packages:/home/phy_ai/.ihub/daksha/install/daksha_data_collection/lib/python3.10/site-packages:/home/phy_ai/.ihub/daksha/install/hw_interface/local/lib/python3.10/dist-packages:/home/phy_ai/.ihub/daksha/install/gesture_management/local/lib/python3.10/dist-packages:/home/phy_ai/.ihub/daksha/install/gen2_leader/lib/python3.10/site-packages:/home/phy_ai/.ihub/daksha/install/daksha_msgs/local/lib/python3.10/dist-packages:/home/phy_ai/.ihub/daksha/install/daksha_final_urdf_description/lib/python3.10/site-packages:/home/phy_ai/.ihub/daksha/install/daksha_api_bridge_leader/lib/python3.10/site-packages:/home/phy_ai/.ihub/daksha/install/daksha_api_bridge_follower/lib/python3.10/site-packages:/home/phy_ai/.barani/gen2_full/install/world_camera_launch/lib/python3.10/site-packages:/home/phy_ai/.barani/gen2_full/install/gen2/lib/python3.10/site-packages:/home/phy_ai/.barani/gen2_full/install/vr_teleop/lib/python3.10/site-packages:/home/phy_ai/.barani/gen2_full/install/trajectory_planning/local/lib/python3.10/dist-packages:/home/phy_ai/.barani/gen2_full/install/ros_tcp_endpoint/lib/python3.10/site-packages:/home/phy_ai/.barani/gen2_full/install/nav_bringup/lib/python3.10/site-packages:/home/phy_ai/.barani/gen2_full/install/nav2_config/lib/python3.10/site-packages:/home/phy_ai/.barani/gen2_full/install/collision_management/local/lib/python3.10/dist-packages:/home/phy_ai/.barani/gen2_full/install/kinematics/lib/python3.10/site-packages:/home/phy_ai/.barani/gen2_full/install/joint_cmd_logger/lib/python3.10/site-packages:/home/phy_ai/.barani/gen2_full/install/joint_analyzer/lib/python3.10/site-packages:/home/phy_ai/.barani/gen2_full/install/daksha_data_collection/lib/python3.10/site-packages:/home/phy_ai/.barani/gen2_full/install/hw_interface/local/lib/python3.10/dist-packages:/home/phy_ai/.barani/gen2_full/install/gesture_management/local/lib/python3.10/dist-packages:/home/phy_ai/.barani/gen2_full/install/gen2_leader/lib/python3.10/site-packages:/home/phy_ai/.barani/gen2_full/install/amr_bringup/lib/python3.10/site-packages:/home/phy_ai/.barani/gen2_full/install/daksha_msgs/local/lib/python3.10/dist-packages:/home/phy_ai/.barani/gen2_full/install/daksha_final_urdf_description/lib/python3.10/site-packages:/home/phy_ai/.barani/gen2_full/install/daksha_description_full_body/lib/python3.10/site-packages:/home/phy_ai/.barani/gen2_full/install/daksha_base_urdf/lib/python3.10/site-packages:/home/phy_ai/.barani/gen2_full/install/daksha_api_bridge_leader/lib/python3.10/site-packages:/home/phy_ai/.barani/gen2_full/install/daksha_api_bridge_follower/lib/python3.10/site-packages:/opt/ros/humble/lib/python3.10/site-packages:/opt/ros/humble/local/lib/python3.10/dist-packages /usr/bin/cmake --build /home/phy_ai/.ihub/daksha/build/moveit_collision_management -- -j16 -l16
[6.983s] DEBUG:colcon.colcon_core.event_handler.log_command:Invoking command in '/home/phy_ai/.ihub/daksha/build/moveit_collision_management': AMENT_PREFIX_PATH=/home/phy_ai/.ihub/daksha/install/kinematics:/home/phy_ai/.ihub/daksha/install/daksha_description_full_body:/home/phy_ai/.ihub/daksha/install/motor_configure:/home/phy_ai/.ihub/daksha/install/world_camera_launch:/home/phy_ai/.ihub/daksha/install/web_nav_site:/home/phy_ai/.ihub/daksha/install/motortest:/home/phy_ai/.ihub/daksha/install/gen2:/home/phy_ai/.ihub/daksha/install/vr_teleop:/home/phy_ai/.ihub/daksha/install/vajara:/home/phy_ai/.ihub/daksha/install/ros_tcp_endpoint:/home/phy_ai/.ihub/daksha/install/posveleff_controllers:/home/phy_ai/.ihub/daksha/install/moveit_collision_management:/home/phy_ai/.ihub/daksha/install/collision_management:/home/phy_ai/.ihub/daksha/install/joint_cmd_logger:/home/phy_ai/.ihub/daksha/install/joint_analyzer:/home/phy_ai/.ihub/daksha/install/daksha_data_collection:/home/phy_ai/.ihub/daksha/install/hw_interface:/home/phy_ai/.ihub/daksha/install/gesture_management:/home/phy_ai/.ihub/daksha/install/gen2_leader:/home/phy_ai/.ihub/daksha/install/dynamics:/home/phy_ai/.ihub/daksha/install/daksha_ui:/home/phy_ai/.ihub/daksha/install/daksha_msgs:/home/phy_ai/.ihub/daksha/install/daksha_final_urdf_description:/home/phy_ai/.ihub/daksha/install/daksha_api_bridge_leader:/home/phy_ai/.ihub/daksha/install/daksha_api_bridge_follower:/home/phy_ai/.ihub/daksha/install/automation:/home/phy_ai/.barani/gen2_full/install/world_camera_launch:/home/phy_ai/.barani/gen2_full/install/web_nav_site:/home/phy_ai/.barani/gen2_full/install/gen2:/home/phy_ai/.barani/gen2_full/install/vr_teleop:/home/phy_ai/.barani/gen2_full/install/trajectory_planning:/home/phy_ai/.barani/gen2_full/install/sllidar_ros2:/home/phy_ai/.barani/gen2_full/install/ros_tcp_endpoint:/home/phy_ai/.barani/gen2_full/install/posveleff_controllers:/home/phy_ai/.barani/gen2_full/install/nav_bringup:/home/phy_ai/.barani/gen2_full/install/nav2_config:/home/phy_ai/.barani/gen2_full/install/moveit_collision_management:/home/phy_ai/.barani/gen2_full/install/collision_management:/home/phy_ai/.barani/gen2_full/install/kinematics:/home/phy_ai/.barani/gen2_full/install/joint_cmd_logger:/home/phy_ai/.barani/gen2_full/install/joint_analyzer:/home/phy_ai/.barani/gen2_full/install/daksha_data_collection:/home/phy_ai/.barani/gen2_full/install/hw_interface:/home/phy_ai/.barani/gen2_full/install/gesture_management:/home/phy_ai/.barani/gen2_full/install/gen2_leader:/home/phy_ai/.barani/gen2_full/install/dynamics:/home/phy_ai/.barani/gen2_full/install/amr_bringup:/home/phy_ai/.barani/gen2_full/install/drax_hardware:/home/phy_ai/.barani/gen2_full/install/daksha_ui:/home/phy_ai/.barani/gen2_full/install/daksha_msgs:/home/phy_ai/.barani/gen2_full/install/daksha_final_urdf_description:/home/phy_ai/.barani/gen2_full/install/daksha_description_full_body:/home/phy_ai/.barani/gen2_full/install/daksha_base_urdf:/home/phy_ai/.barani/gen2_full/install/daksha_api_bridge_leader:/home/phy_ai/.barani/gen2_full/install/daksha_api_bridge_follower:/home/phy_ai/.barani/gen2_full/install/automation:/opt/ros/humble CMAKE_PREFIX_PATH=/home/phy_ai/.ihub/daksha/install/collision_management:/home/phy_ai/.ihub/daksha/install/web_nav_site:/home/phy_ai/.ihub/daksha/install/posveleff_controllers:/home/phy_ai/.ihub/daksha/install/moveit_collision_management:/home/phy_ai/.ihub/daksha/install/hw_interface:/home/phy_ai/.ihub/daksha/install/gesture_management:/home/phy_ai/.ihub/daksha/install/dynamics:/home/phy_ai/.ihub/daksha/install/daksha_ui:/home/phy_ai/.ihub/daksha/install/daksha_msgs:/home/phy_ai/.ihub/daksha/install/automation:/home/phy_ai/.barani/gen2_full/install/web_nav_site:/home/phy_ai/.barani/gen2_full/install/trajectory_planning:/home/phy_ai/.barani/gen2_full/install/sllidar_ros2:/home/phy_ai/.barani/gen2_full/install/posveleff_controllers:/home/phy_ai/.barani/gen2_full/install/moveit_collision_management:/home/phy_ai/.barani/gen2_full/install/collision_management:/home/phy_ai/.barani/gen2_full/install/hw_interface:/home/phy_ai/.barani/gen2_full/install/gesture_management:/home/phy_ai/.barani/gen2_full/install/dynamics:/home/phy_ai/.barani/gen2_full/install/drax_hardware:/home/phy_ai/.barani/gen2_full/install/daksha_ui:/home/phy_ai/.barani/gen2_full/install/daksha_msgs:/home/phy_ai/.barani/gen2_full/install/automation:/home/phy_ai/.ihub/daksha/install/motor_configure:/home/phy_ai/.ihub/daksha/install/world_camera_launch:/home/phy_ai/.ihub/daksha/install/motortest:/home/phy_ai/.ihub/daksha/install/gen2:/home/phy_ai/.ihub/daksha/install/vr_teleop:/home/phy_ai/.ihub/daksha/install/vajara:/home/phy_ai/.ihub/daksha/install/ros_tcp_endpoint:/home/phy_ai/.ihub/daksha/install/kinematics:/home/phy_ai/.ihub/daksha/install/joint_cmd_logger:/home/phy_ai/.ihub/daksha/install/joint_analyzer:/home/phy_ai/.ihub/daksha/install/daksha_data_collection:/home/phy_ai/.ihub/daksha/install/gen2_leader:/home/phy_ai/.ihub/daksha/install/daksha_final_urdf_description:/home/phy_ai/.ihub/daksha/install/daksha_description_full_body:/home/phy_ai/.ihub/daksha/install/daksha_api_bridge_leader:/home/phy_ai/.ihub/daksha/install/daksha_api_bridge_follower:/home/phy_ai/.barani/gen2_full/install/world_camera_launch:/home/phy_ai/.barani/gen2_full/install/gen2:/home/phy_ai/.barani/gen2_full/install/vr_teleop:/home/phy_ai/.barani/gen2_full/install/ros_tcp_endpoint:/home/phy_ai/.barani/gen2_full/install/nav_bringup:/home/phy_ai/.barani/gen2_full/install/nav2_config:/home/phy_ai/.barani/gen2_full/install/kinematics:/home/phy_ai/.barani/gen2_full/install/joint_cmd_logger:/home/phy_ai/.barani/gen2_full/install/joint_analyzer:/home/phy_ai/.barani/gen2_full/install/daksha_data_collection:/home/phy_ai/.barani/gen2_full/install/gen2_leader:/home/phy_ai/.barani/gen2_full/install/amr_bringup:/home/phy_ai/.barani/gen2_full/install/daksha_final_urdf_description:/home/phy_ai/.barani/gen2_full/install/daksha_description_full_body:/home/phy_ai/.barani/gen2_full/install/daksha_base_urdf:/home/phy_ai/.barani/gen2_full/install/daksha_api_bridge_leader:/home/phy_ai/.barani/gen2_full/install/daksha_api_bridge_follower:/opt/ros/humble LD_LIBRARY_PATH=/home/phy_ai/.ihub/daksha/install/collision_management/lib:/home/phy_ai/.ihub/daksha/install/posveleff_controllers/lib:/home/phy_ai/.ihub/daksha/install/hw_interface/lib:/home/phy_ai/.ihub/daksha/install/gesture_management/lib:/home/phy_ai/.ihub/daksha/install/daksha_msgs/lib:/home/phy_ai/.barani/gen2_full/install/trajectory_planning/lib:/home/phy_ai/.barani/gen2_full/install/posveleff_controllers/lib:/home/phy_ai/.barani/gen2_full/install/collision_management/lib:/home/phy_ai/.barani/gen2_full/install/hw_interface/lib:/home/phy_ai/.barani/gen2_full/install/gesture_management/lib:/home/phy_ai/.barani/gen2_full/install/drax_hardware/lib:/home/phy_ai/.barani/gen2_full/install/daksha_msgs/lib:/opt/ros/humble/opt/rviz_ogre_vendor/lib:/opt/ros/humble/lib/x86_64-linux-gnu:/opt/ros/humble/lib PYTHONPATH=/home/phy_ai/.ihub/daksha/install/kinematics/lib/python3.10/site-packages:/home/phy_ai/.ihub/daksha/install/daksha_description_full_body/lib/python3.10/site-packages:/home/phy_ai/.ihub/daksha/build/motor_configure:/home/phy_ai/.ihub/daksha/install/motor_configure/lib/python3.10/site-packages:/home/phy_ai/.ihub/daksha/install/world_camera_launch/lib/python3.10/site-packages:/home/phy_ai/.ihub/daksha/install/motortest/lib/python3.10/site-packages:/home/phy_ai/.ihub/daksha/install/gen2/lib/python3.10/site-packages:/home/phy_ai/.ihub/daksha/install/vr_teleop/lib/python3.10/site-packages:/home/phy_ai/.ihub/daksha/install/vajara/lib/python3.10/site-packages:/home/phy_ai/.ihub/daksha/install/ros_tcp_endpoint/lib/python3.10/site-packages:/home/phy_ai/.ihub/daksha/install/collision_management/local/lib/python3.10/dist-packages:/home/phy_ai/.ihub/daksha/install/joint_cmd_logger/lib/python3.10/site-packages:/home/phy_ai/.ihub/daksha/install/joint_analyzer/lib/python3.10/site-packages:/home/phy_ai/.ihub/daksha/install/daksha_data_collection/lib/python3.10/site-packages:/home/phy_ai/.ihub/daksha/install/hw_interface/local/lib/python3.10/dist-packages:/home/phy_ai/.ihub/daksha/install/gesture_management/local/lib/python3.10/dist-packages:/home/phy_ai/.ihub/daksha/install/gen2_leader/lib/python3.10/site-packages:/home/phy_ai/.ihub/daksha/install/daksha_msgs/local/lib/python3.10/dist-packages:/home/phy_ai/.ihub/daksha/install/daksha_final_urdf_description/lib/python3.10/site-packages:/home/phy_ai/.ihub/daksha/install/daksha_api_bridge_leader/lib/python3.10/site-packages:/home/phy_ai/.ihub/daksha/install/daksha_api_bridge_follower/lib/python3.10/site-packages:/home/phy_ai/.barani/gen2_full/install/world_camera_launch/lib/python3.10/site-packages:/home/phy_ai/.barani/gen2_full/install/gen2/lib/python3.10/site-packages:/home/phy_ai/.barani/gen2_full/install/vr_teleop/lib/python3.10/site-packages:/home/phy_ai/.barani/gen2_full/install/trajectory_planning/local/lib/python3.10/dist-packages:/home/phy_ai/.barani/gen2_full/install/ros_tcp_endpoint/lib/python3.10/site-packages:/home/phy_ai/.barani/gen2_full/install/nav_bringup/lib/python3.10/site-packages:/home/phy_ai/.barani/gen2_full/install/nav2_config/lib/python3.10/site-packages:/home/phy_ai/.barani/gen2_full/install/collision_management/local/lib/python3.10/dist-packages:/home/phy_ai/.barani/gen2_full/install/kinematics/lib/python3.10/site-packages:/home/phy_ai/.barani/gen2_full/install/joint_cmd_logger/lib/python3.10/site-packages:/home/phy_ai/.barani/gen2_full/install/joint_analyzer/lib/python3.10/site-packages:/home/phy_ai/.barani/gen2_full/install/daksha_data_collection/lib/python3.10/site-packages:/home/phy_ai/.barani/gen2_full/install/hw_interface/local/lib/python3.10/dist-packages:/home/phy_ai/.barani/gen2_full/install/gesture_management/local/lib/python3.10/dist-packages:/home/phy_ai/.barani/gen2_full/install/gen2_leader/lib/python3.10/site-packages:/home/phy_ai/.barani/gen2_full/install/amr_bringup/lib/python3.10/site-packages:/home/phy_ai/.barani/gen2_full/install/daksha_msgs/local/lib/python3.10/dist-packages:/home/phy_ai/.barani/gen2_full/install/daksha_final_urdf_description/lib/python3.10/site-packages:/home/phy_ai/.barani/gen2_full/install/daksha_description_full_body/lib/python3.10/site-packages:/home/phy_ai/.barani/gen2_full/install/daksha_base_urdf/lib/python3.10/site-packages:/home/phy_ai/.barani/gen2_full/install/daksha_api_bridge_leader/lib/python3.10/site-packages:/home/phy_ai/.barani/gen2_full/install/daksha_api_bridge_follower/lib/python3.10/site-packages:/opt/ros/humble/lib/python3.10/site-packages:/opt/ros/humble/local/lib/python3.10/dist-packages /usr/bin/cmake --install /home/phy_ai/.ihub/daksha/build/moveit_collision_management
[6.995s] Level 1:colcon.colcon_core.environment:create_environment_scripts_only(moveit_collision_management)
[6.995s] Level 1:colcon.colcon_core.environment:checking '/home/phy_ai/.ihub/daksha/install/moveit_collision_management' for CMake module files
[6.996s] DEBUG:colcon.colcon_core.event_handler.log_command:Invoked command in '/home/phy_ai/.ihub/daksha/build/moveit_collision_management' returned '0': AMENT_PREFIX_PATH=/home/phy_ai/.ihub/daksha/install/kinematics:/home/phy_ai/.ihub/daksha/install/daksha_description_full_body:/home/phy_ai/.ihub/daksha/install/motor_configure:/home/phy_ai/.ihub/daksha/install/world_camera_launch:/home/phy_ai/.ihub/daksha/install/web_nav_site:/home/phy_ai/.ihub/daksha/install/motortest:/home/phy_ai/.ihub/daksha/install/gen2:/home/phy_ai/.ihub/daksha/install/vr_teleop:/home/phy_ai/.ihub/daksha/install/vajara:/home/phy_ai/.ihub/daksha/install/ros_tcp_endpoint:/home/phy_ai/.ihub/daksha/install/posveleff_controllers:/home/phy_ai/.ihub/daksha/install/moveit_collision_management:/home/phy_ai/.ihub/daksha/install/collision_management:/home/phy_ai/.ihub/daksha/install/joint_cmd_logger:/home/phy_ai/.ihub/daksha/install/joint_analyzer:/home/phy_ai/.ihub/daksha/install/daksha_data_collection:/home/phy_ai/.ihub/daksha/install/hw_interface:/home/phy_ai/.ihub/daksha/install/gesture_management:/home/phy_ai/.ihub/daksha/install/gen2_leader:/home/phy_ai/.ihub/daksha/install/dynamics:/home/phy_ai/.ihub/daksha/install/daksha_ui:/home/phy_ai/.ihub/daksha/install/daksha_msgs:/home/phy_ai/.ihub/daksha/install/daksha_final_urdf_description:/home/phy_ai/.ihub/daksha/install/daksha_api_bridge_leader:/home/phy_ai/.ihub/daksha/install/daksha_api_bridge_follower:/home/phy_ai/.ihub/daksha/install/automation:/home/phy_ai/.barani/gen2_full/install/world_camera_launch:/home/phy_ai/.barani/gen2_full/install/web_nav_site:/home/phy_ai/.barani/gen2_full/install/gen2:/home/phy_ai/.barani/gen2_full/install/vr_teleop:/home/phy_ai/.barani/gen2_full/install/trajectory_planning:/home/phy_ai/.barani/gen2_full/install/sllidar_ros2:/home/phy_ai/.barani/gen2_full/install/ros_tcp_endpoint:/home/phy_ai/.barani/gen2_full/install/posveleff_controllers:/home/phy_ai/.barani/gen2_full/install/nav_bringup:/home/phy_ai/.barani/gen2_full/install/nav2_config:/home/phy_ai/.barani/gen2_full/install/moveit_collision_management:/home/phy_ai/.barani/gen2_full/install/collision_management:/home/phy_ai/.barani/gen2_full/install/kinematics:/home/phy_ai/.barani/gen2_full/install/joint_cmd_logger:/home/phy_ai/.barani/gen2_full/install/joint_analyzer:/home/phy_ai/.barani/gen2_full/install/daksha_data_collection:/home/phy_ai/.barani/gen2_full/install/hw_interface:/home/phy_ai/.barani/gen2_full/install/gesture_management:/home/phy_ai/.barani/gen2_full/install/gen2_leader:/home/phy_ai/.barani/gen2_full/install/dynamics:/home/phy_ai/.barani/gen2_full/install/amr_bringup:/home/phy_ai/.barani/gen2_full/install/drax_hardware:/home/phy_ai/.barani/gen2_full/install/daksha_ui:/home/phy_ai/.barani/gen2_full/install/daksha_msgs:/home/phy_ai/.barani/gen2_full/install/daksha_final_urdf_description:/home/phy_ai/.barani/gen2_full/install/daksha_description_full_body:/home/phy_ai/.barani/gen2_full/install/daksha_base_urdf:/home/phy_ai/.barani/gen2_full/install/daksha_api_bridge_leader:/home/phy_ai/.barani/gen2_full/install/daksha_api_bridge_follower:/home/phy_ai/.barani/gen2_full/install/automation:/opt/ros/humble CMAKE_PREFIX_PATH=/home/phy_ai/.ihub/daksha/install/collision_management:/home/phy_ai/.ihub/daksha/install/web_nav_site:/home/phy_ai/.ihub/daksha/install/posveleff_controllers:/home/phy_ai/.ihub/daksha/install/moveit_collision_management:/home/phy_ai/.ihub/daksha/install/hw_interface:/home/phy_ai/.ihub/daksha/install/gesture_management:/home/phy_ai/.ihub/daksha/install/dynamics:/home/phy_ai/.ihub/daksha/install/daksha_ui:/home/phy_ai/.ihub/daksha/install/daksha_msgs:/home/phy_ai/.ihub/daksha/install/automation:/home/phy_ai/.barani/gen2_full/install/web_nav_site:/home/phy_ai/.barani/gen2_full/install/trajectory_planning:/home/phy_ai/.barani/gen2_full/install/sllidar_ros2:/home/phy_ai/.barani/gen2_full/install/posveleff_controllers:/home/phy_ai/.barani/gen2_full/install/moveit_collision_management:/home/phy_ai/.barani/gen2_full/install/collision_management:/home/phy_ai/.barani/gen2_full/install/hw_interface:/home/phy_ai/.barani/gen2_full/install/gesture_management:/home/phy_ai/.barani/gen2_full/install/dynamics:/home/phy_ai/.barani/gen2_full/install/drax_hardware:/home/phy_ai/.barani/gen2_full/install/daksha_ui:/home/phy_ai/.barani/gen2_full/install/daksha_msgs:/home/phy_ai/.barani/gen2_full/install/automation:/home/phy_ai/.ihub/daksha/install/motor_configure:/home/phy_ai/.ihub/daksha/install/world_camera_launch:/home/phy_ai/.ihub/daksha/install/motortest:/home/phy_ai/.ihub/daksha/install/gen2:/home/phy_ai/.ihub/daksha/install/vr_teleop:/home/phy_ai/.ihub/daksha/install/vajara:/home/phy_ai/.ihub/daksha/install/ros_tcp_endpoint:/home/phy_ai/.ihub/daksha/install/kinematics:/home/phy_ai/.ihub/daksha/install/joint_cmd_logger:/home/phy_ai/.ihub/daksha/install/joint_analyzer:/home/phy_ai/.ihub/daksha/install/daksha_data_collection:/home/phy_ai/.ihub/daksha/install/gen2_leader:/home/phy_ai/.ihub/daksha/install/daksha_final_urdf_description:/home/phy_ai/.ihub/daksha/install/daksha_description_full_body:/home/phy_ai/.ihub/daksha/install/daksha_api_bridge_leader:/home/phy_ai/.ihub/daksha/install/daksha_api_bridge_follower:/home/phy_ai/.barani/gen2_full/install/world_camera_launch:/home/phy_ai/.barani/gen2_full/install/gen2:/home/phy_ai/.barani/gen2_full/install/vr_teleop:/home/phy_ai/.barani/gen2_full/install/ros_tcp_endpoint:/home/phy_ai/.barani/gen2_full/install/nav_bringup:/home/phy_ai/.barani/gen2_full/install/nav2_config:/home/phy_ai/.barani/gen2_full/install/kinematics:/home/phy_ai/.barani/gen2_full/install/joint_cmd_logger:/home/phy_ai/.barani/gen2_full/install/joint_analyzer:/home/phy_ai/.barani/gen2_full/install/daksha_data_collection:/home/phy_ai/.barani/gen2_full/install/gen2_leader:/home/phy_ai/.barani/gen2_full/install/amr_bringup:/home/phy_ai/.barani/gen2_full/install/daksha_final_urdf_description:/home/phy_ai/.barani/gen2_full/install/daksha_description_full_body:/home/phy_ai/.barani/gen2_full/install/daksha_base_urdf:/home/phy_ai/.barani/gen2_full/install/daksha_api_bridge_leader:/home/phy_ai/.barani/gen2_full/install/daksha_api_bridge_follower:/opt/ros/humble LD_LIBRARY_PATH=/home/phy_ai/.ihub/daksha/install/collision_management/lib:/home/phy_ai/.ihub/daksha/install/posveleff_controllers/lib:/home/phy_ai/.ihub/daksha/install/hw_interface/lib:/home/phy_ai/.ihub/daksha/install/gesture_management/lib:/home/phy_ai/.ihub/daksha/install/daksha_msgs/lib:/home/phy_ai/.barani/gen2_full/install/trajectory_planning/lib:/home/phy_ai/.barani/gen2_full/install/posveleff_controllers/lib:/home/phy_ai/.barani/gen2_full/install/collision_management/lib:/home/phy_ai/.barani/gen2_full/install/hw_interface/lib:/home/phy_ai/.barani/gen2_full/install/gesture_management/lib:/home/phy_ai/.barani/gen2_full/install/drax_hardware/lib:/home/phy_ai/.barani/gen2_full/install/daksha_msgs/lib:/opt/ros/humble/opt/rviz_ogre_vendor/lib:/opt/ros/humble/lib/x86_64-linux-gnu:/opt/ros/humble/lib PYTHONPATH=/home/phy_ai/.ihub/daksha/install/kinematics/lib/python3.10/site-packages:/home/phy_ai/.ihub/daksha/install/daksha_description_full_body/lib/python3.10/site-packages:/home/phy_ai/.ihub/daksha/build/motor_configure:/home/phy_ai/.ihub/daksha/install/motor_configure/lib/python3.10/site-packages:/home/phy_ai/.ihub/daksha/install/world_camera_launch/lib/python3.10/site-packages:/home/phy_ai/.ihub/daksha/install/motortest/lib/python3.10/site-packages:/home/phy_ai/.ihub/daksha/install/gen2/lib/python3.10/site-packages:/home/phy_ai/.ihub/daksha/install/vr_teleop/lib/python3.10/site-packages:/home/phy_ai/.ihub/daksha/install/vajara/lib/python3.10/site-packages:/home/phy_ai/.ihub/daksha/install/ros_tcp_endpoint/lib/python3.10/site-packages:/home/phy_ai/.ihub/daksha/install/collision_management/local/lib/python3.10/dist-packages:/home/phy_ai/.ihub/daksha/install/joint_cmd_logger/lib/python3.10/site-packages:/home/phy_ai/.ihub/daksha/install/joint_analyzer/lib/python3.10/site-packages:/home/phy_ai/.ihub/daksha/install/daksha_data_collection/lib/python3.10/site-packages:/home/phy_ai/.ihub/daksha/install/hw_interface/local/lib/python3.10/dist-packages:/home/phy_ai/.ihub/daksha/install/gesture_management/local/lib/python3.10/dist-packages:/home/phy_ai/.ihub/daksha/install/gen2_leader/lib/python3.10/site-packages:/home/phy_ai/.ihub/daksha/install/daksha_msgs/local/lib/python3.10/dist-packages:/home/phy_ai/.ihub/daksha/install/daksha_final_urdf_description/lib/python3.10/site-packages:/home/phy_ai/.ihub/daksha/install/daksha_api_bridge_leader/lib/python3.10/site-packages:/home/phy_ai/.ihub/daksha/install/daksha_api_bridge_follower/lib/python3.10/site-packages:/home/phy_ai/.barani/gen2_full/install/world_camera_launch/lib/python3.10/site-packages:/home/phy_ai/.barani/gen2_full/install/gen2/lib/python3.10/site-packages:/home/phy_ai/.barani/gen2_full/install/vr_teleop/lib/python3.10/site-packages:/home/phy_ai/.barani/gen2_full/install/trajectory_planning/local/lib/python3.10/dist-packages:/home/phy_ai/.barani/gen2_full/install/ros_tcp_endpoint/lib/python3.10/site-packages:/home/phy_ai/.barani/gen2_full/install/nav_bringup/lib/python3.10/site-packages:/home/phy_ai/.barani/gen2_full/install/nav2_config/lib/python3.10/site-packages:/home/phy_ai/.barani/gen2_full/install/collision_management/local/lib/python3.10/dist-packages:/home/phy_ai/.barani/gen2_full/install/kinematics/lib/python3.10/site-packages:/home/phy_ai/.barani/gen2_full/install/joint_cmd_logger/lib/python3.10/site-packages:/home/phy_ai/.barani/gen2_full/install/joint_analyzer/lib/python3.10/site-packages:/home/phy_ai/.barani/gen2_full/install/daksha_data_collection/lib/python3.10/site-packages:/home/phy_ai/.barani/gen2_full/install/hw_interface/local/lib/python3.10/dist-packages:/home/phy_ai/.barani/gen2_full/install/gesture_management/local/lib/python3.10/dist-packages:/home/phy_ai/.barani/gen2_full/install/gen2_leader/lib/python3.10/site-packages:/home/phy_ai/.barani/gen2_full/install/amr_bringup/lib/python3.10/site-packages:/home/phy_ai/.barani/gen2_full/install/daksha_msgs/local/lib/python3.10/dist-packages:/home/phy_ai/.barani/gen2_full/install/daksha_final_urdf_description/lib/python3.10/site-packages:/home/phy_ai/.barani/gen2_full/install/daksha_description_full_body/lib/python3.10/site-packages:/home/phy_ai/.barani/gen2_full/install/daksha_base_urdf/lib/python3.10/site-packages:/home/phy_ai/.barani/gen2_full/install/daksha_api_bridge_leader/lib/python3.10/site-packages:/home/phy_ai/.barani/gen2_full/install/daksha_api_bridge_follower/lib/python3.10/site-packages:/opt/ros/humble/lib/python3.10/site-packages:/opt/ros/humble/local/lib/python3.10/dist-packages /usr/bin/cmake --install /home/phy_ai/.ihub/daksha/build/moveit_collision_management
[6.996s] Level 1:colcon.colcon_core.environment:checking '/home/phy_ai/.ihub/daksha/install/moveit_collision_management' for CMake config files
[6.996s] Level 1:colcon.colcon_core.shell:create_environment_hook('moveit_collision_management', 'cmake_prefix_path')
[6.997s] INFO:colcon.colcon_core.shell:Creating environment hook '/home/phy_ai/.ihub/daksha/install/moveit_collision_management/share/moveit_collision_management/hook/cmake_prefix_path.ps1'
[6.997s] INFO:colcon.colcon_core.shell:Creating environment descriptor '/home/phy_ai/.ihub/daksha/install/moveit_collision_management/share/moveit_collision_management/hook/cmake_prefix_path.dsv'
[6.997s] INFO:colcon.colcon_core.shell:Creating environment hook '/home/phy_ai/.ihub/daksha/install/moveit_collision_management/share/moveit_collision_management/hook/cmake_prefix_path.sh'
[6.998s] Level 1:colcon.colcon_core.environment:checking '/home/phy_ai/.ihub/daksha/install/moveit_collision_management/lib'
[6.998s] Level 1:colcon.colcon_core.environment:checking '/home/phy_ai/.ihub/daksha/install/moveit_collision_management/bin'
[6.998s] Level 1:colcon.colcon_core.environment:checking '/home/phy_ai/.ihub/daksha/install/moveit_collision_management/lib/pkgconfig/moveit_collision_management.pc'
[6.998s] Level 1:colcon.colcon_core.environment:checking '/home/phy_ai/.ihub/daksha/install/moveit_collision_management/lib/python3.10/site-packages'
[6.998s] Level 1:colcon.colcon_core.environment:checking '/home/phy_ai/.ihub/daksha/install/moveit_collision_management/bin'
[6.998s] INFO:colcon.colcon_core.shell:Creating package script '/home/phy_ai/.ihub/daksha/install/moveit_collision_management/share/moveit_collision_management/package.ps1'
[6.999s] INFO:colcon.colcon_core.shell:Creating package descriptor '/home/phy_ai/.ihub/daksha/install/moveit_collision_management/share/moveit_collision_management/package.dsv'
[6.999s] INFO:colcon.colcon_core.shell:Creating package script '/home/phy_ai/.ihub/daksha/install/moveit_collision_management/share/moveit_collision_management/package.sh'
[7.000s] INFO:colcon.colcon_core.shell:Creating package script '/home/phy_ai/.ihub/daksha/install/moveit_collision_management/share/moveit_collision_management/package.bash'
[7.000s] INFO:colcon.colcon_core.shell:Creating package script '/home/phy_ai/.ihub/daksha/install/moveit_collision_management/share/moveit_collision_management/package.zsh'
[7.000s] Level 1:colcon.colcon_core.environment:create_file_with_runtime_dependencies(/home/phy_ai/.ihub/daksha/install/moveit_collision_management/share/colcon-core/packages/moveit_collision_management)
[7.001s] Level 1:colcon.colcon_core.environment:create_environment_scripts_only(moveit_collision_management)
[7.001s] Level 1:colcon.colcon_core.environment:checking '/home/phy_ai/.ihub/daksha/install/moveit_collision_management' for CMake module files
[7.001s] Level 1:colcon.colcon_core.environment:checking '/home/phy_ai/.ihub/daksha/install/moveit_collision_management' for CMake config files
[7.002s] Level 1:colcon.colcon_core.shell:create_environment_hook('moveit_collision_management', 'cmake_prefix_path')
[7.002s] INFO:colcon.colcon_core.shell:Creating environment hook '/home/phy_ai/.ihub/daksha/install/moveit_collision_management/share/moveit_collision_management/hook/cmake_prefix_path.ps1'
[7.002s] INFO:colcon.colcon_core.shell:Creating environment descriptor '/home/phy_ai/.ihub/daksha/install/moveit_collision_management/share/moveit_collision_management/hook/cmake_prefix_path.dsv'
[7.002s] INFO:colcon.colcon_core.shell:Creating environment hook '/home/phy_ai/.ihub/daksha/install/moveit_collision_management/share/moveit_collision_management/hook/cmake_prefix_path.sh'
[7.003s] Level 1:colcon.colcon_core.environment:checking '/home/phy_ai/.ihub/daksha/install/moveit_collision_management/lib'
[7.003s] Level 1:colcon.colcon_core.environment:checking '/home/phy_ai/.ihub/daksha/install/moveit_collision_management/bin'
[7.003s] Level 1:colcon.colcon_core.environment:checking '/home/phy_ai/.ihub/daksha/install/moveit_collision_management/lib/pkgconfig/moveit_collision_management.pc'
[7.003s] Level 1:colcon.colcon_core.environment:checking '/home/phy_ai/.ihub/daksha/install/moveit_collision_management/lib/python3.10/site-packages'
[7.003s] Level 1:colcon.colcon_core.environment:checking '/home/phy_ai/.ihub/daksha/install/moveit_collision_management/bin'
[7.003s] INFO:colcon.colcon_core.shell:Creating package script '/home/phy_ai/.ihub/daksha/install/moveit_collision_management/share/moveit_collision_management/package.ps1'
[7.004s] INFO:colcon.colcon_core.shell:Creating package descriptor '/home/phy_ai/.ihub/daksha/install/moveit_collision_management/share/moveit_collision_management/package.dsv'
[7.005s] INFO:colcon.colcon_core.shell:Creating package script '/home/phy_ai/.ihub/daksha/install/moveit_collision_management/share/moveit_collision_management/package.sh'
[7.005s] INFO:colcon.colcon_core.shell:Creating package script '/home/phy_ai/.ihub/daksha/install/moveit_collision_management/share/moveit_collision_management/package.bash'
[7.005s] INFO:colcon.colcon_core.shell:Creating package script '/home/phy_ai/.ihub/daksha/install/moveit_collision_management/share/moveit_collision_management/package.zsh'
[7.006s] Level 1:colcon.colcon_core.environment:create_file_with_runtime_dependencies(/home/phy_ai/.ihub/daksha/install/moveit_collision_management/share/colcon-core/packages/moveit_collision_management)
[7.007s] Level 1:colcon.colcon_core.environment:checking '/home/phy_ai/.ihub/daksha/install/vr_teleop' for CMake module files
[7.007s] DEBUG:colcon.colcon_core.event_handler.log_command:Invoked command in '/home/phy_ai/.ihub/daksha/src/tele/vr_teleop' returned '0': AMENT_PREFIX_PATH=/home/phy_ai/.ihub/daksha/install/kinematics:/home/phy_ai/.ihub/daksha/install/motor_configure:/home/phy_ai/.ihub/daksha/install/world_camera_launch:/home/phy_ai/.ihub/daksha/install/web_nav_site:/home/phy_ai/.ihub/daksha/install/motortest:/home/phy_ai/.ihub/daksha/install/gen2:/home/phy_ai/.ihub/daksha/install/vr_teleop:/home/phy_ai/.ihub/daksha/install/vajara:/home/phy_ai/.ihub/daksha/install/ros_tcp_endpoint:/home/phy_ai/.ihub/daksha/install/posveleff_controllers:/home/phy_ai/.ihub/daksha/install/moveit_collision_management:/home/phy_ai/.ihub/daksha/install/collision_management:/home/phy_ai/.ihub/daksha/install/joint_cmd_logger:/home/phy_ai/.ihub/daksha/install/joint_analyzer:/home/phy_ai/.ihub/daksha/install/daksha_data_collection:/home/phy_ai/.ihub/daksha/install/hw_interface:/home/phy_ai/.ihub/daksha/install/gesture_management:/home/phy_ai/.ihub/daksha/install/gen2_leader:/home/phy_ai/.ihub/daksha/install/dynamics:/home/phy_ai/.ihub/daksha/install/daksha_ui:/home/phy_ai/.ihub/daksha/install/daksha_msgs:/home/phy_ai/.ihub/daksha/install/daksha_final_urdf_description:/home/phy_ai/.ihub/daksha/install/daksha_description_full_body:/home/phy_ai/.ihub/daksha/install/daksha_api_bridge_leader:/home/phy_ai/.ihub/daksha/install/daksha_api_bridge_follower:/home/phy_ai/.ihub/daksha/install/automation:/home/phy_ai/.barani/gen2_full/install/world_camera_launch:/home/phy_ai/.barani/gen2_full/install/web_nav_site:/home/phy_ai/.barani/gen2_full/install/gen2:/home/phy_ai/.barani/gen2_full/install/vr_teleop:/home/phy_ai/.barani/gen2_full/install/trajectory_planning:/home/phy_ai/.barani/gen2_full/install/sllidar_ros2:/home/phy_ai/.barani/gen2_full/install/ros_tcp_endpoint:/home/phy_ai/.barani/gen2_full/install/posveleff_controllers:/home/phy_ai/.barani/gen2_full/install/nav_bringup:/home/phy_ai/.barani/gen2_full/install/nav2_config:/home/phy_ai/.barani/gen2_full/install/moveit_collision_management:/home/phy_ai/.barani/gen2_full/install/collision_management:/home/phy_ai/.barani/gen2_full/install/kinematics:/home/phy_ai/.barani/gen2_full/install/joint_cmd_logger:/home/phy_ai/.barani/gen2_full/install/joint_analyzer:/home/phy_ai/.barani/gen2_full/install/daksha_data_collection:/home/phy_ai/.barani/gen2_full/install/hw_interface:/home/phy_ai/.barani/gen2_full/install/gesture_management:/home/phy_ai/.barani/gen2_full/install/gen2_leader:/home/phy_ai/.barani/gen2_full/install/dynamics:/home/phy_ai/.barani/gen2_full/install/amr_bringup:/home/phy_ai/.barani/gen2_full/install/drax_hardware:/home/phy_ai/.barani/gen2_full/install/daksha_ui:/home/phy_ai/.barani/gen2_full/install/daksha_msgs:/home/phy_ai/.barani/gen2_full/install/daksha_final_urdf_description:/home/phy_ai/.barani/gen2_full/install/daksha_description_full_body:/home/phy_ai/.barani/gen2_full/install/daksha_base_urdf:/home/phy_ai/.barani/gen2_full/install/daksha_api_bridge_leader:/home/phy_ai/.barani/gen2_full/install/daksha_api_bridge_follower:/home/phy_ai/.barani/gen2_full/install/automation:/opt/ros/humble PYTHONPATH=/home/phy_ai/.ihub/daksha/build/vr_teleop/prefix_override:/usr/lib/python3/dist-packages/colcon_core/task/python/colcon_distutils_commands:/home/phy_ai/.ihub/daksha/install/vr_teleop/lib/python3.10/site-packages:/home/phy_ai/.ihub/daksha/install/kinematics/lib/python3.10/site-packages:/home/phy_ai/.ihub/daksha/build/motor_configure:/home/phy_ai/.ihub/daksha/install/motor_configure/lib/python3.10/site-packages:/home/phy_ai/.ihub/daksha/install/world_camera_launch/lib/python3.10/site-packages:/home/phy_ai/.ihub/daksha/install/motortest/lib/python3.10/site-packages:/home/phy_ai/.ihub/daksha/install/gen2/lib/python3.10/site-packages:/home/phy_ai/.ihub/daksha/install/vr_teleop/lib/python3.10/site-packages:/home/phy_ai/.ihub/daksha/install/vajara/lib/python3.10/site-packages:/home/phy_ai/.ihub/daksha/install/ros_tcp_endpoint/lib/python3.10/site-packages:/home/phy_ai/.ihub/daksha/install/collision_management/local/lib/python3.10/dist-packages:/home/phy_ai/.ihub/daksha/install/joint_cmd_logger/lib/python3.10/site-packages:/home/phy_ai/.ihub/daksha/install/joint_analyzer/lib/python3.10/site-packages:/home/phy_ai/.ihub/daksha/install/daksha_data_collection/lib/python3.10/site-packages:/home/phy_ai/.ihub/daksha/install/hw_interface/local/lib/python3.10/dist-packages:/home/phy_ai/.ihub/daksha/install/gesture_management/local/lib/python3.10/dist-packages:/home/phy_ai/.ihub/daksha/install/gen2_leader/lib/python3.10/site-packages:/home/phy_ai/.ihub/daksha/install/daksha_msgs/local/lib/python3.10/dist-packages:/home/phy_ai/.ihub/daksha/install/daksha_final_urdf_description/lib/python3.10/site-packages:/home/phy_ai/.ihub/daksha/install/daksha_description_full_body/lib/python3.10/site-packages:/home/phy_ai/.ihub/daksha/install/daksha_api_bridge_leader/lib/python3.10/site-packages:/home/phy_ai/.ihub/daksha/install/daksha_api_bridge_follower/lib/python3.10/site-packages:/home/phy_ai/.barani/gen2_full/install/world_camera_launch/lib/python3.10/site-packages:/home/phy_ai/.barani/gen2_full/install/gen2/lib/python3.10/site-packages:/home/phy_ai/.barani/gen2_full/install/vr_teleop/lib/python3.10/site-packages:/home/phy_ai/.barani/gen2_full/install/trajectory_planning/local/lib/python3.10/dist-packages:/home/phy_ai/.barani/gen2_full/install/ros_tcp_endpoint/lib/python3.10/site-packages:/home/phy_ai/.barani/gen2_full/install/nav_bringup/lib/python3.10/site-packages:/home/phy_ai/.barani/gen2_full/install/nav2_config/lib/python3.10/site-packages:/home/phy_ai/.barani/gen2_full/install/collision_management/local/lib/python3.10/dist-packages:/home/phy_ai/.barani/gen2_full/install/kinematics/lib/python3.10/site-packages:/home/phy_ai/.barani/gen2_full/install/joint_cmd_logger/lib/python3.10/site-packages:/home/phy_ai/.barani/gen2_full/install/joint_analyzer/lib/python3.10/site-packages:/home/phy_ai/.barani/gen2_full/install/daksha_data_collection/lib/python3.10/site-packages:/home/phy_ai/.barani/gen2_full/install/hw_interface/local/lib/python3.10/dist-packages:/home/phy_ai/.barani/gen2_full/install/gesture_management/local/lib/python3.10/dist-packages:/home/phy_ai/.barani/gen2_full/install/gen2_leader/lib/python3.10/site-packages:/home/phy_ai/.barani/gen2_full/install/amr_bringup/lib/python3.10/site-packages:/home/phy_ai/.barani/gen2_full/install/daksha_msgs/local/lib/python3.10/dist-packages:/home/phy_ai/.barani/gen2_full/install/daksha_final_urdf_description/lib/python3.10/site-packages:/home/phy_ai/.barani/gen2_full/install/daksha_description_full_body/lib/python3.10/site-packages:/home/phy_ai/.barani/gen2_full/install/daksha_base_urdf/lib/python3.10/site-packages:/home/phy_ai/.barani/gen2_full/install/daksha_api_bridge_leader/lib/python3.10/site-packages:/home/phy_ai/.barani/gen2_full/install/daksha_api_bridge_follower/lib/python3.10/site-packages:/opt/ros/humble/lib/python3.10/site-packages:/opt/ros/humble/local/lib/python3.10/dist-packages /usr/bin/python3 -W ignore:setup.py install is deprecated -W ignore:easy_install command is deprecated setup.py egg_info --egg-base ../../../build/vr_teleop build --build-base /home/phy_ai/.ihub/daksha/build/vr_teleop/build install --record /home/phy_ai/.ihub/daksha/build/vr_teleop/install.log --install-scripts $base/lib/vr_teleop --single-version-externally-managed install_data
[7.008s] Level 1:colcon.colcon_core.environment:checking '/home/phy_ai/.ihub/daksha/install/vr_teleop' for CMake config files
[7.008s] Level 1:colcon.colcon_core.environment:checking '/home/phy_ai/.ihub/daksha/install/vr_teleop/lib'
[7.008s] Level 1:colcon.colcon_core.environment:checking '/home/phy_ai/.ihub/daksha/install/vr_teleop/bin'
[7.008s] Level 1:colcon.colcon_core.environment:checking '/home/phy_ai/.ihub/daksha/install/vr_teleop/lib/pkgconfig/vr_teleop.pc'
[7.008s] Level 1:colcon.colcon_core.environment:checking '/home/phy_ai/.ihub/daksha/install/vr_teleop/lib/python3.10/site-packages'
[7.008s] Level 1:colcon.colcon_core.shell:create_environment_hook('vr_teleop', 'pythonpath')
[7.009s] INFO:colcon.colcon_core.shell:Creating environment hook '/home/phy_ai/.ihub/daksha/install/vr_teleop/share/vr_teleop/hook/pythonpath.ps1'
[7.009s] INFO:colcon.colcon_core.shell:Creating environment descriptor '/home/phy_ai/.ihub/daksha/install/vr_teleop/share/vr_teleop/hook/pythonpath.dsv'
[7.009s] INFO:colcon.colcon_core.shell:Creating environment hook '/home/phy_ai/.ihub/daksha/install/vr_teleop/share/vr_teleop/hook/pythonpath.sh'
[7.010s] Level 1:colcon.colcon_core.environment:checking '/home/phy_ai/.ihub/daksha/install/vr_teleop/bin'
[7.010s] Level 1:colcon.colcon_core.environment:create_environment_scripts_only(vr_teleop)
[7.011s] INFO:colcon.colcon_core.shell:Creating package script '/home/phy_ai/.ihub/daksha/install/vr_teleop/share/vr_teleop/package.ps1'
[7.012s] INFO:colcon.colcon_core.shell:Creating package descriptor '/home/phy_ai/.ihub/daksha/install/vr_teleop/share/vr_teleop/package.dsv'
[7.012s] INFO:colcon.colcon_core.shell:Creating package script '/home/phy_ai/.ihub/daksha/install/vr_teleop/share/vr_teleop/package.sh'
[7.013s] INFO:colcon.colcon_core.shell:Creating package script '/home/phy_ai/.ihub/daksha/install/vr_teleop/share/vr_teleop/package.bash'
[7.014s] INFO:colcon.colcon_core.shell:Creating package script '/home/phy_ai/.ihub/daksha/install/vr_teleop/share/vr_teleop/package.zsh'
[7.014s] Level 1:colcon.colcon_core.environment:create_file_with_runtime_dependencies(/home/phy_ai/.ihub/daksha/install/vr_teleop/share/colcon-core/packages/vr_teleop)
[7.015s] INFO:colcon.colcon_ros.task.ament_python.build:Building ROS package in '/home/phy_ai/.ihub/daksha/src/gen2' with build type 'ament_python'
[7.015s] Level 1:colcon.colcon_core.shell:create_environment_hook('gen2', 'ament_prefix_path')
[7.015s] INFO:colcon.colcon_core.shell:Creating environment hook '/home/phy_ai/.ihub/daksha/install/gen2/share/gen2/hook/ament_prefix_path.ps1'
[7.016s] INFO:colcon.colcon_core.shell:Creating environment descriptor '/home/phy_ai/.ihub/daksha/install/gen2/share/gen2/hook/ament_prefix_path.dsv'
[7.017s] INFO:colcon.colcon_core.shell:Creating environment hook '/home/phy_ai/.ihub/daksha/install/gen2/share/gen2/hook/ament_prefix_path.sh'
[7.017s] INFO:colcon.colcon_core.shell:Skip shell extension 'powershell' for command environment: Not usable outside of PowerShell
[7.017s] DEBUG:colcon.colcon_core.shell:Skip shell extension 'dsv' for command environment
[7.347s] INFO:colcon.colcon_core.task.python.build:Building Python package in '/home/phy_ai/.ihub/daksha/src/gen2'
[7.347s] INFO:colcon.colcon_core.shell:Skip shell extension 'powershell' for command environment: Not usable outside of PowerShell
[7.347s] DEBUG:colcon.colcon_core.shell:Skip shell extension 'dsv' for command environment
[7.756s] DEBUG:colcon.colcon_core.task.python.build:Available setuptools commands: bdist_rpm, symlink_data, install_data, test, build_ext, upload_docs, update_catalog, register, install_headers, install_scripts, init_catalog, build, upload, develop, rotate, install_egg_info, compile_catalog, install, easy_install, egg_info, build_scripts, dist_info, install_lib, bdist_egg, alias, extract_messages, sdist, setopt, bdist_wheel, build_clib, bdist, saveopts, bdist_dumb, clean, build_py, check
[7.761s] DEBUG:colcon.colcon_core.event_handler.log_command:Invoking command in '/home/phy_ai/.ihub/daksha/src/gen2': AMENT_PREFIX_PATH=/home/phy_ai/.ihub/daksha/install/vr_teleop:/home/phy_ai/.ihub/daksha/install/kinematics:/home/phy_ai/.ihub/daksha/install/motor_configure:/home/phy_ai/.ihub/daksha/install/world_camera_launch:/home/phy_ai/.ihub/daksha/install/web_nav_site:/home/phy_ai/.ihub/daksha/install/motortest:/home/phy_ai/.ihub/daksha/install/gen2:/home/phy_ai/.ihub/daksha/install/vajara:/home/phy_ai/.ihub/daksha/install/ros_tcp_endpoint:/home/phy_ai/.ihub/daksha/install/posveleff_controllers:/home/phy_ai/.ihub/daksha/install/moveit_collision_management:/home/phy_ai/.ihub/daksha/install/collision_management:/home/phy_ai/.ihub/daksha/install/joint_cmd_logger:/home/phy_ai/.ihub/daksha/install/joint_analyzer:/home/phy_ai/.ihub/daksha/install/daksha_data_collection:/home/phy_ai/.ihub/daksha/install/hw_interface:/home/phy_ai/.ihub/daksha/install/gesture_management:/home/phy_ai/.ihub/daksha/install/gen2_leader:/home/phy_ai/.ihub/daksha/install/dynamics:/home/phy_ai/.ihub/daksha/install/daksha_ui:/home/phy_ai/.ihub/daksha/install/daksha_msgs:/home/phy_ai/.ihub/daksha/install/daksha_final_urdf_description:/home/phy_ai/.ihub/daksha/install/daksha_description_full_body:/home/phy_ai/.ihub/daksha/install/daksha_api_bridge_leader:/home/phy_ai/.ihub/daksha/install/daksha_api_bridge_follower:/home/phy_ai/.ihub/daksha/install/automation:/home/phy_ai/.barani/gen2_full/install/world_camera_launch:/home/phy_ai/.barani/gen2_full/install/web_nav_site:/home/phy_ai/.barani/gen2_full/install/gen2:/home/phy_ai/.barani/gen2_full/install/vr_teleop:/home/phy_ai/.barani/gen2_full/install/trajectory_planning:/home/phy_ai/.barani/gen2_full/install/sllidar_ros2:/home/phy_ai/.barani/gen2_full/install/ros_tcp_endpoint:/home/phy_ai/.barani/gen2_full/install/posveleff_controllers:/home/phy_ai/.barani/gen2_full/install/nav_bringup:/home/phy_ai/.barani/gen2_full/install/nav2_config:/home/phy_ai/.barani/gen2_full/install/moveit_collision_management:/home/phy_ai/.barani/gen2_full/install/collision_management:/home/phy_ai/.barani/gen2_full/install/kinematics:/home/phy_ai/.barani/gen2_full/install/joint_cmd_logger:/home/phy_ai/.barani/gen2_full/install/joint_analyzer:/home/phy_ai/.barani/gen2_full/install/daksha_data_collection:/home/phy_ai/.barani/gen2_full/install/hw_interface:/home/phy_ai/.barani/gen2_full/install/gesture_management:/home/phy_ai/.barani/gen2_full/install/gen2_leader:/home/phy_ai/.barani/gen2_full/install/dynamics:/home/phy_ai/.barani/gen2_full/install/amr_bringup:/home/phy_ai/.barani/gen2_full/install/drax_hardware:/home/phy_ai/.barani/gen2_full/install/daksha_ui:/home/phy_ai/.barani/gen2_full/install/daksha_msgs:/home/phy_ai/.barani/gen2_full/install/daksha_final_urdf_description:/home/phy_ai/.barani/gen2_full/install/daksha_description_full_body:/home/phy_ai/.barani/gen2_full/install/daksha_base_urdf:/home/phy_ai/.barani/gen2_full/install/daksha_api_bridge_leader:/home/phy_ai/.barani/gen2_full/install/daksha_api_bridge_follower:/home/phy_ai/.barani/gen2_full/install/automation:/opt/ros/humble CMAKE_PREFIX_PATH=/home/phy_ai/.ihub/daksha/install/hw_interface:/home/phy_ai/.ihub/daksha/install/web_nav_site:/home/phy_ai/.ihub/daksha/install/posveleff_controllers:/home/phy_ai/.ihub/daksha/install/moveit_collision_management:/home/phy_ai/.ihub/daksha/install/collision_management:/home/phy_ai/.ihub/daksha/install/gesture_management:/home/phy_ai/.ihub/daksha/install/dynamics:/home/phy_ai/.ihub/daksha/install/daksha_ui:/home/phy_ai/.ihub/daksha/install/daksha_msgs:/home/phy_ai/.ihub/daksha/install/automation:/home/phy_ai/.barani/gen2_full/install/web_nav_site:/home/phy_ai/.barani/gen2_full/install/trajectory_planning:/home/phy_ai/.barani/gen2_full/install/sllidar_ros2:/home/phy_ai/.barani/gen2_full/install/posveleff_controllers:/home/phy_ai/.barani/gen2_full/install/moveit_collision_management:/home/phy_ai/.barani/gen2_full/install/collision_management:/home/phy_ai/.barani/gen2_full/install/hw_interface:/home/phy_ai/.barani/gen2_full/install/gesture_management:/home/phy_ai/.barani/gen2_full/install/dynamics:/home/phy_ai/.barani/gen2_full/install/drax_hardware:/home/phy_ai/.barani/gen2_full/install/daksha_ui:/home/phy_ai/.barani/gen2_full/install/daksha_msgs:/home/phy_ai/.barani/gen2_full/install/automation LD_LIBRARY_PATH=/home/phy_ai/.ihub/daksha/install/hw_interface/lib:/home/phy_ai/.ihub/daksha/install/posveleff_controllers/lib:/home/phy_ai/.ihub/daksha/install/collision_management/lib:/home/phy_ai/.ihub/daksha/install/gesture_management/lib:/home/phy_ai/.ihub/daksha/install/daksha_msgs/lib:/home/phy_ai/.barani/gen2_full/install/trajectory_planning/lib:/home/phy_ai/.barani/gen2_full/install/posveleff_controllers/lib:/home/phy_ai/.barani/gen2_full/install/collision_management/lib:/home/phy_ai/.barani/gen2_full/install/hw_interface/lib:/home/phy_ai/.barani/gen2_full/install/gesture_management/lib:/home/phy_ai/.barani/gen2_full/install/drax_hardware/lib:/home/phy_ai/.barani/gen2_full/install/daksha_msgs/lib:/opt/ros/humble/opt/rviz_ogre_vendor/lib:/opt/ros/humble/lib/x86_64-linux-gnu:/opt/ros/humble/lib PYTHONPATH=/home/phy_ai/.ihub/daksha/build/gen2/prefix_override:/usr/lib/python3/dist-packages/colcon_core/task/python/colcon_distutils_commands:/home/phy_ai/.ihub/daksha/install/gen2/lib/python3.10/site-packages:/home/phy_ai/.ihub/daksha/install/vr_teleop/lib/python3.10/site-packages:/home/phy_ai/.ihub/daksha/install/kinematics/lib/python3.10/site-packages:/home/phy_ai/.ihub/daksha/build/motor_configure:/home/phy_ai/.ihub/daksha/install/motor_configure/lib/python3.10/site-packages:/home/phy_ai/.ihub/daksha/install/world_camera_launch/lib/python3.10/site-packages:/home/phy_ai/.ihub/daksha/install/motortest/lib/python3.10/site-packages:/home/phy_ai/.ihub/daksha/install/gen2/lib/python3.10/site-packages:/home/phy_ai/.ihub/daksha/install/vajara/lib/python3.10/site-packages:/home/phy_ai/.ihub/daksha/install/ros_tcp_endpoint/lib/python3.10/site-packages:/home/phy_ai/.ihub/daksha/install/collision_management/local/lib/python3.10/dist-packages:/home/phy_ai/.ihub/daksha/install/joint_cmd_logger/lib/python3.10/site-packages:/home/phy_ai/.ihub/daksha/install/joint_analyzer/lib/python3.10/site-packages:/home/phy_ai/.ihub/daksha/install/daksha_data_collection/lib/python3.10/site-packages:/home/phy_ai/.ihub/daksha/install/hw_interface/local/lib/python3.10/dist-packages:/home/phy_ai/.ihub/daksha/install/gesture_management/local/lib/python3.10/dist-packages:/home/phy_ai/.ihub/daksha/install/gen2_leader/lib/python3.10/site-packages:/home/phy_ai/.ihub/daksha/install/daksha_msgs/local/lib/python3.10/dist-packages:/home/phy_ai/.ihub/daksha/install/daksha_final_urdf_description/lib/python3.10/site-packages:/home/phy_ai/.ihub/daksha/install/daksha_description_full_body/lib/python3.10/site-packages:/home/phy_ai/.ihub/daksha/install/daksha_api_bridge_leader/lib/python3.10/site-packages:/home/phy_ai/.ihub/daksha/install/daksha_api_bridge_follower/lib/python3.10/site-packages:/home/phy_ai/.barani/gen2_full/install/world_camera_launch/lib/python3.10/site-packages:/home/phy_ai/.barani/gen2_full/install/gen2/lib/python3.10/site-packages:/home/phy_ai/.barani/gen2_full/install/vr_teleop/lib/python3.10/site-packages:/home/phy_ai/.barani/gen2_full/install/trajectory_planning/local/lib/python3.10/dist-packages:/home/phy_ai/.barani/gen2_full/install/ros_tcp_endpoint/lib/python3.10/site-packages:/home/phy_ai/.barani/gen2_full/install/nav_bringup/lib/python3.10/site-packages:/home/phy_ai/.barani/gen2_full/install/nav2_config/lib/python3.10/site-packages:/home/phy_ai/.barani/gen2_full/install/collision_management/local/lib/python3.10/dist-packages:/home/phy_ai/.barani/gen2_full/install/kinematics/lib/python3.10/site-packages:/home/phy_ai/.barani/gen2_full/install/joint_cmd_logger/lib/python3.10/site-packages:/home/phy_ai/.barani/gen2_full/install/joint_analyzer/lib/python3.10/site-packages:/home/phy_ai/.barani/gen2_full/install/daksha_data_collection/lib/python3.10/site-packages:/home/phy_ai/.barani/gen2_full/install/hw_interface/local/lib/python3.10/dist-packages:/home/phy_ai/.barani/gen2_full/install/gesture_management/local/lib/python3.10/dist-packages:/home/phy_ai/.barani/gen2_full/install/gen2_leader/lib/python3.10/site-packages:/home/phy_ai/.barani/gen2_full/install/amr_bringup/lib/python3.10/site-packages:/home/phy_ai/.barani/gen2_full/install/daksha_msgs/local/lib/python3.10/dist-packages:/home/phy_ai/.barani/gen2_full/install/daksha_final_urdf_description/lib/python3.10/site-packages:/home/phy_ai/.barani/gen2_full/install/daksha_description_full_body/lib/python3.10/site-packages:/home/phy_ai/.barani/gen2_full/install/daksha_base_urdf/lib/python3.10/site-packages:/home/phy_ai/.barani/gen2_full/install/daksha_api_bridge_leader/lib/python3.10/site-packages:/home/phy_ai/.barani/gen2_full/install/daksha_api_bridge_follower/lib/python3.10/site-packages:/opt/ros/humble/lib/python3.10/site-packages:/opt/ros/humble/local/lib/python3.10/dist-packages /usr/bin/python3 -W ignore:setup.py install is deprecated -W ignore:easy_install command is deprecated setup.py egg_info --egg-base ../../build/gen2 build --build-base /home/phy_ai/.ihub/daksha/build/gen2/build install --record /home/phy_ai/.ihub/daksha/build/gen2/install.log --install-scripts $base/lib/gen2 --single-version-externally-managed install_data
[8.089s] Level 1:colcon.colcon_core.environment:checking '/home/phy_ai/.ihub/daksha/install/gen2' for CMake module files
[8.091s] DEBUG:colcon.colcon_core.event_handler.log_command:Invoked command in '/home/phy_ai/.ihub/daksha/src/gen2' returned '0': AMENT_PREFIX_PATH=/home/phy_ai/.ihub/daksha/install/vr_teleop:/home/phy_ai/.ihub/daksha/install/kinematics:/home/phy_ai/.ihub/daksha/install/motor_configure:/home/phy_ai/.ihub/daksha/install/world_camera_launch:/home/phy_ai/.ihub/daksha/install/web_nav_site:/home/phy_ai/.ihub/daksha/install/motortest:/home/phy_ai/.ihub/daksha/install/gen2:/home/phy_ai/.ihub/daksha/install/vajara:/home/phy_ai/.ihub/daksha/install/ros_tcp_endpoint:/home/phy_ai/.ihub/daksha/install/posveleff_controllers:/home/phy_ai/.ihub/daksha/install/moveit_collision_management:/home/phy_ai/.ihub/daksha/install/collision_management:/home/phy_ai/.ihub/daksha/install/joint_cmd_logger:/home/phy_ai/.ihub/daksha/install/joint_analyzer:/home/phy_ai/.ihub/daksha/install/daksha_data_collection:/home/phy_ai/.ihub/daksha/install/hw_interface:/home/phy_ai/.ihub/daksha/install/gesture_management:/home/phy_ai/.ihub/daksha/install/gen2_leader:/home/phy_ai/.ihub/daksha/install/dynamics:/home/phy_ai/.ihub/daksha/install/daksha_ui:/home/phy_ai/.ihub/daksha/install/daksha_msgs:/home/phy_ai/.ihub/daksha/install/daksha_final_urdf_description:/home/phy_ai/.ihub/daksha/install/daksha_description_full_body:/home/phy_ai/.ihub/daksha/install/daksha_api_bridge_leader:/home/phy_ai/.ihub/daksha/install/daksha_api_bridge_follower:/home/phy_ai/.ihub/daksha/install/automation:/home/phy_ai/.barani/gen2_full/install/world_camera_launch:/home/phy_ai/.barani/gen2_full/install/web_nav_site:/home/phy_ai/.barani/gen2_full/install/gen2:/home/phy_ai/.barani/gen2_full/install/vr_teleop:/home/phy_ai/.barani/gen2_full/install/trajectory_planning:/home/phy_ai/.barani/gen2_full/install/sllidar_ros2:/home/phy_ai/.barani/gen2_full/install/ros_tcp_endpoint:/home/phy_ai/.barani/gen2_full/install/posveleff_controllers:/home/phy_ai/.barani/gen2_full/install/nav_bringup:/home/phy_ai/.barani/gen2_full/install/nav2_config:/home/phy_ai/.barani/gen2_full/install/moveit_collision_management:/home/phy_ai/.barani/gen2_full/install/collision_management:/home/phy_ai/.barani/gen2_full/install/kinematics:/home/phy_ai/.barani/gen2_full/install/joint_cmd_logger:/home/phy_ai/.barani/gen2_full/install/joint_analyzer:/home/phy_ai/.barani/gen2_full/install/daksha_data_collection:/home/phy_ai/.barani/gen2_full/install/hw_interface:/home/phy_ai/.barani/gen2_full/install/gesture_management:/home/phy_ai/.barani/gen2_full/install/gen2_leader:/home/phy_ai/.barani/gen2_full/install/dynamics:/home/phy_ai/.barani/gen2_full/install/amr_bringup:/home/phy_ai/.barani/gen2_full/install/drax_hardware:/home/phy_ai/.barani/gen2_full/install/daksha_ui:/home/phy_ai/.barani/gen2_full/install/daksha_msgs:/home/phy_ai/.barani/gen2_full/install/daksha_final_urdf_description:/home/phy_ai/.barani/gen2_full/install/daksha_description_full_body:/home/phy_ai/.barani/gen2_full/install/daksha_base_urdf:/home/phy_ai/.barani/gen2_full/install/daksha_api_bridge_leader:/home/phy_ai/.barani/gen2_full/install/daksha_api_bridge_follower:/home/phy_ai/.barani/gen2_full/install/automation:/opt/ros/humble CMAKE_PREFIX_PATH=/home/phy_ai/.ihub/daksha/install/hw_interface:/home/phy_ai/.ihub/daksha/install/web_nav_site:/home/phy_ai/.ihub/daksha/install/posveleff_controllers:/home/phy_ai/.ihub/daksha/install/moveit_collision_management:/home/phy_ai/.ihub/daksha/install/collision_management:/home/phy_ai/.ihub/daksha/install/gesture_management:/home/phy_ai/.ihub/daksha/install/dynamics:/home/phy_ai/.ihub/daksha/install/daksha_ui:/home/phy_ai/.ihub/daksha/install/daksha_msgs:/home/phy_ai/.ihub/daksha/install/automation:/home/phy_ai/.barani/gen2_full/install/web_nav_site:/home/phy_ai/.barani/gen2_full/install/trajectory_planning:/home/phy_ai/.barani/gen2_full/install/sllidar_ros2:/home/phy_ai/.barani/gen2_full/install/posveleff_controllers:/home/phy_ai/.barani/gen2_full/install/moveit_collision_management:/home/phy_ai/.barani/gen2_full/install/collision_management:/home/phy_ai/.barani/gen2_full/install/hw_interface:/home/phy_ai/.barani/gen2_full/install/gesture_management:/home/phy_ai/.barani/gen2_full/install/dynamics:/home/phy_ai/.barani/gen2_full/install/drax_hardware:/home/phy_ai/.barani/gen2_full/install/daksha_ui:/home/phy_ai/.barani/gen2_full/install/daksha_msgs:/home/phy_ai/.barani/gen2_full/install/automation LD_LIBRARY_PATH=/home/phy_ai/.ihub/daksha/install/hw_interface/lib:/home/phy_ai/.ihub/daksha/install/posveleff_controllers/lib:/home/phy_ai/.ihub/daksha/install/collision_management/lib:/home/phy_ai/.ihub/daksha/install/gesture_management/lib:/home/phy_ai/.ihub/daksha/install/daksha_msgs/lib:/home/phy_ai/.barani/gen2_full/install/trajectory_planning/lib:/home/phy_ai/.barani/gen2_full/install/posveleff_controllers/lib:/home/phy_ai/.barani/gen2_full/install/collision_management/lib:/home/phy_ai/.barani/gen2_full/install/hw_interface/lib:/home/phy_ai/.barani/gen2_full/install/gesture_management/lib:/home/phy_ai/.barani/gen2_full/install/drax_hardware/lib:/home/phy_ai/.barani/gen2_full/install/daksha_msgs/lib:/opt/ros/humble/opt/rviz_ogre_vendor/lib:/opt/ros/humble/lib/x86_64-linux-gnu:/opt/ros/humble/lib PYTHONPATH=/home/phy_ai/.ihub/daksha/build/gen2/prefix_override:/usr/lib/python3/dist-packages/colcon_core/task/python/colcon_distutils_commands:/home/phy_ai/.ihub/daksha/install/gen2/lib/python3.10/site-packages:/home/phy_ai/.ihub/daksha/install/vr_teleop/lib/python3.10/site-packages:/home/phy_ai/.ihub/daksha/install/kinematics/lib/python3.10/site-packages:/home/phy_ai/.ihub/daksha/build/motor_configure:/home/phy_ai/.ihub/daksha/install/motor_configure/lib/python3.10/site-packages:/home/phy_ai/.ihub/daksha/install/world_camera_launch/lib/python3.10/site-packages:/home/phy_ai/.ihub/daksha/install/motortest/lib/python3.10/site-packages:/home/phy_ai/.ihub/daksha/install/gen2/lib/python3.10/site-packages:/home/phy_ai/.ihub/daksha/install/vajara/lib/python3.10/site-packages:/home/phy_ai/.ihub/daksha/install/ros_tcp_endpoint/lib/python3.10/site-packages:/home/phy_ai/.ihub/daksha/install/collision_management/local/lib/python3.10/dist-packages:/home/phy_ai/.ihub/daksha/install/joint_cmd_logger/lib/python3.10/site-packages:/home/phy_ai/.ihub/daksha/install/joint_analyzer/lib/python3.10/site-packages:/home/phy_ai/.ihub/daksha/install/daksha_data_collection/lib/python3.10/site-packages:/home/phy_ai/.ihub/daksha/install/hw_interface/local/lib/python3.10/dist-packages:/home/phy_ai/.ihub/daksha/install/gesture_management/local/lib/python3.10/dist-packages:/home/phy_ai/.ihub/daksha/install/gen2_leader/lib/python3.10/site-packages:/home/phy_ai/.ihub/daksha/install/daksha_msgs/local/lib/python3.10/dist-packages:/home/phy_ai/.ihub/daksha/install/daksha_final_urdf_description/lib/python3.10/site-packages:/home/phy_ai/.ihub/daksha/install/daksha_description_full_body/lib/python3.10/site-packages:/home/phy_ai/.ihub/daksha/install/daksha_api_bridge_leader/lib/python3.10/site-packages:/home/phy_ai/.ihub/daksha/install/daksha_api_bridge_follower/lib/python3.10/site-packages:/home/phy_ai/.barani/gen2_full/install/world_camera_launch/lib/python3.10/site-packages:/home/phy_ai/.barani/gen2_full/install/gen2/lib/python3.10/site-packages:/home/phy_ai/.barani/gen2_full/install/vr_teleop/lib/python3.10/site-packages:/home/phy_ai/.barani/gen2_full/install/trajectory_planning/local/lib/python3.10/dist-packages:/home/phy_ai/.barani/gen2_full/install/ros_tcp_endpoint/lib/python3.10/site-packages:/home/phy_ai/.barani/gen2_full/install/nav_bringup/lib/python3.10/site-packages:/home/phy_ai/.barani/gen2_full/install/nav2_config/lib/python3.10/site-packages:/home/phy_ai/.barani/gen2_full/install/collision_management/local/lib/python3.10/dist-packages:/home/phy_ai/.barani/gen2_full/install/kinematics/lib/python3.10/site-packages:/home/phy_ai/.barani/gen2_full/install/joint_cmd_logger/lib/python3.10/site-packages:/home/phy_ai/.barani/gen2_full/install/joint_analyzer/lib/python3.10/site-packages:/home/phy_ai/.barani/gen2_full/install/daksha_data_collection/lib/python3.10/site-packages:/home/phy_ai/.barani/gen2_full/install/hw_interface/local/lib/python3.10/dist-packages:/home/phy_ai/.barani/gen2_full/install/gesture_management/local/lib/python3.10/dist-packages:/home/phy_ai/.barani/gen2_full/install/gen2_leader/lib/python3.10/site-packages:/home/phy_ai/.barani/gen2_full/install/amr_bringup/lib/python3.10/site-packages:/home/phy_ai/.barani/gen2_full/install/daksha_msgs/local/lib/python3.10/dist-packages:/home/phy_ai/.barani/gen2_full/install/daksha_final_urdf_description/lib/python3.10/site-packages:/home/phy_ai/.barani/gen2_full/install/daksha_description_full_body/lib/python3.10/site-packages:/home/phy_ai/.barani/gen2_full/install/daksha_base_urdf/lib/python3.10/site-packages:/home/phy_ai/.barani/gen2_full/install/daksha_api_bridge_leader/lib/python3.10/site-packages:/home/phy_ai/.barani/gen2_full/install/daksha_api_bridge_follower/lib/python3.10/site-packages:/opt/ros/humble/lib/python3.10/site-packages:/opt/ros/humble/local/lib/python3.10/dist-packages /usr/bin/python3 -W ignore:setup.py install is deprecated -W ignore:easy_install command is deprecated setup.py egg_info --egg-base ../../build/gen2 build --build-base /home/phy_ai/.ihub/daksha/build/gen2/build install --record /home/phy_ai/.ihub/daksha/build/gen2/install.log --install-scripts $base/lib/gen2 --single-version-externally-managed install_data
[8.091s] Level 1:colcon.colcon_core.environment:checking '/home/phy_ai/.ihub/daksha/install/gen2' for CMake config files
[8.093s] Level 1:colcon.colcon_core.environment:checking '/home/phy_ai/.ihub/daksha/install/gen2/lib'
[8.093s] Level 1:colcon.colcon_core.environment:checking '/home/phy_ai/.ihub/daksha/install/gen2/bin'
[8.093s] Level 1:colcon.colcon_core.environment:checking '/home/phy_ai/.ihub/daksha/install/gen2/lib/pkgconfig/gen2.pc'
[8.094s] Level 1:colcon.colcon_core.environment:checking '/home/phy_ai/.ihub/daksha/install/gen2/lib/python3.10/site-packages'
[8.094s] Level 1:colcon.colcon_core.shell:create_environment_hook('gen2', 'pythonpath')
[8.095s] INFO:colcon.colcon_core.shell:Creating environment hook '/home/phy_ai/.ihub/daksha/install/gen2/share/gen2/hook/pythonpath.ps1'
[8.096s] INFO:colcon.colcon_core.shell:Creating environment descriptor '/home/phy_ai/.ihub/daksha/install/gen2/share/gen2/hook/pythonpath.dsv'
[8.097s] INFO:colcon.colcon_core.shell:Creating environment hook '/home/phy_ai/.ihub/daksha/install/gen2/share/gen2/hook/pythonpath.sh'
[8.098s] Level 1:colcon.colcon_core.environment:checking '/home/phy_ai/.ihub/daksha/install/gen2/bin'
[8.098s] Level 1:colcon.colcon_core.environment:create_environment_scripts_only(gen2)
[8.099s] INFO:colcon.colcon_core.shell:Creating package script '/home/phy_ai/.ihub/daksha/install/gen2/share/gen2/package.ps1'
[8.101s] INFO:colcon.colcon_core.shell:Creating package descriptor '/home/phy_ai/.ihub/daksha/install/gen2/share/gen2/package.dsv'
[8.102s] INFO:colcon.colcon_core.shell:Creating package script '/home/phy_ai/.ihub/daksha/install/gen2/share/gen2/package.sh'
[8.103s] INFO:colcon.colcon_core.shell:Creating package script '/home/phy_ai/.ihub/daksha/install/gen2/share/gen2/package.bash'
[8.103s] INFO:colcon.colcon_core.shell:Creating package script '/home/phy_ai/.ihub/daksha/install/gen2/share/gen2/package.zsh'
[8.104s] Level 1:colcon.colcon_core.environment:create_file_with_runtime_dependencies(/home/phy_ai/.ihub/daksha/install/gen2/share/colcon-core/packages/gen2)
[8.105s] INFO:colcon.colcon_ros.task.ament_python.build:Building ROS package in '/home/phy_ai/.ihub/daksha/src/motor_configure' with build type 'ament_python'
[8.105s] Level 1:colcon.colcon_core.shell:create_environment_hook('motor_configure', 'ament_prefix_path')
[8.106s] INFO:colcon.colcon_core.shell:Creating environment hook '/home/phy_ai/.ihub/daksha/install/motor_configure/share/motor_configure/hook/ament_prefix_path.ps1'
[8.107s] INFO:colcon.colcon_core.shell:Creating environment descriptor '/home/phy_ai/.ihub/daksha/install/motor_configure/share/motor_configure/hook/ament_prefix_path.dsv'
[8.108s] INFO:colcon.colcon_core.shell:Creating environment hook '/home/phy_ai/.ihub/daksha/install/motor_configure/share/motor_configure/hook/ament_prefix_path.sh'
[8.109s] INFO:colcon.colcon_core.shell:Skip shell extension 'powershell' for command environment: Not usable outside of PowerShell
[8.110s] DEBUG:colcon.colcon_core.shell:Skip shell extension 'dsv' for command environment
[8.444s] INFO:colcon.colcon_core.task.python.build:Building Python package in '/home/phy_ai/.ihub/daksha/src/motor_configure'
[8.444s] INFO:colcon.colcon_core.shell:Skip shell extension 'powershell' for command environment: Not usable outside of PowerShell
[8.444s] DEBUG:colcon.colcon_core.shell:Skip shell extension 'dsv' for command environment
[8.856s] DEBUG:colcon.colcon_core.task.python.build:Available setuptools commands: bdist_rpm, symlink_data, install_data, test, build_ext, upload_docs, update_catalog, register, install_headers, install_scripts, init_catalog, build, upload, develop, rotate, install_egg_info, compile_catalog, install, easy_install, egg_info, build_scripts, dist_info, install_lib, bdist_egg, alias, extract_messages, sdist, setopt, bdist_wheel, build_clib, bdist, saveopts, bdist_dumb, clean, build_py, check
[8.859s] DEBUG:colcon.colcon_core.event_handler.log_command:Invoking command in '/home/phy_ai/.ihub/daksha/build/motor_configure': AMENT_PREFIX_PATH=/home/phy_ai/.ihub/daksha/install/gen2:/home/phy_ai/.ihub/daksha/install/vr_teleop:/home/phy_ai/.ihub/daksha/install/kinematics:/home/phy_ai/.ihub/daksha/install/motor_configure:/home/phy_ai/.ihub/daksha/install/world_camera_launch:/home/phy_ai/.ihub/daksha/install/web_nav_site:/home/phy_ai/.ihub/daksha/install/motortest:/home/phy_ai/.ihub/daksha/install/vajara:/home/phy_ai/.ihub/daksha/install/ros_tcp_endpoint:/home/phy_ai/.ihub/daksha/install/posveleff_controllers:/home/phy_ai/.ihub/daksha/install/moveit_collision_management:/home/phy_ai/.ihub/daksha/install/collision_management:/home/phy_ai/.ihub/daksha/install/joint_cmd_logger:/home/phy_ai/.ihub/daksha/install/joint_analyzer:/home/phy_ai/.ihub/daksha/install/daksha_data_collection:/home/phy_ai/.ihub/daksha/install/hw_interface:/home/phy_ai/.ihub/daksha/install/gesture_management:/home/phy_ai/.ihub/daksha/install/gen2_leader:/home/phy_ai/.ihub/daksha/install/dynamics:/home/phy_ai/.ihub/daksha/install/daksha_ui:/home/phy_ai/.ihub/daksha/install/daksha_msgs:/home/phy_ai/.ihub/daksha/install/daksha_final_urdf_description:/home/phy_ai/.ihub/daksha/install/daksha_description_full_body:/home/phy_ai/.ihub/daksha/install/daksha_api_bridge_leader:/home/phy_ai/.ihub/daksha/install/daksha_api_bridge_follower:/home/phy_ai/.ihub/daksha/install/automation:/home/phy_ai/.barani/gen2_full/install/world_camera_launch:/home/phy_ai/.barani/gen2_full/install/web_nav_site:/home/phy_ai/.barani/gen2_full/install/gen2:/home/phy_ai/.barani/gen2_full/install/vr_teleop:/home/phy_ai/.barani/gen2_full/install/trajectory_planning:/home/phy_ai/.barani/gen2_full/install/sllidar_ros2:/home/phy_ai/.barani/gen2_full/install/ros_tcp_endpoint:/home/phy_ai/.barani/gen2_full/install/posveleff_controllers:/home/phy_ai/.barani/gen2_full/install/nav_bringup:/home/phy_ai/.barani/gen2_full/install/nav2_config:/home/phy_ai/.barani/gen2_full/install/moveit_collision_management:/home/phy_ai/.barani/gen2_full/install/collision_management:/home/phy_ai/.barani/gen2_full/install/kinematics:/home/phy_ai/.barani/gen2_full/install/joint_cmd_logger:/home/phy_ai/.barani/gen2_full/install/joint_analyzer:/home/phy_ai/.barani/gen2_full/install/daksha_data_collection:/home/phy_ai/.barani/gen2_full/install/hw_interface:/home/phy_ai/.barani/gen2_full/install/gesture_management:/home/phy_ai/.barani/gen2_full/install/gen2_leader:/home/phy_ai/.barani/gen2_full/install/dynamics:/home/phy_ai/.barani/gen2_full/install/amr_bringup:/home/phy_ai/.barani/gen2_full/install/drax_hardware:/home/phy_ai/.barani/gen2_full/install/daksha_ui:/home/phy_ai/.barani/gen2_full/install/daksha_msgs:/home/phy_ai/.barani/gen2_full/install/daksha_final_urdf_description:/home/phy_ai/.barani/gen2_full/install/daksha_description_full_body:/home/phy_ai/.barani/gen2_full/install/daksha_base_urdf:/home/phy_ai/.barani/gen2_full/install/daksha_api_bridge_leader:/home/phy_ai/.barani/gen2_full/install/daksha_api_bridge_follower:/home/phy_ai/.barani/gen2_full/install/automation:/opt/ros/humble CMAKE_PREFIX_PATH=/home/phy_ai/.ihub/daksha/install/hw_interface:/home/phy_ai/.ihub/daksha/install/web_nav_site:/home/phy_ai/.ihub/daksha/install/posveleff_controllers:/home/phy_ai/.ihub/daksha/install/moveit_collision_management:/home/phy_ai/.ihub/daksha/install/collision_management:/home/phy_ai/.ihub/daksha/install/gesture_management:/home/phy_ai/.ihub/daksha/install/dynamics:/home/phy_ai/.ihub/daksha/install/daksha_ui:/home/phy_ai/.ihub/daksha/install/daksha_msgs:/home/phy_ai/.ihub/daksha/install/automation:/home/phy_ai/.barani/gen2_full/install/web_nav_site:/home/phy_ai/.barani/gen2_full/install/trajectory_planning:/home/phy_ai/.barani/gen2_full/install/sllidar_ros2:/home/phy_ai/.barani/gen2_full/install/posveleff_controllers:/home/phy_ai/.barani/gen2_full/install/moveit_collision_management:/home/phy_ai/.barani/gen2_full/install/collision_management:/home/phy_ai/.barani/gen2_full/install/hw_interface:/home/phy_ai/.barani/gen2_full/install/gesture_management:/home/phy_ai/.barani/gen2_full/install/dynamics:/home/phy_ai/.barani/gen2_full/install/drax_hardware:/home/phy_ai/.barani/gen2_full/install/daksha_ui:/home/phy_ai/.barani/gen2_full/install/daksha_msgs:/home/phy_ai/.barani/gen2_full/install/automation LD_LIBRARY_PATH=/home/phy_ai/.ihub/daksha/install/hw_interface/lib:/home/phy_ai/.ihub/daksha/install/posveleff_controllers/lib:/home/phy_ai/.ihub/daksha/install/collision_management/lib:/home/phy_ai/.ihub/daksha/install/gesture_management/lib:/home/phy_ai/.ihub/daksha/install/daksha_msgs/lib:/home/phy_ai/.barani/gen2_full/install/trajectory_planning/lib:/home/phy_ai/.barani/gen2_full/install/posveleff_controllers/lib:/home/phy_ai/.barani/gen2_full/install/collision_management/lib:/home/phy_ai/.barani/gen2_full/install/hw_interface/lib:/home/phy_ai/.barani/gen2_full/install/gesture_management/lib:/home/phy_ai/.barani/gen2_full/install/drax_hardware/lib:/home/phy_ai/.barani/gen2_full/install/daksha_msgs/lib:/opt/ros/humble/opt/rviz_ogre_vendor/lib:/opt/ros/humble/lib/x86_64-linux-gnu:/opt/ros/humble/lib PYTHONPATH=/home/phy_ai/.ihub/daksha/build/motor_configure/prefix_override:/usr/lib/python3/dist-packages/colcon_core/task/python/colcon_distutils_commands:/home/phy_ai/.ihub/daksha/install/motor_configure/lib/python3.10/site-packages:/home/phy_ai/.ihub/daksha/install/gen2/lib/python3.10/site-packages:/home/phy_ai/.ihub/daksha/install/vr_teleop/lib/python3.10/site-packages:/home/phy_ai/.ihub/daksha/install/kinematics/lib/python3.10/site-packages:/home/phy_ai/.ihub/daksha/build/motor_configure:/home/phy_ai/.ihub/daksha/install/motor_configure/lib/python3.10/site-packages:/home/phy_ai/.ihub/daksha/install/world_camera_launch/lib/python3.10/site-packages:/home/phy_ai/.ihub/daksha/install/motortest/lib/python3.10/site-packages:/home/phy_ai/.ihub/daksha/install/vajara/lib/python3.10/site-packages:/home/phy_ai/.ihub/daksha/install/ros_tcp_endpoint/lib/python3.10/site-packages:/home/phy_ai/.ihub/daksha/install/collision_management/local/lib/python3.10/dist-packages:/home/phy_ai/.ihub/daksha/install/joint_cmd_logger/lib/python3.10/site-packages:/home/phy_ai/.ihub/daksha/install/joint_analyzer/lib/python3.10/site-packages:/home/phy_ai/.ihub/daksha/install/daksha_data_collection/lib/python3.10/site-packages:/home/phy_ai/.ihub/daksha/install/hw_interface/local/lib/python3.10/dist-packages:/home/phy_ai/.ihub/daksha/install/gesture_management/local/lib/python3.10/dist-packages:/home/phy_ai/.ihub/daksha/install/gen2_leader/lib/python3.10/site-packages:/home/phy_ai/.ihub/daksha/install/daksha_msgs/local/lib/python3.10/dist-packages:/home/phy_ai/.ihub/daksha/install/daksha_final_urdf_description/lib/python3.10/site-packages:/home/phy_ai/.ihub/daksha/install/daksha_description_full_body/lib/python3.10/site-packages:/home/phy_ai/.ihub/daksha/install/daksha_api_bridge_leader/lib/python3.10/site-packages:/home/phy_ai/.ihub/daksha/install/daksha_api_bridge_follower/lib/python3.10/site-packages:/home/phy_ai/.barani/gen2_full/install/world_camera_launch/lib/python3.10/site-packages:/home/phy_ai/.barani/gen2_full/install/gen2/lib/python3.10/site-packages:/home/phy_ai/.barani/gen2_full/install/vr_teleop/lib/python3.10/site-packages:/home/phy_ai/.barani/gen2_full/install/trajectory_planning/local/lib/python3.10/dist-packages:/home/phy_ai/.barani/gen2_full/install/ros_tcp_endpoint/lib/python3.10/site-packages:/home/phy_ai/.barani/gen2_full/install/nav_bringup/lib/python3.10/site-packages:/home/phy_ai/.barani/gen2_full/install/nav2_config/lib/python3.10/site-packages:/home/phy_ai/.barani/gen2_full/install/collision_management/local/lib/python3.10/dist-packages:/home/phy_ai/.barani/gen2_full/install/kinematics/lib/python3.10/site-packages:/home/phy_ai/.barani/gen2_full/install/joint_cmd_logger/lib/python3.10/site-packages:/home/phy_ai/.barani/gen2_full/install/joint_analyzer/lib/python3.10/site-packages:/home/phy_ai/.barani/gen2_full/install/daksha_data_collection/lib/python3.10/site-packages:/home/phy_ai/.barani/gen2_full/install/hw_interface/local/lib/python3.10/dist-packages:/home/phy_ai/.barani/gen2_full/install/gesture_management/local/lib/python3.10/dist-packages:/home/phy_ai/.barani/gen2_full/install/gen2_leader/lib/python3.10/site-packages:/home/phy_ai/.barani/gen2_full/install/amr_bringup/lib/python3.10/site-packages:/home/phy_ai/.barani/gen2_full/install/daksha_msgs/local/lib/python3.10/dist-packages:/home/phy_ai/.barani/gen2_full/install/daksha_final_urdf_description/lib/python3.10/site-packages:/home/phy_ai/.barani/gen2_full/install/daksha_description_full_body/lib/python3.10/site-packages:/home/phy_ai/.barani/gen2_full/install/daksha_base_urdf/lib/python3.10/site-packages:/home/phy_ai/.barani/gen2_full/install/daksha_api_bridge_leader/lib/python3.10/site-packages:/home/phy_ai/.barani/gen2_full/install/daksha_api_bridge_follower/lib/python3.10/site-packages:/opt/ros/humble/lib/python3.10/site-packages:/opt/ros/humble/local/lib/python3.10/dist-packages /usr/bin/python3 -W ignore:setup.py install is deprecated -W ignore:easy_install command is deprecated setup.py develop --uninstall --editable --build-directory /home/phy_ai/.ihub/daksha/build/motor_configure/build
[9.364s] DEBUG:colcon.colcon_core.event_handler.log_command:Invoked command in '/home/phy_ai/.ihub/daksha/build/motor_configure' returned '0': AMENT_PREFIX_PATH=/home/phy_ai/.ihub/daksha/install/gen2:/home/phy_ai/.ihub/daksha/install/vr_teleop:/home/phy_ai/.ihub/daksha/install/kinematics:/home/phy_ai/.ihub/daksha/install/motor_configure:/home/phy_ai/.ihub/daksha/install/world_camera_launch:/home/phy_ai/.ihub/daksha/install/web_nav_site:/home/phy_ai/.ihub/daksha/install/motortest:/home/phy_ai/.ihub/daksha/install/vajara:/home/phy_ai/.ihub/daksha/install/ros_tcp_endpoint:/home/phy_ai/.ihub/daksha/install/posveleff_controllers:/home/phy_ai/.ihub/daksha/install/moveit_collision_management:/home/phy_ai/.ihub/daksha/install/collision_management:/home/phy_ai/.ihub/daksha/install/joint_cmd_logger:/home/phy_ai/.ihub/daksha/install/joint_analyzer:/home/phy_ai/.ihub/daksha/install/daksha_data_collection:/home/phy_ai/.ihub/daksha/install/hw_interface:/home/phy_ai/.ihub/daksha/install/gesture_management:/home/phy_ai/.ihub/daksha/install/gen2_leader:/home/phy_ai/.ihub/daksha/install/dynamics:/home/phy_ai/.ihub/daksha/install/daksha_ui:/home/phy_ai/.ihub/daksha/install/daksha_msgs:/home/phy_ai/.ihub/daksha/install/daksha_final_urdf_description:/home/phy_ai/.ihub/daksha/install/daksha_description_full_body:/home/phy_ai/.ihub/daksha/install/daksha_api_bridge_leader:/home/phy_ai/.ihub/daksha/install/daksha_api_bridge_follower:/home/phy_ai/.ihub/daksha/install/automation:/home/phy_ai/.barani/gen2_full/install/world_camera_launch:/home/phy_ai/.barani/gen2_full/install/web_nav_site:/home/phy_ai/.barani/gen2_full/install/gen2:/home/phy_ai/.barani/gen2_full/install/vr_teleop:/home/phy_ai/.barani/gen2_full/install/trajectory_planning:/home/phy_ai/.barani/gen2_full/install/sllidar_ros2:/home/phy_ai/.barani/gen2_full/install/ros_tcp_endpoint:/home/phy_ai/.barani/gen2_full/install/posveleff_controllers:/home/phy_ai/.barani/gen2_full/install/nav_bringup:/home/phy_ai/.barani/gen2_full/install/nav2_config:/home/phy_ai/.barani/gen2_full/install/moveit_collision_management:/home/phy_ai/.barani/gen2_full/install/collision_management:/home/phy_ai/.barani/gen2_full/install/kinematics:/home/phy_ai/.barani/gen2_full/install/joint_cmd_logger:/home/phy_ai/.barani/gen2_full/install/joint_analyzer:/home/phy_ai/.barani/gen2_full/install/daksha_data_collection:/home/phy_ai/.barani/gen2_full/install/hw_interface:/home/phy_ai/.barani/gen2_full/install/gesture_management:/home/phy_ai/.barani/gen2_full/install/gen2_leader:/home/phy_ai/.barani/gen2_full/install/dynamics:/home/phy_ai/.barani/gen2_full/install/amr_bringup:/home/phy_ai/.barani/gen2_full/install/drax_hardware:/home/phy_ai/.barani/gen2_full/install/daksha_ui:/home/phy_ai/.barani/gen2_full/install/daksha_msgs:/home/phy_ai/.barani/gen2_full/install/daksha_final_urdf_description:/home/phy_ai/.barani/gen2_full/install/daksha_description_full_body:/home/phy_ai/.barani/gen2_full/install/daksha_base_urdf:/home/phy_ai/.barani/gen2_full/install/daksha_api_bridge_leader:/home/phy_ai/.barani/gen2_full/install/daksha_api_bridge_follower:/home/phy_ai/.barani/gen2_full/install/automation:/opt/ros/humble CMAKE_PREFIX_PATH=/home/phy_ai/.ihub/daksha/install/hw_interface:/home/phy_ai/.ihub/daksha/install/web_nav_site:/home/phy_ai/.ihub/daksha/install/posveleff_controllers:/home/phy_ai/.ihub/daksha/install/moveit_collision_management:/home/phy_ai/.ihub/daksha/install/collision_management:/home/phy_ai/.ihub/daksha/install/gesture_management:/home/phy_ai/.ihub/daksha/install/dynamics:/home/phy_ai/.ihub/daksha/install/daksha_ui:/home/phy_ai/.ihub/daksha/install/daksha_msgs:/home/phy_ai/.ihub/daksha/install/automation:/home/phy_ai/.barani/gen2_full/install/web_nav_site:/home/phy_ai/.barani/gen2_full/install/trajectory_planning:/home/phy_ai/.barani/gen2_full/install/sllidar_ros2:/home/phy_ai/.barani/gen2_full/install/posveleff_controllers:/home/phy_ai/.barani/gen2_full/install/moveit_collision_management:/home/phy_ai/.barani/gen2_full/install/collision_management:/home/phy_ai/.barani/gen2_full/install/hw_interface:/home/phy_ai/.barani/gen2_full/install/gesture_management:/home/phy_ai/.barani/gen2_full/install/dynamics:/home/phy_ai/.barani/gen2_full/install/drax_hardware:/home/phy_ai/.barani/gen2_full/install/daksha_ui:/home/phy_ai/.barani/gen2_full/install/daksha_msgs:/home/phy_ai/.barani/gen2_full/install/automation LD_LIBRARY_PATH=/home/phy_ai/.ihub/daksha/install/hw_interface/lib:/home/phy_ai/.ihub/daksha/install/posveleff_controllers/lib:/home/phy_ai/.ihub/daksha/install/collision_management/lib:/home/phy_ai/.ihub/daksha/install/gesture_management/lib:/home/phy_ai/.ihub/daksha/install/daksha_msgs/lib:/home/phy_ai/.barani/gen2_full/install/trajectory_planning/lib:/home/phy_ai/.barani/gen2_full/install/posveleff_controllers/lib:/home/phy_ai/.barani/gen2_full/install/collision_management/lib:/home/phy_ai/.barani/gen2_full/install/hw_interface/lib:/home/phy_ai/.barani/gen2_full/install/gesture_management/lib:/home/phy_ai/.barani/gen2_full/install/drax_hardware/lib:/home/phy_ai/.barani/gen2_full/install/daksha_msgs/lib:/opt/ros/humble/opt/rviz_ogre_vendor/lib:/opt/ros/humble/lib/x86_64-linux-gnu:/opt/ros/humble/lib PYTHONPATH=/home/phy_ai/.ihub/daksha/build/motor_configure/prefix_override:/usr/lib/python3/dist-packages/colcon_core/task/python/colcon_distutils_commands:/home/phy_ai/.ihub/daksha/install/motor_configure/lib/python3.10/site-packages:/home/phy_ai/.ihub/daksha/install/gen2/lib/python3.10/site-packages:/home/phy_ai/.ihub/daksha/install/vr_teleop/lib/python3.10/site-packages:/home/phy_ai/.ihub/daksha/install/kinematics/lib/python3.10/site-packages:/home/phy_ai/.ihub/daksha/build/motor_configure:/home/phy_ai/.ihub/daksha/install/motor_configure/lib/python3.10/site-packages:/home/phy_ai/.ihub/daksha/install/world_camera_launch/lib/python3.10/site-packages:/home/phy_ai/.ihub/daksha/install/motortest/lib/python3.10/site-packages:/home/phy_ai/.ihub/daksha/install/vajara/lib/python3.10/site-packages:/home/phy_ai/.ihub/daksha/install/ros_tcp_endpoint/lib/python3.10/site-packages:/home/phy_ai/.ihub/daksha/install/collision_management/local/lib/python3.10/dist-packages:/home/phy_ai/.ihub/daksha/install/joint_cmd_logger/lib/python3.10/site-packages:/home/phy_ai/.ihub/daksha/install/joint_analyzer/lib/python3.10/site-packages:/home/phy_ai/.ihub/daksha/install/daksha_data_collection/lib/python3.10/site-packages:/home/phy_ai/.ihub/daksha/install/hw_interface/local/lib/python3.10/dist-packages:/home/phy_ai/.ihub/daksha/install/gesture_management/local/lib/python3.10/dist-packages:/home/phy_ai/.ihub/daksha/install/gen2_leader/lib/python3.10/site-packages:/home/phy_ai/.ihub/daksha/install/daksha_msgs/local/lib/python3.10/dist-packages:/home/phy_ai/.ihub/daksha/install/daksha_final_urdf_description/lib/python3.10/site-packages:/home/phy_ai/.ihub/daksha/install/daksha_description_full_body/lib/python3.10/site-packages:/home/phy_ai/.ihub/daksha/install/daksha_api_bridge_leader/lib/python3.10/site-packages:/home/phy_ai/.ihub/daksha/install/daksha_api_bridge_follower/lib/python3.10/site-packages:/home/phy_ai/.barani/gen2_full/install/world_camera_launch/lib/python3.10/site-packages:/home/phy_ai/.barani/gen2_full/install/gen2/lib/python3.10/site-packages:/home/phy_ai/.barani/gen2_full/install/vr_teleop/lib/python3.10/site-packages:/home/phy_ai/.barani/gen2_full/install/trajectory_planning/local/lib/python3.10/dist-packages:/home/phy_ai/.barani/gen2_full/install/ros_tcp_endpoint/lib/python3.10/site-packages:/home/phy_ai/.barani/gen2_full/install/nav_bringup/lib/python3.10/site-packages:/home/phy_ai/.barani/gen2_full/install/nav2_config/lib/python3.10/site-packages:/home/phy_ai/.barani/gen2_full/install/collision_management/local/lib/python3.10/dist-packages:/home/phy_ai/.barani/gen2_full/install/kinematics/lib/python3.10/site-packages:/home/phy_ai/.barani/gen2_full/install/joint_cmd_logger/lib/python3.10/site-packages:/home/phy_ai/.barani/gen2_full/install/joint_analyzer/lib/python3.10/site-packages:/home/phy_ai/.barani/gen2_full/install/daksha_data_collection/lib/python3.10/site-packages:/home/phy_ai/.barani/gen2_full/install/hw_interface/local/lib/python3.10/dist-packages:/home/phy_ai/.barani/gen2_full/install/gesture_management/local/lib/python3.10/dist-packages:/home/phy_ai/.barani/gen2_full/install/gen2_leader/lib/python3.10/site-packages:/home/phy_ai/.barani/gen2_full/install/amr_bringup/lib/python3.10/site-packages:/home/phy_ai/.barani/gen2_full/install/daksha_msgs/local/lib/python3.10/dist-packages:/home/phy_ai/.barani/gen2_full/install/daksha_final_urdf_description/lib/python3.10/site-packages:/home/phy_ai/.barani/gen2_full/install/daksha_description_full_body/lib/python3.10/site-packages:/home/phy_ai/.barani/gen2_full/install/daksha_base_urdf/lib/python3.10/site-packages:/home/phy_ai/.barani/gen2_full/install/daksha_api_bridge_leader/lib/python3.10/site-packages:/home/phy_ai/.barani/gen2_full/install/daksha_api_bridge_follower/lib/python3.10/site-packages:/opt/ros/humble/lib/python3.10/site-packages:/opt/ros/humble/local/lib/python3.10/dist-packages /usr/bin/python3 -W ignore:setup.py install is deprecated -W ignore:easy_install command is deprecated setup.py develop --uninstall --editable --build-directory /home/phy_ai/.ihub/daksha/build/motor_configure/build
[9.366s] DEBUG:colcon.colcon_core.event_handler.log_command:Invoking command in '/home/phy_ai/.ihub/daksha/src/motor_configure': AMENT_PREFIX_PATH=/home/phy_ai/.ihub/daksha/install/gen2:/home/phy_ai/.ihub/daksha/install/vr_teleop:/home/phy_ai/.ihub/daksha/install/kinematics:/home/phy_ai/.ihub/daksha/install/motor_configure:/home/phy_ai/.ihub/daksha/install/world_camera_launch:/home/phy_ai/.ihub/daksha/install/web_nav_site:/home/phy_ai/.ihub/daksha/install/motortest:/home/phy_ai/.ihub/daksha/install/vajara:/home/phy_ai/.ihub/daksha/install/ros_tcp_endpoint:/home/phy_ai/.ihub/daksha/install/posveleff_controllers:/home/phy_ai/.ihub/daksha/install/moveit_collision_management:/home/phy_ai/.ihub/daksha/install/collision_management:/home/phy_ai/.ihub/daksha/install/joint_cmd_logger:/home/phy_ai/.ihub/daksha/install/joint_analyzer:/home/phy_ai/.ihub/daksha/install/daksha_data_collection:/home/phy_ai/.ihub/daksha/install/hw_interface:/home/phy_ai/.ihub/daksha/install/gesture_management:/home/phy_ai/.ihub/daksha/install/gen2_leader:/home/phy_ai/.ihub/daksha/install/dynamics:/home/phy_ai/.ihub/daksha/install/daksha_ui:/home/phy_ai/.ihub/daksha/install/daksha_msgs:/home/phy_ai/.ihub/daksha/install/daksha_final_urdf_description:/home/phy_ai/.ihub/daksha/install/daksha_description_full_body:/home/phy_ai/.ihub/daksha/install/daksha_api_bridge_leader:/home/phy_ai/.ihub/daksha/install/daksha_api_bridge_follower:/home/phy_ai/.ihub/daksha/install/automation:/home/phy_ai/.barani/gen2_full/install/world_camera_launch:/home/phy_ai/.barani/gen2_full/install/web_nav_site:/home/phy_ai/.barani/gen2_full/install/gen2:/home/phy_ai/.barani/gen2_full/install/vr_teleop:/home/phy_ai/.barani/gen2_full/install/trajectory_planning:/home/phy_ai/.barani/gen2_full/install/sllidar_ros2:/home/phy_ai/.barani/gen2_full/install/ros_tcp_endpoint:/home/phy_ai/.barani/gen2_full/install/posveleff_controllers:/home/phy_ai/.barani/gen2_full/install/nav_bringup:/home/phy_ai/.barani/gen2_full/install/nav2_config:/home/phy_ai/.barani/gen2_full/install/moveit_collision_management:/home/phy_ai/.barani/gen2_full/install/collision_management:/home/phy_ai/.barani/gen2_full/install/kinematics:/home/phy_ai/.barani/gen2_full/install/joint_cmd_logger:/home/phy_ai/.barani/gen2_full/install/joint_analyzer:/home/phy_ai/.barani/gen2_full/install/daksha_data_collection:/home/phy_ai/.barani/gen2_full/install/hw_interface:/home/phy_ai/.barani/gen2_full/install/gesture_management:/home/phy_ai/.barani/gen2_full/install/gen2_leader:/home/phy_ai/.barani/gen2_full/install/dynamics:/home/phy_ai/.barani/gen2_full/install/amr_bringup:/home/phy_ai/.barani/gen2_full/install/drax_hardware:/home/phy_ai/.barani/gen2_full/install/daksha_ui:/home/phy_ai/.barani/gen2_full/install/daksha_msgs:/home/phy_ai/.barani/gen2_full/install/daksha_final_urdf_description:/home/phy_ai/.barani/gen2_full/install/daksha_description_full_body:/home/phy_ai/.barani/gen2_full/install/daksha_base_urdf:/home/phy_ai/.barani/gen2_full/install/daksha_api_bridge_leader:/home/phy_ai/.barani/gen2_full/install/daksha_api_bridge_follower:/home/phy_ai/.barani/gen2_full/install/automation:/opt/ros/humble CMAKE_PREFIX_PATH=/home/phy_ai/.ihub/daksha/install/hw_interface:/home/phy_ai/.ihub/daksha/install/web_nav_site:/home/phy_ai/.ihub/daksha/install/posveleff_controllers:/home/phy_ai/.ihub/daksha/install/moveit_collision_management:/home/phy_ai/.ihub/daksha/install/collision_management:/home/phy_ai/.ihub/daksha/install/gesture_management:/home/phy_ai/.ihub/daksha/install/dynamics:/home/phy_ai/.ihub/daksha/install/daksha_ui:/home/phy_ai/.ihub/daksha/install/daksha_msgs:/home/phy_ai/.ihub/daksha/install/automation:/home/phy_ai/.barani/gen2_full/install/web_nav_site:/home/phy_ai/.barani/gen2_full/install/trajectory_planning:/home/phy_ai/.barani/gen2_full/install/sllidar_ros2:/home/phy_ai/.barani/gen2_full/install/posveleff_controllers:/home/phy_ai/.barani/gen2_full/install/moveit_collision_management:/home/phy_ai/.barani/gen2_full/install/collision_management:/home/phy_ai/.barani/gen2_full/install/hw_interface:/home/phy_ai/.barani/gen2_full/install/gesture_management:/home/phy_ai/.barani/gen2_full/install/dynamics:/home/phy_ai/.barani/gen2_full/install/drax_hardware:/home/phy_ai/.barani/gen2_full/install/daksha_ui:/home/phy_ai/.barani/gen2_full/install/daksha_msgs:/home/phy_ai/.barani/gen2_full/install/automation LD_LIBRARY_PATH=/home/phy_ai/.ihub/daksha/install/hw_interface/lib:/home/phy_ai/.ihub/daksha/install/posveleff_controllers/lib:/home/phy_ai/.ihub/daksha/install/collision_management/lib:/home/phy_ai/.ihub/daksha/install/gesture_management/lib:/home/phy_ai/.ihub/daksha/install/daksha_msgs/lib:/home/phy_ai/.barani/gen2_full/install/trajectory_planning/lib:/home/phy_ai/.barani/gen2_full/install/posveleff_controllers/lib:/home/phy_ai/.barani/gen2_full/install/collision_management/lib:/home/phy_ai/.barani/gen2_full/install/hw_interface/lib:/home/phy_ai/.barani/gen2_full/install/gesture_management/lib:/home/phy_ai/.barani/gen2_full/install/drax_hardware/lib:/home/phy_ai/.barani/gen2_full/install/daksha_msgs/lib:/opt/ros/humble/opt/rviz_ogre_vendor/lib:/opt/ros/humble/lib/x86_64-linux-gnu:/opt/ros/humble/lib PYTHONPATH=/home/phy_ai/.ihub/daksha/build/motor_configure/prefix_override:/usr/lib/python3/dist-packages/colcon_core/task/python/colcon_distutils_commands:/home/phy_ai/.ihub/daksha/install/motor_configure/lib/python3.10/site-packages:/home/phy_ai/.ihub/daksha/install/gen2/lib/python3.10/site-packages:/home/phy_ai/.ihub/daksha/install/vr_teleop/lib/python3.10/site-packages:/home/phy_ai/.ihub/daksha/install/kinematics/lib/python3.10/site-packages:/home/phy_ai/.ihub/daksha/build/motor_configure:/home/phy_ai/.ihub/daksha/install/motor_configure/lib/python3.10/site-packages:/home/phy_ai/.ihub/daksha/install/world_camera_launch/lib/python3.10/site-packages:/home/phy_ai/.ihub/daksha/install/motortest/lib/python3.10/site-packages:/home/phy_ai/.ihub/daksha/install/vajara/lib/python3.10/site-packages:/home/phy_ai/.ihub/daksha/install/ros_tcp_endpoint/lib/python3.10/site-packages:/home/phy_ai/.ihub/daksha/install/collision_management/local/lib/python3.10/dist-packages:/home/phy_ai/.ihub/daksha/install/joint_cmd_logger/lib/python3.10/site-packages:/home/phy_ai/.ihub/daksha/install/joint_analyzer/lib/python3.10/site-packages:/home/phy_ai/.ihub/daksha/install/daksha_data_collection/lib/python3.10/site-packages:/home/phy_ai/.ihub/daksha/install/hw_interface/local/lib/python3.10/dist-packages:/home/phy_ai/.ihub/daksha/install/gesture_management/local/lib/python3.10/dist-packages:/home/phy_ai/.ihub/daksha/install/gen2_leader/lib/python3.10/site-packages:/home/phy_ai/.ihub/daksha/install/daksha_msgs/local/lib/python3.10/dist-packages:/home/phy_ai/.ihub/daksha/install/daksha_final_urdf_description/lib/python3.10/site-packages:/home/phy_ai/.ihub/daksha/install/daksha_description_full_body/lib/python3.10/site-packages:/home/phy_ai/.ihub/daksha/install/daksha_api_bridge_leader/lib/python3.10/site-packages:/home/phy_ai/.ihub/daksha/install/daksha_api_bridge_follower/lib/python3.10/site-packages:/home/phy_ai/.barani/gen2_full/install/world_camera_launch/lib/python3.10/site-packages:/home/phy_ai/.barani/gen2_full/install/gen2/lib/python3.10/site-packages:/home/phy_ai/.barani/gen2_full/install/vr_teleop/lib/python3.10/site-packages:/home/phy_ai/.barani/gen2_full/install/trajectory_planning/local/lib/python3.10/dist-packages:/home/phy_ai/.barani/gen2_full/install/ros_tcp_endpoint/lib/python3.10/site-packages:/home/phy_ai/.barani/gen2_full/install/nav_bringup/lib/python3.10/site-packages:/home/phy_ai/.barani/gen2_full/install/nav2_config/lib/python3.10/site-packages:/home/phy_ai/.barani/gen2_full/install/collision_management/local/lib/python3.10/dist-packages:/home/phy_ai/.barani/gen2_full/install/kinematics/lib/python3.10/site-packages:/home/phy_ai/.barani/gen2_full/install/joint_cmd_logger/lib/python3.10/site-packages:/home/phy_ai/.barani/gen2_full/install/joint_analyzer/lib/python3.10/site-packages:/home/phy_ai/.barani/gen2_full/install/daksha_data_collection/lib/python3.10/site-packages:/home/phy_ai/.barani/gen2_full/install/hw_interface/local/lib/python3.10/dist-packages:/home/phy_ai/.barani/gen2_full/install/gesture_management/local/lib/python3.10/dist-packages:/home/phy_ai/.barani/gen2_full/install/gen2_leader/lib/python3.10/site-packages:/home/phy_ai/.barani/gen2_full/install/amr_bringup/lib/python3.10/site-packages:/home/phy_ai/.barani/gen2_full/install/daksha_msgs/local/lib/python3.10/dist-packages:/home/phy_ai/.barani/gen2_full/install/daksha_final_urdf_description/lib/python3.10/site-packages:/home/phy_ai/.barani/gen2_full/install/daksha_description_full_body/lib/python3.10/site-packages:/home/phy_ai/.barani/gen2_full/install/daksha_base_urdf/lib/python3.10/site-packages:/home/phy_ai/.barani/gen2_full/install/daksha_api_bridge_leader/lib/python3.10/site-packages:/home/phy_ai/.barani/gen2_full/install/daksha_api_bridge_follower/lib/python3.10/site-packages:/opt/ros/humble/lib/python3.10/site-packages:/opt/ros/humble/local/lib/python3.10/dist-packages /usr/bin/python3 -W ignore:setup.py install is deprecated -W ignore:easy_install command is deprecated setup.py egg_info --egg-base ../../build/motor_configure build --build-base /home/phy_ai/.ihub/daksha/build/motor_configure/build install --record /home/phy_ai/.ihub/daksha/build/motor_configure/install.log --install-scripts $base/lib/motor_configure --single-version-externally-managed install_data --force
[9.701s] Level 1:colcon.colcon_core.environment:checking '/home/phy_ai/.ihub/daksha/install/motor_configure' for CMake module files
[9.703s] DEBUG:colcon.colcon_core.event_handler.log_command:Invoked command in '/home/phy_ai/.ihub/daksha/src/motor_configure' returned '0': AMENT_PREFIX_PATH=/home/phy_ai/.ihub/daksha/install/gen2:/home/phy_ai/.ihub/daksha/install/vr_teleop:/home/phy_ai/.ihub/daksha/install/kinematics:/home/phy_ai/.ihub/daksha/install/motor_configure:/home/phy_ai/.ihub/daksha/install/world_camera_launch:/home/phy_ai/.ihub/daksha/install/web_nav_site:/home/phy_ai/.ihub/daksha/install/motortest:/home/phy_ai/.ihub/daksha/install/vajara:/home/phy_ai/.ihub/daksha/install/ros_tcp_endpoint:/home/phy_ai/.ihub/daksha/install/posveleff_controllers:/home/phy_ai/.ihub/daksha/install/moveit_collision_management:/home/phy_ai/.ihub/daksha/install/collision_management:/home/phy_ai/.ihub/daksha/install/joint_cmd_logger:/home/phy_ai/.ihub/daksha/install/joint_analyzer:/home/phy_ai/.ihub/daksha/install/daksha_data_collection:/home/phy_ai/.ihub/daksha/install/hw_interface:/home/phy_ai/.ihub/daksha/install/gesture_management:/home/phy_ai/.ihub/daksha/install/gen2_leader:/home/phy_ai/.ihub/daksha/install/dynamics:/home/phy_ai/.ihub/daksha/install/daksha_ui:/home/phy_ai/.ihub/daksha/install/daksha_msgs:/home/phy_ai/.ihub/daksha/install/daksha_final_urdf_description:/home/phy_ai/.ihub/daksha/install/daksha_description_full_body:/home/phy_ai/.ihub/daksha/install/daksha_api_bridge_leader:/home/phy_ai/.ihub/daksha/install/daksha_api_bridge_follower:/home/phy_ai/.ihub/daksha/install/automation:/home/phy_ai/.barani/gen2_full/install/world_camera_launch:/home/phy_ai/.barani/gen2_full/install/web_nav_site:/home/phy_ai/.barani/gen2_full/install/gen2:/home/phy_ai/.barani/gen2_full/install/vr_teleop:/home/phy_ai/.barani/gen2_full/install/trajectory_planning:/home/phy_ai/.barani/gen2_full/install/sllidar_ros2:/home/phy_ai/.barani/gen2_full/install/ros_tcp_endpoint:/home/phy_ai/.barani/gen2_full/install/posveleff_controllers:/home/phy_ai/.barani/gen2_full/install/nav_bringup:/home/phy_ai/.barani/gen2_full/install/nav2_config:/home/phy_ai/.barani/gen2_full/install/moveit_collision_management:/home/phy_ai/.barani/gen2_full/install/collision_management:/home/phy_ai/.barani/gen2_full/install/kinematics:/home/phy_ai/.barani/gen2_full/install/joint_cmd_logger:/home/phy_ai/.barani/gen2_full/install/joint_analyzer:/home/phy_ai/.barani/gen2_full/install/daksha_data_collection:/home/phy_ai/.barani/gen2_full/install/hw_interface:/home/phy_ai/.barani/gen2_full/install/gesture_management:/home/phy_ai/.barani/gen2_full/install/gen2_leader:/home/phy_ai/.barani/gen2_full/install/dynamics:/home/phy_ai/.barani/gen2_full/install/amr_bringup:/home/phy_ai/.barani/gen2_full/install/drax_hardware:/home/phy_ai/.barani/gen2_full/install/daksha_ui:/home/phy_ai/.barani/gen2_full/install/daksha_msgs:/home/phy_ai/.barani/gen2_full/install/daksha_final_urdf_description:/home/phy_ai/.barani/gen2_full/install/daksha_description_full_body:/home/phy_ai/.barani/gen2_full/install/daksha_base_urdf:/home/phy_ai/.barani/gen2_full/install/daksha_api_bridge_leader:/home/phy_ai/.barani/gen2_full/install/daksha_api_bridge_follower:/home/phy_ai/.barani/gen2_full/install/automation:/opt/ros/humble CMAKE_PREFIX_PATH=/home/phy_ai/.ihub/daksha/install/hw_interface:/home/phy_ai/.ihub/daksha/install/web_nav_site:/home/phy_ai/.ihub/daksha/install/posveleff_controllers:/home/phy_ai/.ihub/daksha/install/moveit_collision_management:/home/phy_ai/.ihub/daksha/install/collision_management:/home/phy_ai/.ihub/daksha/install/gesture_management:/home/phy_ai/.ihub/daksha/install/dynamics:/home/phy_ai/.ihub/daksha/install/daksha_ui:/home/phy_ai/.ihub/daksha/install/daksha_msgs:/home/phy_ai/.ihub/daksha/install/automation:/home/phy_ai/.barani/gen2_full/install/web_nav_site:/home/phy_ai/.barani/gen2_full/install/trajectory_planning:/home/phy_ai/.barani/gen2_full/install/sllidar_ros2:/home/phy_ai/.barani/gen2_full/install/posveleff_controllers:/home/phy_ai/.barani/gen2_full/install/moveit_collision_management:/home/phy_ai/.barani/gen2_full/install/collision_management:/home/phy_ai/.barani/gen2_full/install/hw_interface:/home/phy_ai/.barani/gen2_full/install/gesture_management:/home/phy_ai/.barani/gen2_full/install/dynamics:/home/phy_ai/.barani/gen2_full/install/drax_hardware:/home/phy_ai/.barani/gen2_full/install/daksha_ui:/home/phy_ai/.barani/gen2_full/install/daksha_msgs:/home/phy_ai/.barani/gen2_full/install/automation LD_LIBRARY_PATH=/home/phy_ai/.ihub/daksha/install/hw_interface/lib:/home/phy_ai/.ihub/daksha/install/posveleff_controllers/lib:/home/phy_ai/.ihub/daksha/install/collision_management/lib:/home/phy_ai/.ihub/daksha/install/gesture_management/lib:/home/phy_ai/.ihub/daksha/install/daksha_msgs/lib:/home/phy_ai/.barani/gen2_full/install/trajectory_planning/lib:/home/phy_ai/.barani/gen2_full/install/posveleff_controllers/lib:/home/phy_ai/.barani/gen2_full/install/collision_management/lib:/home/phy_ai/.barani/gen2_full/install/hw_interface/lib:/home/phy_ai/.barani/gen2_full/install/gesture_management/lib:/home/phy_ai/.barani/gen2_full/install/drax_hardware/lib:/home/phy_ai/.barani/gen2_full/install/daksha_msgs/lib:/opt/ros/humble/opt/rviz_ogre_vendor/lib:/opt/ros/humble/lib/x86_64-linux-gnu:/opt/ros/humble/lib PYTHONPATH=/home/phy_ai/.ihub/daksha/build/motor_configure/prefix_override:/usr/lib/python3/dist-packages/colcon_core/task/python/colcon_distutils_commands:/home/phy_ai/.ihub/daksha/install/motor_configure/lib/python3.10/site-packages:/home/phy_ai/.ihub/daksha/install/gen2/lib/python3.10/site-packages:/home/phy_ai/.ihub/daksha/install/vr_teleop/lib/python3.10/site-packages:/home/phy_ai/.ihub/daksha/install/kinematics/lib/python3.10/site-packages:/home/phy_ai/.ihub/daksha/build/motor_configure:/home/phy_ai/.ihub/daksha/install/motor_configure/lib/python3.10/site-packages:/home/phy_ai/.ihub/daksha/install/world_camera_launch/lib/python3.10/site-packages:/home/phy_ai/.ihub/daksha/install/motortest/lib/python3.10/site-packages:/home/phy_ai/.ihub/daksha/install/vajara/lib/python3.10/site-packages:/home/phy_ai/.ihub/daksha/install/ros_tcp_endpoint/lib/python3.10/site-packages:/home/phy_ai/.ihub/daksha/install/collision_management/local/lib/python3.10/dist-packages:/home/phy_ai/.ihub/daksha/install/joint_cmd_logger/lib/python3.10/site-packages:/home/phy_ai/.ihub/daksha/install/joint_analyzer/lib/python3.10/site-packages:/home/phy_ai/.ihub/daksha/install/daksha_data_collection/lib/python3.10/site-packages:/home/phy_ai/.ihub/daksha/install/hw_interface/local/lib/python3.10/dist-packages:/home/phy_ai/.ihub/daksha/install/gesture_management/local/lib/python3.10/dist-packages:/home/phy_ai/.ihub/daksha/install/gen2_leader/lib/python3.10/site-packages:/home/phy_ai/.ihub/daksha/install/daksha_msgs/local/lib/python3.10/dist-packages:/home/phy_ai/.ihub/daksha/install/daksha_final_urdf_description/lib/python3.10/site-packages:/home/phy_ai/.ihub/daksha/install/daksha_description_full_body/lib/python3.10/site-packages:/home/phy_ai/.ihub/daksha/install/daksha_api_bridge_leader/lib/python3.10/site-packages:/home/phy_ai/.ihub/daksha/install/daksha_api_bridge_follower/lib/python3.10/site-packages:/home/phy_ai/.barani/gen2_full/install/world_camera_launch/lib/python3.10/site-packages:/home/phy_ai/.barani/gen2_full/install/gen2/lib/python3.10/site-packages:/home/phy_ai/.barani/gen2_full/install/vr_teleop/lib/python3.10/site-packages:/home/phy_ai/.barani/gen2_full/install/trajectory_planning/local/lib/python3.10/dist-packages:/home/phy_ai/.barani/gen2_full/install/ros_tcp_endpoint/lib/python3.10/site-packages:/home/phy_ai/.barani/gen2_full/install/nav_bringup/lib/python3.10/site-packages:/home/phy_ai/.barani/gen2_full/install/nav2_config/lib/python3.10/site-packages:/home/phy_ai/.barani/gen2_full/install/collision_management/local/lib/python3.10/dist-packages:/home/phy_ai/.barani/gen2_full/install/kinematics/lib/python3.10/site-packages:/home/phy_ai/.barani/gen2_full/install/joint_cmd_logger/lib/python3.10/site-packages:/home/phy_ai/.barani/gen2_full/install/joint_analyzer/lib/python3.10/site-packages:/home/phy_ai/.barani/gen2_full/install/daksha_data_collection/lib/python3.10/site-packages:/home/phy_ai/.barani/gen2_full/install/hw_interface/local/lib/python3.10/dist-packages:/home/phy_ai/.barani/gen2_full/install/gesture_management/local/lib/python3.10/dist-packages:/home/phy_ai/.barani/gen2_full/install/gen2_leader/lib/python3.10/site-packages:/home/phy_ai/.barani/gen2_full/install/amr_bringup/lib/python3.10/site-packages:/home/phy_ai/.barani/gen2_full/install/daksha_msgs/local/lib/python3.10/dist-packages:/home/phy_ai/.barani/gen2_full/install/daksha_final_urdf_description/lib/python3.10/site-packages:/home/phy_ai/.barani/gen2_full/install/daksha_description_full_body/lib/python3.10/site-packages:/home/phy_ai/.barani/gen2_full/install/daksha_base_urdf/lib/python3.10/site-packages:/home/phy_ai/.barani/gen2_full/install/daksha_api_bridge_leader/lib/python3.10/site-packages:/home/phy_ai/.barani/gen2_full/install/daksha_api_bridge_follower/lib/python3.10/site-packages:/opt/ros/humble/lib/python3.10/site-packages:/opt/ros/humble/local/lib/python3.10/dist-packages /usr/bin/python3 -W ignore:setup.py install is deprecated -W ignore:easy_install command is deprecated setup.py egg_info --egg-base ../../build/motor_configure build --build-base /home/phy_ai/.ihub/daksha/build/motor_configure/build install --record /home/phy_ai/.ihub/daksha/build/motor_configure/install.log --install-scripts $base/lib/motor_configure --single-version-externally-managed install_data --force
[9.703s] Level 1:colcon.colcon_core.environment:checking '/home/phy_ai/.ihub/daksha/install/motor_configure' for CMake config files
[9.705s] Level 1:colcon.colcon_core.environment:checking '/home/phy_ai/.ihub/daksha/install/motor_configure/lib'
[9.705s] Level 1:colcon.colcon_core.environment:checking '/home/phy_ai/.ihub/daksha/install/motor_configure/bin'
[9.705s] Level 1:colcon.colcon_core.environment:checking '/home/phy_ai/.ihub/daksha/install/motor_configure/lib/pkgconfig/motor_configure.pc'
[9.705s] Level 1:colcon.colcon_core.environment:checking '/home/phy_ai/.ihub/daksha/install/motor_configure/lib/python3.10/site-packages'
[9.705s] Level 1:colcon.colcon_core.shell:create_environment_hook('motor_configure', 'pythonpath')
[9.706s] INFO:colcon.colcon_core.shell:Creating environment hook '/home/phy_ai/.ihub/daksha/install/motor_configure/share/motor_configure/hook/pythonpath.ps1'
[9.707s] INFO:colcon.colcon_core.shell:Creating environment descriptor '/home/phy_ai/.ihub/daksha/install/motor_configure/share/motor_configure/hook/pythonpath.dsv'
[9.708s] INFO:colcon.colcon_core.shell:Creating environment hook '/home/phy_ai/.ihub/daksha/install/motor_configure/share/motor_configure/hook/pythonpath.sh'
[9.709s] Level 1:colcon.colcon_core.environment:checking '/home/phy_ai/.ihub/daksha/install/motor_configure/bin'
[9.709s] Level 1:colcon.colcon_core.environment:create_environment_scripts_only(motor_configure)
[9.710s] INFO:colcon.colcon_core.shell:Creating package script '/home/phy_ai/.ihub/daksha/install/motor_configure/share/motor_configure/package.ps1'
[9.711s] INFO:colcon.colcon_core.shell:Creating package descriptor '/home/phy_ai/.ihub/daksha/install/motor_configure/share/motor_configure/package.dsv'
[9.712s] INFO:colcon.colcon_core.shell:Creating package script '/home/phy_ai/.ihub/daksha/install/motor_configure/share/motor_configure/package.sh'
[9.713s] INFO:colcon.colcon_core.shell:Creating package script '/home/phy_ai/.ihub/daksha/install/motor_configure/share/motor_configure/package.bash'
[9.714s] INFO:colcon.colcon_core.shell:Creating package script '/home/phy_ai/.ihub/daksha/install/motor_configure/share/motor_configure/package.zsh'
[9.715s] Level 1:colcon.colcon_core.environment:create_file_with_runtime_dependencies(/home/phy_ai/.ihub/daksha/install/motor_configure/share/colcon-core/packages/motor_configure)
[9.715s] DEBUG:colcon.colcon_parallel_executor.executor.parallel:closing loop
[9.716s] DEBUG:colcon.colcon_parallel_executor.executor.parallel:loop closed
[9.716s] DEBUG:colcon.colcon_parallel_executor.executor.parallel:run_until_complete finished with '0'
[9.716s] DEBUG:colcon.colcon_core.event_reactor:joining thread
[9.718s] DEBUG:colcon.colcon_core.event_reactor:joined thread
[9.719s] INFO:colcon.colcon_core.shell:Creating prefix script '/home/phy_ai/.ihub/daksha/install/local_setup.ps1'
[9.721s] INFO:colcon.colcon_core.shell:Creating prefix util module '/home/phy_ai/.ihub/daksha/install/_local_setup_util_ps1.py'
[9.725s] INFO:colcon.colcon_core.shell:Creating prefix chain script '/home/phy_ai/.ihub/daksha/install/setup.ps1'
[9.733s] INFO:colcon.colcon_core.shell:Creating prefix script '/home/phy_ai/.ihub/daksha/install/local_setup.sh'
[9.735s] INFO:colcon.colcon_core.shell:Creating prefix util module '/home/phy_ai/.ihub/daksha/install/_local_setup_util_sh.py'
[9.736s] INFO:colcon.colcon_core.shell:Creating prefix chain script '/home/phy_ai/.ihub/daksha/install/setup.sh'
[9.744s] INFO:colcon.colcon_core.shell:Creating prefix script '/home/phy_ai/.ihub/daksha/install/local_setup.bash'
[9.745s] INFO:colcon.colcon_core.shell:Creating prefix chain script '/home/phy_ai/.ihub/daksha/install/setup.bash'
[9.752s] INFO:colcon.colcon_core.shell:Creating prefix script '/home/phy_ai/.ihub/daksha/install/local_setup.zsh'
[9.753s] INFO:colcon.colcon_core.shell:Creating prefix chain script '/home/phy_ai/.ihub/daksha/install/setup.zsh'
