[0.128s] DEBUG:colcon:Command line arguments: ['/usr/bin/colcon', 'build']
[0.128s] DEBUG:colcon:Parsed command line arguments: Namespace(log_base=None, log_level=None, verb_name='build', build_base='build', install_base='install', merge_install=False, symlink_install=False, test_result_base=None, continue_on_error=False, executor='parallel', parallel_workers=16, event_handlers=None, ignore_user_meta=False, metas=['./colcon.meta'], base_paths=['.'], packages_ignore=None, packages_ignore_regex=None, paths=None, packages_up_to=None, packages_up_to_regex=None, packages_above=None, packages_above_and_dependencies=None, packages_above_depth=None, packages_select_by_dep=None, packages_skip_by_dep=None, packages_skip_up_to=None, packages_select_build_failed=False, packages_skip_build_finished=False, packages_select_test_failures=False, packages_skip_test_passed=False, packages_select=None, packages_skip=None, packages_select_regex=None, packages_skip_regex=None, packages_start=None, packages_end=None, allow_overriding=[], cmake_args=None, cmake_target=None, cmake_target_skip_unavailable=False, cmake_clean_cache=False, cmake_clean_first=False, cmake_force_configure=False, ament_cmake_args=None, catkin_cmake_args=None, catkin_skip_building_tests=False, mixin_files=None, mixin=None, verb_parser=<colcon_mixin.mixin.mixin_argument.MixinArgumentDecorator object at 0x7a42e5a9baf0>, verb_extension=<colcon_core.verb.build.BuildVerb object at 0x7a42e5a9b490>, main=<bound method BuildVerb.main of <colcon_core.verb.build.BuildVerb object at 0x7a42e5a9b490>>, mixin_verb=('build',))
[0.370s] Level 1:colcon.colcon_core.package_discovery:discover_packages(colcon_meta) check parameters
[0.370s] Level 1:colcon.colcon_core.package_discovery:discover_packages(recursive) check parameters
[0.370s] Level 1:colcon.colcon_core.package_discovery:discover_packages(ignore) check parameters
[0.370s] Level 1:colcon.colcon_core.package_discovery:discover_packages(path) check parameters
[0.370s] Level 1:colcon.colcon_core.package_discovery:discover_packages(colcon_meta) discover
[0.370s] Level 1:colcon.colcon_core.package_discovery:discover_packages(recursive) discover
[0.370s] INFO:colcon.colcon_core.package_discovery:Crawling recursively for packages in '/home/phy_ai/.ihub/daksha'
[0.370s] Level 1:colcon.colcon_core.package_identification:_identify(.) by extensions ['ignore', 'ignore_ament_install']
[0.370s] Level 1:colcon.colcon_core.package_identification:_identify(.) by extension 'ignore'
[0.370s] Level 1:colcon.colcon_core.package_identification:_identify(.) by extension 'ignore_ament_install'
[0.370s] Level 1:colcon.colcon_core.package_identification:_identify(.) by extensions ['colcon_pkg']
[0.370s] Level 1:colcon.colcon_core.package_identification:_identify(.) by extension 'colcon_pkg'
[0.370s] Level 1:colcon.colcon_core.package_identification:_identify(.) by extensions ['colcon_meta']
[0.370s] Level 1:colcon.colcon_core.package_identification:_identify(.) by extension 'colcon_meta'
[0.370s] Level 1:colcon.colcon_core.package_identification:_identify(.) by extensions ['ros']
[0.370s] Level 1:colcon.colcon_core.package_identification:_identify(.) by extension 'ros'
[0.393s] Level 1:colcon.colcon_core.package_identification:_identify(.) by extensions ['cmake', 'python']
[0.393s] Level 1:colcon.colcon_core.package_identification:_identify(.) by extension 'cmake'
[0.393s] Level 1:colcon.colcon_core.package_identification:_identify(.) by extension 'python'
[0.393s] Level 1:colcon.colcon_core.package_identification:_identify(.) by extensions ['python_setup_py']
[0.393s] Level 1:colcon.colcon_core.package_identification:_identify(.) by extension 'python_setup_py'
[0.393s] Level 1:colcon.colcon_core.package_identification:_identify(build) by extensions ['ignore', 'ignore_ament_install']
[0.393s] Level 1:colcon.colcon_core.package_identification:_identify(build) by extension 'ignore'
[0.393s] Level 1:colcon.colcon_core.package_identification:_identify(build) ignored
[0.393s] Level 1:colcon.colcon_core.package_identification:_identify(docs) by extensions ['ignore', 'ignore_ament_install']
[0.393s] Level 1:colcon.colcon_core.package_identification:_identify(docs) by extension 'ignore'
[0.393s] Level 1:colcon.colcon_core.package_identification:_identify(docs) by extension 'ignore_ament_install'
[0.393s] Level 1:colcon.colcon_core.package_identification:_identify(docs) by extensions ['colcon_pkg']
[0.393s] Level 1:colcon.colcon_core.package_identification:_identify(docs) by extension 'colcon_pkg'
[0.394s] Level 1:colcon.colcon_core.package_identification:_identify(docs) by extensions ['colcon_meta']
[0.394s] Level 1:colcon.colcon_core.package_identification:_identify(docs) by extension 'colcon_meta'
[0.394s] Level 1:colcon.colcon_core.package_identification:_identify(docs) by extensions ['ros']
[0.394s] Level 1:colcon.colcon_core.package_identification:_identify(docs) by extension 'ros'
[0.394s] Level 1:colcon.colcon_core.package_identification:_identify(docs) by extensions ['cmake', 'python']
[0.394s] Level 1:colcon.colcon_core.package_identification:_identify(docs) by extension 'cmake'
[0.394s] Level 1:colcon.colcon_core.package_identification:_identify(docs) by extension 'python'
[0.394s] Level 1:colcon.colcon_core.package_identification:_identify(docs) by extensions ['python_setup_py']
[0.394s] Level 1:colcon.colcon_core.package_identification:_identify(docs) by extension 'python_setup_py'
[0.394s] Level 1:colcon.colcon_core.package_identification:_identify(install) by extensions ['ignore', 'ignore_ament_install']
[0.394s] Level 1:colcon.colcon_core.package_identification:_identify(install) by extension 'ignore'
[0.394s] Level 1:colcon.colcon_core.package_identification:_identify(install) ignored
[0.394s] Level 1:colcon.colcon_core.package_identification:_identify(log) by extensions ['ignore', 'ignore_ament_install']
[0.394s] Level 1:colcon.colcon_core.package_identification:_identify(log) by extension 'ignore'
[0.394s] Level 1:colcon.colcon_core.package_identification:_identify(log) ignored
[0.394s] Level 1:colcon.colcon_core.package_identification:_identify(src) by extensions ['ignore', 'ignore_ament_install']
[0.394s] Level 1:colcon.colcon_core.package_identification:_identify(src) by extension 'ignore'
[0.394s] Level 1:colcon.colcon_core.package_identification:_identify(src) by extension 'ignore_ament_install'
[0.394s] Level 1:colcon.colcon_core.package_identification:_identify(src) by extensions ['colcon_pkg']
[0.394s] Level 1:colcon.colcon_core.package_identification:_identify(src) by extension 'colcon_pkg'
[0.394s] Level 1:colcon.colcon_core.package_identification:_identify(src) by extensions ['colcon_meta']
[0.394s] Level 1:colcon.colcon_core.package_identification:_identify(src) by extension 'colcon_meta'
[0.394s] Level 1:colcon.colcon_core.package_identification:_identify(src) by extensions ['ros']
[0.394s] Level 1:colcon.colcon_core.package_identification:_identify(src) by extension 'ros'
[0.394s] Level 1:colcon.colcon_core.package_identification:_identify(src) by extensions ['cmake', 'python']
[0.394s] Level 1:colcon.colcon_core.package_identification:_identify(src) by extension 'cmake'
[0.395s] Level 1:colcon.colcon_core.package_identification:_identify(src) by extension 'python'
[0.395s] Level 1:colcon.colcon_core.package_identification:_identify(src) by extensions ['python_setup_py']
[0.395s] Level 1:colcon.colcon_core.package_identification:_identify(src) by extension 'python_setup_py'
[0.395s] Level 1:colcon.colcon_core.package_identification:_identify(src/automation) by extensions ['ignore', 'ignore_ament_install']
[0.395s] Level 1:colcon.colcon_core.package_identification:_identify(src/automation) by extension 'ignore'
[0.395s] Level 1:colcon.colcon_core.package_identification:_identify(src/automation) by extension 'ignore_ament_install'
[0.395s] Level 1:colcon.colcon_core.package_identification:_identify(src/automation) by extensions ['colcon_pkg']
[0.395s] Level 1:colcon.colcon_core.package_identification:_identify(src/automation) by extension 'colcon_pkg'
[0.395s] Level 1:colcon.colcon_core.package_identification:_identify(src/automation) by extensions ['colcon_meta']
[0.395s] Level 1:colcon.colcon_core.package_identification:_identify(src/automation) by extension 'colcon_meta'
[0.395s] Level 1:colcon.colcon_core.package_identification:_identify(src/automation) by extensions ['ros']
[0.395s] Level 1:colcon.colcon_core.package_identification:_identify(src/automation) by extension 'ros'
[0.397s] DEBUG:colcon.colcon_core.package_identification:Package 'src/automation' with type 'ros.ament_cmake' and name 'automation'
[0.398s] Level 1:colcon.colcon_core.package_identification:_identify(src/controllers) by extensions ['ignore', 'ignore_ament_install']
[0.398s] Level 1:colcon.colcon_core.package_identification:_identify(src/controllers) by extension 'ignore'
[0.398s] Level 1:colcon.colcon_core.package_identification:_identify(src/controllers) by extension 'ignore_ament_install'
[0.398s] Level 1:colcon.colcon_core.package_identification:_identify(src/controllers) by extensions ['colcon_pkg']
[0.398s] Level 1:colcon.colcon_core.package_identification:_identify(src/controllers) by extension 'colcon_pkg'
[0.398s] Level 1:colcon.colcon_core.package_identification:_identify(src/controllers) by extensions ['colcon_meta']
[0.398s] Level 1:colcon.colcon_core.package_identification:_identify(src/controllers) by extension 'colcon_meta'
[0.398s] Level 1:colcon.colcon_core.package_identification:_identify(src/controllers) by extensions ['ros']
[0.398s] Level 1:colcon.colcon_core.package_identification:_identify(src/controllers) by extension 'ros'
[0.398s] Level 1:colcon.colcon_core.package_identification:_identify(src/controllers) by extensions ['cmake', 'python']
[0.398s] Level 1:colcon.colcon_core.package_identification:_identify(src/controllers) by extension 'cmake'
[0.398s] Level 1:colcon.colcon_core.package_identification:_identify(src/controllers) by extension 'python'
[0.398s] Level 1:colcon.colcon_core.package_identification:_identify(src/controllers) by extensions ['python_setup_py']
[0.398s] Level 1:colcon.colcon_core.package_identification:_identify(src/controllers) by extension 'python_setup_py'
[0.398s] Level 1:colcon.colcon_core.package_identification:_identify(src/controllers/collision_management) by extensions ['ignore', 'ignore_ament_install']
[0.398s] Level 1:colcon.colcon_core.package_identification:_identify(src/controllers/collision_management) by extension 'ignore'
[0.398s] Level 1:colcon.colcon_core.package_identification:_identify(src/controllers/collision_management) by extension 'ignore_ament_install'
[0.398s] Level 1:colcon.colcon_core.package_identification:_identify(src/controllers/collision_management) by extensions ['colcon_pkg']
[0.398s] Level 1:colcon.colcon_core.package_identification:_identify(src/controllers/collision_management) by extension 'colcon_pkg'
[0.398s] Level 1:colcon.colcon_core.package_identification:_identify(src/controllers/collision_management) by extensions ['colcon_meta']
[0.398s] Level 1:colcon.colcon_core.package_identification:_identify(src/controllers/collision_management) by extension 'colcon_meta'
[0.398s] Level 1:colcon.colcon_core.package_identification:_identify(src/controllers/collision_management) by extensions ['ros']
[0.398s] Level 1:colcon.colcon_core.package_identification:_identify(src/controllers/collision_management) by extension 'ros'
[0.399s] DEBUG:colcon.colcon_core.package_identification:Package 'src/controllers/collision_management' with type 'ros.ament_cmake' and name 'collision_management'
[0.399s] Level 1:colcon.colcon_core.package_identification:_identify(src/controllers/dynamics) by extensions ['ignore', 'ignore_ament_install']
[0.399s] Level 1:colcon.colcon_core.package_identification:_identify(src/controllers/dynamics) by extension 'ignore'
[0.399s] Level 1:colcon.colcon_core.package_identification:_identify(src/controllers/dynamics) by extension 'ignore_ament_install'
[0.399s] Level 1:colcon.colcon_core.package_identification:_identify(src/controllers/dynamics) by extensions ['colcon_pkg']
[0.399s] Level 1:colcon.colcon_core.package_identification:_identify(src/controllers/dynamics) by extension 'colcon_pkg'
[0.399s] Level 1:colcon.colcon_core.package_identification:_identify(src/controllers/dynamics) by extensions ['colcon_meta']
[0.399s] Level 1:colcon.colcon_core.package_identification:_identify(src/controllers/dynamics) by extension 'colcon_meta'
[0.399s] Level 1:colcon.colcon_core.package_identification:_identify(src/controllers/dynamics) by extensions ['ros']
[0.399s] Level 1:colcon.colcon_core.package_identification:_identify(src/controllers/dynamics) by extension 'ros'
[0.400s] DEBUG:colcon.colcon_core.package_identification:Package 'src/controllers/dynamics' with type 'ros.ament_cmake' and name 'dynamics'
[0.400s] Level 1:colcon.colcon_core.package_identification:_identify(src/controllers/hw_interface) by extensions ['ignore', 'ignore_ament_install']
[0.400s] Level 1:colcon.colcon_core.package_identification:_identify(src/controllers/hw_interface) by extension 'ignore'
[0.400s] Level 1:colcon.colcon_core.package_identification:_identify(src/controllers/hw_interface) by extension 'ignore_ament_install'
[0.400s] Level 1:colcon.colcon_core.package_identification:_identify(src/controllers/hw_interface) by extensions ['colcon_pkg']
[0.400s] Level 1:colcon.colcon_core.package_identification:_identify(src/controllers/hw_interface) by extension 'colcon_pkg'
[0.400s] Level 1:colcon.colcon_core.package_identification:_identify(src/controllers/hw_interface) by extensions ['colcon_meta']
[0.400s] Level 1:colcon.colcon_core.package_identification:_identify(src/controllers/hw_interface) by extension 'colcon_meta'
[0.400s] Level 1:colcon.colcon_core.package_identification:_identify(src/controllers/hw_interface) by extensions ['ros']
[0.400s] Level 1:colcon.colcon_core.package_identification:_identify(src/controllers/hw_interface) by extension 'ros'
[0.401s] DEBUG:colcon.colcon_core.package_identification:Package 'src/controllers/hw_interface' with type 'ros.ament_cmake' and name 'hw_interface'
[0.401s] Level 1:colcon.colcon_core.package_identification:_identify(src/controllers/kinematics) by extensions ['ignore', 'ignore_ament_install']
[0.401s] Level 1:colcon.colcon_core.package_identification:_identify(src/controllers/kinematics) by extension 'ignore'
[0.401s] Level 1:colcon.colcon_core.package_identification:_identify(src/controllers/kinematics) by extension 'ignore_ament_install'
[0.401s] Level 1:colcon.colcon_core.package_identification:_identify(src/controllers/kinematics) by extensions ['colcon_pkg']
[0.401s] Level 1:colcon.colcon_core.package_identification:_identify(src/controllers/kinematics) by extension 'colcon_pkg'
[0.401s] Level 1:colcon.colcon_core.package_identification:_identify(src/controllers/kinematics) by extensions ['colcon_meta']
[0.402s] Level 1:colcon.colcon_core.package_identification:_identify(src/controllers/kinematics) by extension 'colcon_meta'
[0.402s] Level 1:colcon.colcon_core.package_identification:_identify(src/controllers/kinematics) by extensions ['ros']
[0.402s] Level 1:colcon.colcon_core.package_identification:_identify(src/controllers/kinematics) by extension 'ros'
[0.402s] DEBUG:colcon.colcon_core.package_identification:Package 'src/controllers/kinematics' with type 'ros.ament_python' and name 'kinematics'
[0.402s] Level 1:colcon.colcon_core.package_identification:_identify(src/controllers/moveit_collision_management) by extensions ['ignore', 'ignore_ament_install']
[0.402s] Level 1:colcon.colcon_core.package_identification:_identify(src/controllers/moveit_collision_management) by extension 'ignore'
[0.402s] Level 1:colcon.colcon_core.package_identification:_identify(src/controllers/moveit_collision_management) by extension 'ignore_ament_install'
[0.402s] Level 1:colcon.colcon_core.package_identification:_identify(src/controllers/moveit_collision_management) by extensions ['colcon_pkg']
[0.402s] Level 1:colcon.colcon_core.package_identification:_identify(src/controllers/moveit_collision_management) by extension 'colcon_pkg'
[0.402s] Level 1:colcon.colcon_core.package_identification:_identify(src/controllers/moveit_collision_management) by extensions ['colcon_meta']
[0.402s] Level 1:colcon.colcon_core.package_identification:_identify(src/controllers/moveit_collision_management) by extension 'colcon_meta'
[0.402s] Level 1:colcon.colcon_core.package_identification:_identify(src/controllers/moveit_collision_management) by extensions ['ros']
[0.402s] Level 1:colcon.colcon_core.package_identification:_identify(src/controllers/moveit_collision_management) by extension 'ros'
[0.403s] DEBUG:colcon.colcon_core.package_identification:Package 'src/controllers/moveit_collision_management' with type 'ros.ament_cmake' and name 'moveit_collision_management'
[0.403s] Level 1:colcon.colcon_core.package_identification:_identify(src/controllers/posveleff_controllers) by extensions ['ignore', 'ignore_ament_install']
[0.403s] Level 1:colcon.colcon_core.package_identification:_identify(src/controllers/posveleff_controllers) by extension 'ignore'
[0.403s] Level 1:colcon.colcon_core.package_identification:_identify(src/controllers/posveleff_controllers) by extension 'ignore_ament_install'
[0.403s] Level 1:colcon.colcon_core.package_identification:_identify(src/controllers/posveleff_controllers) by extensions ['colcon_pkg']
[0.404s] Level 1:colcon.colcon_core.package_identification:_identify(src/controllers/posveleff_controllers) by extension 'colcon_pkg'
[0.404s] Level 1:colcon.colcon_core.package_identification:_identify(src/controllers/posveleff_controllers) by extensions ['colcon_meta']
[0.404s] Level 1:colcon.colcon_core.package_identification:_identify(src/controllers/posveleff_controllers) by extension 'colcon_meta'
[0.404s] Level 1:colcon.colcon_core.package_identification:_identify(src/controllers/posveleff_controllers) by extensions ['ros']
[0.404s] Level 1:colcon.colcon_core.package_identification:_identify(src/controllers/posveleff_controllers) by extension 'ros'
[0.404s] DEBUG:colcon.colcon_core.package_identification:Package 'src/controllers/posveleff_controllers' with type 'ros.ament_cmake' and name 'posveleff_controllers'
[0.404s] Level 1:colcon.colcon_core.package_identification:_identify(src/custom_v3format_dataset) by extensions ['ignore', 'ignore_ament_install']
[0.405s] Level 1:colcon.colcon_core.package_identification:_identify(src/custom_v3format_dataset) by extension 'ignore'
[0.405s] Level 1:colcon.colcon_core.package_identification:_identify(src/custom_v3format_dataset) by extension 'ignore_ament_install'
[0.405s] Level 1:colcon.colcon_core.package_identification:_identify(src/custom_v3format_dataset) by extensions ['colcon_pkg']
[0.405s] Level 1:colcon.colcon_core.package_identification:_identify(src/custom_v3format_dataset) by extension 'colcon_pkg'
[0.405s] Level 1:colcon.colcon_core.package_identification:_identify(src/custom_v3format_dataset) by extensions ['colcon_meta']
[0.405s] Level 1:colcon.colcon_core.package_identification:_identify(src/custom_v3format_dataset) by extension 'colcon_meta'
[0.405s] Level 1:colcon.colcon_core.package_identification:_identify(src/custom_v3format_dataset) by extensions ['ros']
[0.405s] Level 1:colcon.colcon_core.package_identification:_identify(src/custom_v3format_dataset) by extension 'ros'
[0.405s] Level 1:colcon.colcon_core.package_identification:_identify(src/custom_v3format_dataset) by extensions ['cmake', 'python']
[0.405s] Level 1:colcon.colcon_core.package_identification:_identify(src/custom_v3format_dataset) by extension 'cmake'
[0.405s] Level 1:colcon.colcon_core.package_identification:_identify(src/custom_v3format_dataset) by extension 'python'
[0.405s] Level 1:colcon.colcon_core.package_identification:_identify(src/custom_v3format_dataset) by extensions ['python_setup_py']
[0.405s] Level 1:colcon.colcon_core.package_identification:_identify(src/custom_v3format_dataset) by extension 'python_setup_py'
[0.405s] Level 1:colcon.colcon_core.package_identification:_identify(src/custom_v3format_dataset/__pycache__) by extensions ['ignore', 'ignore_ament_install']
[0.405s] Level 1:colcon.colcon_core.package_identification:_identify(src/custom_v3format_dataset/__pycache__) by extension 'ignore'
[0.405s] Level 1:colcon.colcon_core.package_identification:_identify(src/custom_v3format_dataset/__pycache__) by extension 'ignore_ament_install'
[0.405s] Level 1:colcon.colcon_core.package_identification:_identify(src/custom_v3format_dataset/__pycache__) by extensions ['colcon_pkg']
[0.405s] Level 1:colcon.colcon_core.package_identification:_identify(src/custom_v3format_dataset/__pycache__) by extension 'colcon_pkg'
[0.405s] Level 1:colcon.colcon_core.package_identification:_identify(src/custom_v3format_dataset/__pycache__) by extensions ['colcon_meta']
[0.405s] Level 1:colcon.colcon_core.package_identification:_identify(src/custom_v3format_dataset/__pycache__) by extension 'colcon_meta'
[0.405s] Level 1:colcon.colcon_core.package_identification:_identify(src/custom_v3format_dataset/__pycache__) by extensions ['ros']
[0.405s] Level 1:colcon.colcon_core.package_identification:_identify(src/custom_v3format_dataset/__pycache__) by extension 'ros'
[0.405s] Level 1:colcon.colcon_core.package_identification:_identify(src/custom_v3format_dataset/__pycache__) by extensions ['cmake', 'python']
[0.405s] Level 1:colcon.colcon_core.package_identification:_identify(src/custom_v3format_dataset/__pycache__) by extension 'cmake'
[0.405s] Level 1:colcon.colcon_core.package_identification:_identify(src/custom_v3format_dataset/__pycache__) by extension 'python'
[0.405s] Level 1:colcon.colcon_core.package_identification:_identify(src/custom_v3format_dataset/__pycache__) by extensions ['python_setup_py']
[0.405s] Level 1:colcon.colcon_core.package_identification:_identify(src/custom_v3format_dataset/__pycache__) by extension 'python_setup_py'
[0.406s] Level 1:colcon.colcon_core.package_identification:_identify(src/daksha_description_full_body) by extensions ['ignore', 'ignore_ament_install']
[0.406s] Level 1:colcon.colcon_core.package_identification:_identify(src/daksha_description_full_body) by extension 'ignore'
[0.406s] Level 1:colcon.colcon_core.package_identification:_identify(src/daksha_description_full_body) by extension 'ignore_ament_install'
[0.406s] Level 1:colcon.colcon_core.package_identification:_identify(src/daksha_description_full_body) by extensions ['colcon_pkg']
[0.406s] Level 1:colcon.colcon_core.package_identification:_identify(src/daksha_description_full_body) by extension 'colcon_pkg'
[0.406s] Level 1:colcon.colcon_core.package_identification:_identify(src/daksha_description_full_body) by extensions ['colcon_meta']
[0.406s] Level 1:colcon.colcon_core.package_identification:_identify(src/daksha_description_full_body) by extension 'colcon_meta'
[0.406s] Level 1:colcon.colcon_core.package_identification:_identify(src/daksha_description_full_body) by extensions ['ros']
[0.406s] Level 1:colcon.colcon_core.package_identification:_identify(src/daksha_description_full_body) by extension 'ros'
[0.407s] DEBUG:colcon.colcon_core.package_identification:Package 'src/daksha_description_full_body' with type 'ros.ament_python' and name 'daksha_description_full_body'
[0.407s] Level 1:colcon.colcon_core.package_identification:_identify(src/diagnosis) by extensions ['ignore', 'ignore_ament_install']
[0.407s] Level 1:colcon.colcon_core.package_identification:_identify(src/diagnosis) by extension 'ignore'
[0.407s] Level 1:colcon.colcon_core.package_identification:_identify(src/diagnosis) by extension 'ignore_ament_install'
[0.407s] Level 1:colcon.colcon_core.package_identification:_identify(src/diagnosis) by extensions ['colcon_pkg']
[0.407s] Level 1:colcon.colcon_core.package_identification:_identify(src/diagnosis) by extension 'colcon_pkg'
[0.407s] Level 1:colcon.colcon_core.package_identification:_identify(src/diagnosis) by extensions ['colcon_meta']
[0.407s] Level 1:colcon.colcon_core.package_identification:_identify(src/diagnosis) by extension 'colcon_meta'
[0.407s] Level 1:colcon.colcon_core.package_identification:_identify(src/diagnosis) by extensions ['ros']
[0.407s] Level 1:colcon.colcon_core.package_identification:_identify(src/diagnosis) by extension 'ros'
[0.407s] Level 1:colcon.colcon_core.package_identification:_identify(src/diagnosis) by extensions ['cmake', 'python']
[0.407s] Level 1:colcon.colcon_core.package_identification:_identify(src/diagnosis) by extension 'cmake'
[0.407s] Level 1:colcon.colcon_core.package_identification:_identify(src/diagnosis) by extension 'python'
[0.407s] Level 1:colcon.colcon_core.package_identification:_identify(src/diagnosis) by extensions ['python_setup_py']
[0.407s] Level 1:colcon.colcon_core.package_identification:_identify(src/diagnosis) by extension 'python_setup_py'
[0.407s] Level 1:colcon.colcon_core.package_identification:_identify(src/diagnosis/temp_graph) by extensions ['ignore', 'ignore_ament_install']
[0.407s] Level 1:colcon.colcon_core.package_identification:_identify(src/diagnosis/temp_graph) by extension 'ignore'
[0.407s] Level 1:colcon.colcon_core.package_identification:_identify(src/diagnosis/temp_graph) by extension 'ignore_ament_install'
[0.407s] Level 1:colcon.colcon_core.package_identification:_identify(src/diagnosis/temp_graph) by extensions ['colcon_pkg']
[0.407s] Level 1:colcon.colcon_core.package_identification:_identify(src/diagnosis/temp_graph) by extension 'colcon_pkg'
[0.407s] Level 1:colcon.colcon_core.package_identification:_identify(src/diagnosis/temp_graph) by extensions ['colcon_meta']
[0.407s] Level 1:colcon.colcon_core.package_identification:_identify(src/diagnosis/temp_graph) by extension 'colcon_meta'
[0.407s] Level 1:colcon.colcon_core.package_identification:_identify(src/diagnosis/temp_graph) by extensions ['ros']
[0.407s] Level 1:colcon.colcon_core.package_identification:_identify(src/diagnosis/temp_graph) by extension 'ros'
[0.407s] Level 1:colcon.colcon_core.package_identification:_identify(src/diagnosis/temp_graph) by extensions ['cmake', 'python']
[0.407s] Level 1:colcon.colcon_core.package_identification:_identify(src/diagnosis/temp_graph) by extension 'cmake'
[0.408s] Level 1:colcon.colcon_core.package_identification:_identify(src/diagnosis/temp_graph) by extension 'python'
[0.408s] Level 1:colcon.colcon_core.package_identification:_identify(src/diagnosis/temp_graph) by extensions ['python_setup_py']
[0.408s] Level 1:colcon.colcon_core.package_identification:_identify(src/diagnosis/temp_graph) by extension 'python_setup_py'
[0.408s] Level 1:colcon.colcon_core.package_identification:_identify(src/diagnosis/temp_graph/build) by extensions ['ignore', 'ignore_ament_install']
[0.408s] Level 1:colcon.colcon_core.package_identification:_identify(src/diagnosis/temp_graph/build) by extension 'ignore'
[0.408s] Level 1:colcon.colcon_core.package_identification:_identify(src/diagnosis/temp_graph/build) by extension 'ignore_ament_install'
[0.408s] Level 1:colcon.colcon_core.package_identification:_identify(src/diagnosis/temp_graph/build) by extensions ['colcon_pkg']
[0.408s] Level 1:colcon.colcon_core.package_identification:_identify(src/diagnosis/temp_graph/build) by extension 'colcon_pkg'
[0.408s] Level 1:colcon.colcon_core.package_identification:_identify(src/diagnosis/temp_graph/build) by extensions ['colcon_meta']
[0.408s] Level 1:colcon.colcon_core.package_identification:_identify(src/diagnosis/temp_graph/build) by extension 'colcon_meta'
[0.408s] Level 1:colcon.colcon_core.package_identification:_identify(src/diagnosis/temp_graph/build) by extensions ['ros']
[0.408s] Level 1:colcon.colcon_core.package_identification:_identify(src/diagnosis/temp_graph/build) by extension 'ros'
[0.408s] Level 1:colcon.colcon_core.package_identification:_identify(src/diagnosis/temp_graph/build) by extensions ['cmake', 'python']
[0.408s] Level 1:colcon.colcon_core.package_identification:_identify(src/diagnosis/temp_graph/build) by extension 'cmake'
[0.408s] Level 1:colcon.colcon_core.package_identification:_identify(src/diagnosis/temp_graph/build) by extension 'python'
[0.408s] Level 1:colcon.colcon_core.package_identification:_identify(src/diagnosis/temp_graph/build) by extensions ['python_setup_py']
[0.408s] Level 1:colcon.colcon_core.package_identification:_identify(src/diagnosis/temp_graph/build) by extension 'python_setup_py'
[0.408s] Level 1:colcon.colcon_core.package_identification:_identify(src/diagnosis/temp_graph/build/lib) by extensions ['ignore', 'ignore_ament_install']
[0.408s] Level 1:colcon.colcon_core.package_identification:_identify(src/diagnosis/temp_graph/build/lib) by extension 'ignore'
[0.408s] Level 1:colcon.colcon_core.package_identification:_identify(src/diagnosis/temp_graph/build/lib) by extension 'ignore_ament_install'
[0.408s] Level 1:colcon.colcon_core.package_identification:_identify(src/diagnosis/temp_graph/build/lib) by extensions ['colcon_pkg']
[0.408s] Level 1:colcon.colcon_core.package_identification:_identify(src/diagnosis/temp_graph/build/lib) by extension 'colcon_pkg'
[0.408s] Level 1:colcon.colcon_core.package_identification:_identify(src/diagnosis/temp_graph/build/lib) by extensions ['colcon_meta']
[0.408s] Level 1:colcon.colcon_core.package_identification:_identify(src/diagnosis/temp_graph/build/lib) by extension 'colcon_meta'
[0.408s] Level 1:colcon.colcon_core.package_identification:_identify(src/diagnosis/temp_graph/build/lib) by extensions ['ros']
[0.408s] Level 1:colcon.colcon_core.package_identification:_identify(src/diagnosis/temp_graph/build/lib) by extension 'ros'
[0.408s] Level 1:colcon.colcon_core.package_identification:_identify(src/diagnosis/temp_graph/build/lib) by extensions ['cmake', 'python']
[0.409s] Level 1:colcon.colcon_core.package_identification:_identify(src/diagnosis/temp_graph/build/lib) by extension 'cmake'
[0.409s] Level 1:colcon.colcon_core.package_identification:_identify(src/diagnosis/temp_graph/build/lib) by extension 'python'
[0.409s] Level 1:colcon.colcon_core.package_identification:_identify(src/diagnosis/temp_graph/build/lib) by extensions ['python_setup_py']
[0.409s] Level 1:colcon.colcon_core.package_identification:_identify(src/diagnosis/temp_graph/build/lib) by extension 'python_setup_py'
[0.409s] Level 1:colcon.colcon_core.package_identification:_identify(src/diagnosis/temp_graph/build/lib/temp_graph) by extensions ['ignore', 'ignore_ament_install']
[0.409s] Level 1:colcon.colcon_core.package_identification:_identify(src/diagnosis/temp_graph/build/lib/temp_graph) by extension 'ignore'
[0.409s] Level 1:colcon.colcon_core.package_identification:_identify(src/diagnosis/temp_graph/build/lib/temp_graph) by extension 'ignore_ament_install'
[0.409s] Level 1:colcon.colcon_core.package_identification:_identify(src/diagnosis/temp_graph/build/lib/temp_graph) by extensions ['colcon_pkg']
[0.409s] Level 1:colcon.colcon_core.package_identification:_identify(src/diagnosis/temp_graph/build/lib/temp_graph) by extension 'colcon_pkg'
[0.409s] Level 1:colcon.colcon_core.package_identification:_identify(src/diagnosis/temp_graph/build/lib/temp_graph) by extensions ['colcon_meta']
[0.409s] Level 1:colcon.colcon_core.package_identification:_identify(src/diagnosis/temp_graph/build/lib/temp_graph) by extension 'colcon_meta'
[0.409s] Level 1:colcon.colcon_core.package_identification:_identify(src/diagnosis/temp_graph/build/lib/temp_graph) by extensions ['ros']
[0.409s] Level 1:colcon.colcon_core.package_identification:_identify(src/diagnosis/temp_graph/build/lib/temp_graph) by extension 'ros'
[0.409s] Level 1:colcon.colcon_core.package_identification:_identify(src/diagnosis/temp_graph/build/lib/temp_graph) by extensions ['cmake', 'python']
[0.409s] Level 1:colcon.colcon_core.package_identification:_identify(src/diagnosis/temp_graph/build/lib/temp_graph) by extension 'cmake'
[0.409s] Level 1:colcon.colcon_core.package_identification:_identify(src/diagnosis/temp_graph/build/lib/temp_graph) by extension 'python'
[0.409s] Level 1:colcon.colcon_core.package_identification:_identify(src/diagnosis/temp_graph/build/lib/temp_graph) by extensions ['python_setup_py']
[0.409s] Level 1:colcon.colcon_core.package_identification:_identify(src/diagnosis/temp_graph/build/lib/temp_graph) by extension 'python_setup_py'
[0.409s] Level 1:colcon.colcon_core.package_identification:_identify(src/diagnosis/temp_graph/temp_graph) by extensions ['ignore', 'ignore_ament_install']
[0.409s] Level 1:colcon.colcon_core.package_identification:_identify(src/diagnosis/temp_graph/temp_graph) by extension 'ignore'
[0.409s] Level 1:colcon.colcon_core.package_identification:_identify(src/diagnosis/temp_graph/temp_graph) by extension 'ignore_ament_install'
[0.409s] Level 1:colcon.colcon_core.package_identification:_identify(src/diagnosis/temp_graph/temp_graph) by extensions ['colcon_pkg']
[0.409s] Level 1:colcon.colcon_core.package_identification:_identify(src/diagnosis/temp_graph/temp_graph) by extension 'colcon_pkg'
[0.409s] Level 1:colcon.colcon_core.package_identification:_identify(src/diagnosis/temp_graph/temp_graph) by extensions ['colcon_meta']
[0.409s] Level 1:colcon.colcon_core.package_identification:_identify(src/diagnosis/temp_graph/temp_graph) by extension 'colcon_meta'
[0.409s] Level 1:colcon.colcon_core.package_identification:_identify(src/diagnosis/temp_graph/temp_graph) by extensions ['ros']
[0.409s] Level 1:colcon.colcon_core.package_identification:_identify(src/diagnosis/temp_graph/temp_graph) by extension 'ros'
[0.410s] Level 1:colcon.colcon_core.package_identification:_identify(src/diagnosis/temp_graph/temp_graph) by extensions ['cmake', 'python']
[0.410s] Level 1:colcon.colcon_core.package_identification:_identify(src/diagnosis/temp_graph/temp_graph) by extension 'cmake'
[0.410s] Level 1:colcon.colcon_core.package_identification:_identify(src/diagnosis/temp_graph/temp_graph) by extension 'python'
[0.410s] Level 1:colcon.colcon_core.package_identification:_identify(src/diagnosis/temp_graph/temp_graph) by extensions ['python_setup_py']
[0.410s] Level 1:colcon.colcon_core.package_identification:_identify(src/diagnosis/temp_graph/temp_graph) by extension 'python_setup_py'
[0.410s] Level 1:colcon.colcon_core.package_identification:_identify(src/diagnosis/temp_graph/temp_graph/__pycache__) by extensions ['ignore', 'ignore_ament_install']
[0.410s] Level 1:colcon.colcon_core.package_identification:_identify(src/diagnosis/temp_graph/temp_graph/__pycache__) by extension 'ignore'
[0.410s] Level 1:colcon.colcon_core.package_identification:_identify(src/diagnosis/temp_graph/temp_graph/__pycache__) by extension 'ignore_ament_install'
[0.410s] Level 1:colcon.colcon_core.package_identification:_identify(src/diagnosis/temp_graph/temp_graph/__pycache__) by extensions ['colcon_pkg']
[0.410s] Level 1:colcon.colcon_core.package_identification:_identify(src/diagnosis/temp_graph/temp_graph/__pycache__) by extension 'colcon_pkg'
[0.410s] Level 1:colcon.colcon_core.package_identification:_identify(src/diagnosis/temp_graph/temp_graph/__pycache__) by extensions ['colcon_meta']
[0.410s] Level 1:colcon.colcon_core.package_identification:_identify(src/diagnosis/temp_graph/temp_graph/__pycache__) by extension 'colcon_meta'
[0.410s] Level 1:colcon.colcon_core.package_identification:_identify(src/diagnosis/temp_graph/temp_graph/__pycache__) by extensions ['ros']
[0.410s] Level 1:colcon.colcon_core.package_identification:_identify(src/diagnosis/temp_graph/temp_graph/__pycache__) by extension 'ros'
[0.410s] Level 1:colcon.colcon_core.package_identification:_identify(src/diagnosis/temp_graph/temp_graph/__pycache__) by extensions ['cmake', 'python']
[0.410s] Level 1:colcon.colcon_core.package_identification:_identify(src/diagnosis/temp_graph/temp_graph/__pycache__) by extension 'cmake'
[0.410s] Level 1:colcon.colcon_core.package_identification:_identify(src/diagnosis/temp_graph/temp_graph/__pycache__) by extension 'python'
[0.410s] Level 1:colcon.colcon_core.package_identification:_identify(src/diagnosis/temp_graph/temp_graph/__pycache__) by extensions ['python_setup_py']
[0.410s] Level 1:colcon.colcon_core.package_identification:_identify(src/diagnosis/temp_graph/temp_graph/__pycache__) by extension 'python_setup_py'
[0.410s] Level 1:colcon.colcon_core.package_identification:_identify(src/diagnosis/vajara) by extensions ['ignore', 'ignore_ament_install']
[0.410s] Level 1:colcon.colcon_core.package_identification:_identify(src/diagnosis/vajara) by extension 'ignore'
[0.410s] Level 1:colcon.colcon_core.package_identification:_identify(src/diagnosis/vajara) by extension 'ignore_ament_install'
[0.410s] Level 1:colcon.colcon_core.package_identification:_identify(src/diagnosis/vajara) by extensions ['colcon_pkg']
[0.410s] Level 1:colcon.colcon_core.package_identification:_identify(src/diagnosis/vajara) by extension 'colcon_pkg'
[0.410s] Level 1:colcon.colcon_core.package_identification:_identify(src/diagnosis/vajara) by extensions ['colcon_meta']
[0.410s] Level 1:colcon.colcon_core.package_identification:_identify(src/diagnosis/vajara) by extension 'colcon_meta'
[0.410s] Level 1:colcon.colcon_core.package_identification:_identify(src/diagnosis/vajara) by extensions ['ros']
[0.411s] Level 1:colcon.colcon_core.package_identification:_identify(src/diagnosis/vajara) by extension 'ros'
[0.411s] DEBUG:colcon.colcon_core.package_identification:Package 'src/diagnosis/vajara' with type 'ros.ament_python' and name 'vajara'
[0.411s] Level 1:colcon.colcon_core.package_identification:_identify(src/gen2) by extensions ['ignore', 'ignore_ament_install']
[0.411s] Level 1:colcon.colcon_core.package_identification:_identify(src/gen2) by extension 'ignore'
[0.411s] Level 1:colcon.colcon_core.package_identification:_identify(src/gen2) by extension 'ignore_ament_install'
[0.411s] Level 1:colcon.colcon_core.package_identification:_identify(src/gen2) by extensions ['colcon_pkg']
[0.411s] Level 1:colcon.colcon_core.package_identification:_identify(src/gen2) by extension 'colcon_pkg'
[0.411s] Level 1:colcon.colcon_core.package_identification:_identify(src/gen2) by extensions ['colcon_meta']
[0.411s] Level 1:colcon.colcon_core.package_identification:_identify(src/gen2) by extension 'colcon_meta'
[0.411s] Level 1:colcon.colcon_core.package_identification:_identify(src/gen2) by extensions ['ros']
[0.411s] Level 1:colcon.colcon_core.package_identification:_identify(src/gen2) by extension 'ros'
[0.412s] DEBUG:colcon.colcon_core.package_identification:Package 'src/gen2' with type 'ros.ament_python' and name 'gen2'
[0.412s] Level 1:colcon.colcon_core.package_identification:_identify(src/gesture_management) by extensions ['ignore', 'ignore_ament_install']
[0.412s] Level 1:colcon.colcon_core.package_identification:_identify(src/gesture_management) by extension 'ignore'
[0.412s] Level 1:colcon.colcon_core.package_identification:_identify(src/gesture_management) by extension 'ignore_ament_install'
[0.412s] Level 1:colcon.colcon_core.package_identification:_identify(src/gesture_management) by extensions ['colcon_pkg']
[0.412s] Level 1:colcon.colcon_core.package_identification:_identify(src/gesture_management) by extension 'colcon_pkg'
[0.412s] Level 1:colcon.colcon_core.package_identification:_identify(src/gesture_management) by extensions ['colcon_meta']
[0.412s] Level 1:colcon.colcon_core.package_identification:_identify(src/gesture_management) by extension 'colcon_meta'
[0.412s] Level 1:colcon.colcon_core.package_identification:_identify(src/gesture_management) by extensions ['ros']
[0.412s] Level 1:colcon.colcon_core.package_identification:_identify(src/gesture_management) by extension 'ros'
[0.413s] DEBUG:colcon.colcon_core.package_identification:Package 'src/gesture_management' with type 'ros.ament_cmake' and name 'gesture_management'
[0.413s] Level 1:colcon.colcon_core.package_identification:_identify(src/global) by extensions ['ignore', 'ignore_ament_install']
[0.413s] Level 1:colcon.colcon_core.package_identification:_identify(src/global) by extension 'ignore'
[0.413s] Level 1:colcon.colcon_core.package_identification:_identify(src/global) by extension 'ignore_ament_install'
[0.413s] Level 1:colcon.colcon_core.package_identification:_identify(src/global) by extensions ['colcon_pkg']
[0.413s] Level 1:colcon.colcon_core.package_identification:_identify(src/global) by extension 'colcon_pkg'
[0.413s] Level 1:colcon.colcon_core.package_identification:_identify(src/global) by extensions ['colcon_meta']
[0.413s] Level 1:colcon.colcon_core.package_identification:_identify(src/global) by extension 'colcon_meta'
[0.413s] Level 1:colcon.colcon_core.package_identification:_identify(src/global) by extensions ['ros']
[0.413s] Level 1:colcon.colcon_core.package_identification:_identify(src/global) by extension 'ros'
[0.413s] Level 1:colcon.colcon_core.package_identification:_identify(src/global) by extensions ['cmake', 'python']
[0.413s] Level 1:colcon.colcon_core.package_identification:_identify(src/global) by extension 'cmake'
[0.413s] Level 1:colcon.colcon_core.package_identification:_identify(src/global) by extension 'python'
[0.413s] Level 1:colcon.colcon_core.package_identification:_identify(src/global) by extensions ['python_setup_py']
[0.413s] Level 1:colcon.colcon_core.package_identification:_identify(src/global) by extension 'python_setup_py'
[0.413s] Level 1:colcon.colcon_core.package_identification:_identify(src/global/daksha_api_bridge_follower) by extensions ['ignore', 'ignore_ament_install']
[0.413s] Level 1:colcon.colcon_core.package_identification:_identify(src/global/daksha_api_bridge_follower) by extension 'ignore'
[0.413s] Level 1:colcon.colcon_core.package_identification:_identify(src/global/daksha_api_bridge_follower) by extension 'ignore_ament_install'
[0.413s] Level 1:colcon.colcon_core.package_identification:_identify(src/global/daksha_api_bridge_follower) by extensions ['colcon_pkg']
[0.413s] Level 1:colcon.colcon_core.package_identification:_identify(src/global/daksha_api_bridge_follower) by extension 'colcon_pkg'
[0.413s] Level 1:colcon.colcon_core.package_identification:_identify(src/global/daksha_api_bridge_follower) by extensions ['colcon_meta']
[0.413s] Level 1:colcon.colcon_core.package_identification:_identify(src/global/daksha_api_bridge_follower) by extension 'colcon_meta'
[0.413s] Level 1:colcon.colcon_core.package_identification:_identify(src/global/daksha_api_bridge_follower) by extensions ['ros']
[0.414s] Level 1:colcon.colcon_core.package_identification:_identify(src/global/daksha_api_bridge_follower) by extension 'ros'
[0.414s] DEBUG:colcon.colcon_core.package_identification:Package 'src/global/daksha_api_bridge_follower' with type 'ros.ament_python' and name 'daksha_api_bridge_follower'
[0.414s] Level 1:colcon.colcon_core.package_identification:_identify(src/global/daksha_api_bridge_leader) by extensions ['ignore', 'ignore_ament_install']
[0.414s] Level 1:colcon.colcon_core.package_identification:_identify(src/global/daksha_api_bridge_leader) by extension 'ignore'
[0.414s] Level 1:colcon.colcon_core.package_identification:_identify(src/global/daksha_api_bridge_leader) by extension 'ignore_ament_install'
[0.414s] Level 1:colcon.colcon_core.package_identification:_identify(src/global/daksha_api_bridge_leader) by extensions ['colcon_pkg']
[0.414s] Level 1:colcon.colcon_core.package_identification:_identify(src/global/daksha_api_bridge_leader) by extension 'colcon_pkg'
[0.414s] Level 1:colcon.colcon_core.package_identification:_identify(src/global/daksha_api_bridge_leader) by extensions ['colcon_meta']
[0.414s] Level 1:colcon.colcon_core.package_identification:_identify(src/global/daksha_api_bridge_leader) by extension 'colcon_meta'
[0.414s] Level 1:colcon.colcon_core.package_identification:_identify(src/global/daksha_api_bridge_leader) by extensions ['ros']
[0.414s] Level 1:colcon.colcon_core.package_identification:_identify(src/global/daksha_api_bridge_leader) by extension 'ros'
[0.415s] DEBUG:colcon.colcon_core.package_identification:Package 'src/global/daksha_api_bridge_leader' with type 'ros.ament_python' and name 'daksha_api_bridge_leader'
[0.415s] Level 1:colcon.colcon_core.package_identification:_identify(src/joint_cmd_logger) by extensions ['ignore', 'ignore_ament_install']
[0.415s] Level 1:colcon.colcon_core.package_identification:_identify(src/joint_cmd_logger) by extension 'ignore'
[0.415s] Level 1:colcon.colcon_core.package_identification:_identify(src/joint_cmd_logger) by extension 'ignore_ament_install'
[0.415s] Level 1:colcon.colcon_core.package_identification:_identify(src/joint_cmd_logger) by extensions ['colcon_pkg']
[0.415s] Level 1:colcon.colcon_core.package_identification:_identify(src/joint_cmd_logger) by extension 'colcon_pkg'
[0.415s] Level 1:colcon.colcon_core.package_identification:_identify(src/joint_cmd_logger) by extensions ['colcon_meta']
[0.415s] Level 1:colcon.colcon_core.package_identification:_identify(src/joint_cmd_logger) by extension 'colcon_meta'
[0.415s] Level 1:colcon.colcon_core.package_identification:_identify(src/joint_cmd_logger) by extensions ['ros']
[0.415s] Level 1:colcon.colcon_core.package_identification:_identify(src/joint_cmd_logger) by extension 'ros'
[0.416s] DEBUG:colcon.colcon_core.package_identification:Package 'src/joint_cmd_logger' with type 'ros.ament_python' and name 'joint_cmd_logger'
[0.416s] Level 1:colcon.colcon_core.package_identification:_identify(src/motortest) by extensions ['ignore', 'ignore_ament_install']
[0.416s] Level 1:colcon.colcon_core.package_identification:_identify(src/motortest) by extension 'ignore'
[0.416s] Level 1:colcon.colcon_core.package_identification:_identify(src/motortest) by extension 'ignore_ament_install'
[0.416s] Level 1:colcon.colcon_core.package_identification:_identify(src/motortest) by extensions ['colcon_pkg']
[0.416s] Level 1:colcon.colcon_core.package_identification:_identify(src/motortest) by extension 'colcon_pkg'
[0.416s] Level 1:colcon.colcon_core.package_identification:_identify(src/motortest) by extensions ['colcon_meta']
[0.416s] Level 1:colcon.colcon_core.package_identification:_identify(src/motortest) by extension 'colcon_meta'
[0.416s] Level 1:colcon.colcon_core.package_identification:_identify(src/motortest) by extensions ['ros']
[0.416s] Level 1:colcon.colcon_core.package_identification:_identify(src/motortest) by extension 'ros'
[0.416s] Level 1:colcon.colcon_core.package_identification:_identify(src/motortest) by extensions ['cmake', 'python']
[0.416s] Level 1:colcon.colcon_core.package_identification:_identify(src/motortest) by extension 'cmake'
[0.416s] Level 1:colcon.colcon_core.package_identification:_identify(src/motortest) by extension 'python'
[0.416s] Level 1:colcon.colcon_core.package_identification:_identify(src/motortest) by extensions ['python_setup_py']
[0.416s] Level 1:colcon.colcon_core.package_identification:_identify(src/motortest) by extension 'python_setup_py'
[0.416s] Level 1:colcon.colcon_core.package_identification:_identify(src/motortest/__pycache__) by extensions ['ignore', 'ignore_ament_install']
[0.416s] Level 1:colcon.colcon_core.package_identification:_identify(src/motortest/__pycache__) by extension 'ignore'
[0.416s] Level 1:colcon.colcon_core.package_identification:_identify(src/motortest/__pycache__) by extension 'ignore_ament_install'
[0.416s] Level 1:colcon.colcon_core.package_identification:_identify(src/motortest/__pycache__) by extensions ['colcon_pkg']
[0.416s] Level 1:colcon.colcon_core.package_identification:_identify(src/motortest/__pycache__) by extension 'colcon_pkg'
[0.416s] Level 1:colcon.colcon_core.package_identification:_identify(src/motortest/__pycache__) by extensions ['colcon_meta']
[0.416s] Level 1:colcon.colcon_core.package_identification:_identify(src/motortest/__pycache__) by extension 'colcon_meta'
[0.416s] Level 1:colcon.colcon_core.package_identification:_identify(src/motortest/__pycache__) by extensions ['ros']
[0.416s] Level 1:colcon.colcon_core.package_identification:_identify(src/motortest/__pycache__) by extension 'ros'
[0.416s] Level 1:colcon.colcon_core.package_identification:_identify(src/motortest/__pycache__) by extensions ['cmake', 'python']
[0.417s] Level 1:colcon.colcon_core.package_identification:_identify(src/motortest/__pycache__) by extension 'cmake'
[0.417s] Level 1:colcon.colcon_core.package_identification:_identify(src/motortest/__pycache__) by extension 'python'
[0.417s] Level 1:colcon.colcon_core.package_identification:_identify(src/motortest/__pycache__) by extensions ['python_setup_py']
[0.417s] Level 1:colcon.colcon_core.package_identification:_identify(src/motortest/__pycache__) by extension 'python_setup_py'
[0.417s] Level 1:colcon.colcon_core.package_identification:_identify(src/motortest/static) by extensions ['ignore', 'ignore_ament_install']
[0.417s] Level 1:colcon.colcon_core.package_identification:_identify(src/motortest/static) by extension 'ignore'
[0.417s] Level 1:colcon.colcon_core.package_identification:_identify(src/motortest/static) by extension 'ignore_ament_install'
[0.417s] Level 1:colcon.colcon_core.package_identification:_identify(src/motortest/static) by extensions ['colcon_pkg']
[0.417s] Level 1:colcon.colcon_core.package_identification:_identify(src/motortest/static) by extension 'colcon_pkg'
[0.417s] Level 1:colcon.colcon_core.package_identification:_identify(src/motortest/static) by extensions ['colcon_meta']
[0.417s] Level 1:colcon.colcon_core.package_identification:_identify(src/motortest/static) by extension 'colcon_meta'
[0.417s] Level 1:colcon.colcon_core.package_identification:_identify(src/motortest/static) by extensions ['ros']
[0.417s] Level 1:colcon.colcon_core.package_identification:_identify(src/motortest/static) by extension 'ros'
[0.417s] Level 1:colcon.colcon_core.package_identification:_identify(src/motortest/static) by extensions ['cmake', 'python']
[0.417s] Level 1:colcon.colcon_core.package_identification:_identify(src/motortest/static) by extension 'cmake'
[0.417s] Level 1:colcon.colcon_core.package_identification:_identify(src/motortest/static) by extension 'python'
[0.417s] Level 1:colcon.colcon_core.package_identification:_identify(src/motortest/static) by extensions ['python_setup_py']
[0.417s] Level 1:colcon.colcon_core.package_identification:_identify(src/motortest/static) by extension 'python_setup_py'
[0.417s] Level 1:colcon.colcon_core.package_identification:_identify(src/navigation) by extensions ['ignore', 'ignore_ament_install']
[0.417s] Level 1:colcon.colcon_core.package_identification:_identify(src/navigation) by extension 'ignore'
[0.417s] Level 1:colcon.colcon_core.package_identification:_identify(src/navigation) by extension 'ignore_ament_install'
[0.417s] Level 1:colcon.colcon_core.package_identification:_identify(src/navigation) by extensions ['colcon_pkg']
[0.417s] Level 1:colcon.colcon_core.package_identification:_identify(src/navigation) by extension 'colcon_pkg'
[0.417s] Level 1:colcon.colcon_core.package_identification:_identify(src/navigation) by extensions ['colcon_meta']
[0.417s] Level 1:colcon.colcon_core.package_identification:_identify(src/navigation) by extension 'colcon_meta'
[0.417s] Level 1:colcon.colcon_core.package_identification:_identify(src/navigation) by extensions ['ros']
[0.417s] Level 1:colcon.colcon_core.package_identification:_identify(src/navigation) by extension 'ros'
[0.418s] Level 1:colcon.colcon_core.package_identification:_identify(src/navigation) by extensions ['cmake', 'python']
[0.418s] Level 1:colcon.colcon_core.package_identification:_identify(src/navigation) by extension 'cmake'
[0.418s] Level 1:colcon.colcon_core.package_identification:_identify(src/navigation) by extension 'python'
[0.418s] Level 1:colcon.colcon_core.package_identification:_identify(src/navigation) by extensions ['python_setup_py']
[0.418s] Level 1:colcon.colcon_core.package_identification:_identify(src/navigation) by extension 'python_setup_py'
[0.418s] Level 1:colcon.colcon_core.package_identification:_identify(src/navigation/web_nav_site) by extensions ['ignore', 'ignore_ament_install']
[0.418s] Level 1:colcon.colcon_core.package_identification:_identify(src/navigation/web_nav_site) by extension 'ignore'
[0.418s] Level 1:colcon.colcon_core.package_identification:_identify(src/navigation/web_nav_site) by extension 'ignore_ament_install'
[0.418s] Level 1:colcon.colcon_core.package_identification:_identify(src/navigation/web_nav_site) by extensions ['colcon_pkg']
[0.418s] Level 1:colcon.colcon_core.package_identification:_identify(src/navigation/web_nav_site) by extension 'colcon_pkg'
[0.418s] Level 1:colcon.colcon_core.package_identification:_identify(src/navigation/web_nav_site) by extensions ['colcon_meta']
[0.418s] Level 1:colcon.colcon_core.package_identification:_identify(src/navigation/web_nav_site) by extension 'colcon_meta'
[0.418s] Level 1:colcon.colcon_core.package_identification:_identify(src/navigation/web_nav_site) by extensions ['ros']
[0.418s] Level 1:colcon.colcon_core.package_identification:_identify(src/navigation/web_nav_site) by extension 'ros'
[0.419s] DEBUG:colcon.colcon_core.package_identification:Package 'src/navigation/web_nav_site' with type 'ros.ament_cmake' and name 'web_nav_site'
[0.419s] Level 1:colcon.colcon_core.package_identification:_identify(src/scripts) by extensions ['ignore', 'ignore_ament_install']
[0.419s] Level 1:colcon.colcon_core.package_identification:_identify(src/scripts) by extension 'ignore'
[0.419s] Level 1:colcon.colcon_core.package_identification:_identify(src/scripts) by extension 'ignore_ament_install'
[0.419s] Level 1:colcon.colcon_core.package_identification:_identify(src/scripts) by extensions ['colcon_pkg']
[0.419s] Level 1:colcon.colcon_core.package_identification:_identify(src/scripts) by extension 'colcon_pkg'
[0.419s] Level 1:colcon.colcon_core.package_identification:_identify(src/scripts) by extensions ['colcon_meta']
[0.419s] Level 1:colcon.colcon_core.package_identification:_identify(src/scripts) by extension 'colcon_meta'
[0.419s] Level 1:colcon.colcon_core.package_identification:_identify(src/scripts) by extensions ['ros']
[0.419s] Level 1:colcon.colcon_core.package_identification:_identify(src/scripts) by extension 'ros'
[0.419s] Level 1:colcon.colcon_core.package_identification:_identify(src/scripts) by extensions ['cmake', 'python']
[0.419s] Level 1:colcon.colcon_core.package_identification:_identify(src/scripts) by extension 'cmake'
[0.419s] Level 1:colcon.colcon_core.package_identification:_identify(src/scripts) by extension 'python'
[0.419s] Level 1:colcon.colcon_core.package_identification:_identify(src/scripts) by extensions ['python_setup_py']
[0.419s] Level 1:colcon.colcon_core.package_identification:_identify(src/scripts) by extension 'python_setup_py'
[0.419s] Level 1:colcon.colcon_core.package_identification:_identify(src/scripts/__pycache__) by extensions ['ignore', 'ignore_ament_install']
[0.420s] Level 1:colcon.colcon_core.package_identification:_identify(src/scripts/__pycache__) by extension 'ignore'
[0.420s] Level 1:colcon.colcon_core.package_identification:_identify(src/scripts/__pycache__) by extension 'ignore_ament_install'
[0.420s] Level 1:colcon.colcon_core.package_identification:_identify(src/scripts/__pycache__) by extensions ['colcon_pkg']
[0.420s] Level 1:colcon.colcon_core.package_identification:_identify(src/scripts/__pycache__) by extension 'colcon_pkg'
[0.420s] Level 1:colcon.colcon_core.package_identification:_identify(src/scripts/__pycache__) by extensions ['colcon_meta']
[0.420s] Level 1:colcon.colcon_core.package_identification:_identify(src/scripts/__pycache__) by extension 'colcon_meta'
[0.420s] Level 1:colcon.colcon_core.package_identification:_identify(src/scripts/__pycache__) by extensions ['ros']
[0.420s] Level 1:colcon.colcon_core.package_identification:_identify(src/scripts/__pycache__) by extension 'ros'
[0.420s] Level 1:colcon.colcon_core.package_identification:_identify(src/scripts/__pycache__) by extensions ['cmake', 'python']
[0.420s] Level 1:colcon.colcon_core.package_identification:_identify(src/scripts/__pycache__) by extension 'cmake'
[0.420s] Level 1:colcon.colcon_core.package_identification:_identify(src/scripts/__pycache__) by extension 'python'
[0.420s] Level 1:colcon.colcon_core.package_identification:_identify(src/scripts/__pycache__) by extensions ['python_setup_py']
[0.420s] Level 1:colcon.colcon_core.package_identification:_identify(src/scripts/__pycache__) by extension 'python_setup_py'
[0.420s] Level 1:colcon.colcon_core.package_identification:_identify(src/tele) by extensions ['ignore', 'ignore_ament_install']
[0.420s] Level 1:colcon.colcon_core.package_identification:_identify(src/tele) by extension 'ignore'
[0.420s] Level 1:colcon.colcon_core.package_identification:_identify(src/tele) by extension 'ignore_ament_install'
[0.420s] Level 1:colcon.colcon_core.package_identification:_identify(src/tele) by extensions ['colcon_pkg']
[0.420s] Level 1:colcon.colcon_core.package_identification:_identify(src/tele) by extension 'colcon_pkg'
[0.420s] Level 1:colcon.colcon_core.package_identification:_identify(src/tele) by extensions ['colcon_meta']
[0.420s] Level 1:colcon.colcon_core.package_identification:_identify(src/tele) by extension 'colcon_meta'
[0.420s] Level 1:colcon.colcon_core.package_identification:_identify(src/tele) by extensions ['ros']
[0.420s] Level 1:colcon.colcon_core.package_identification:_identify(src/tele) by extension 'ros'
[0.420s] Level 1:colcon.colcon_core.package_identification:_identify(src/tele) by extensions ['cmake', 'python']
[0.420s] Level 1:colcon.colcon_core.package_identification:_identify(src/tele) by extension 'cmake'
[0.420s] Level 1:colcon.colcon_core.package_identification:_identify(src/tele) by extension 'python'
[0.420s] Level 1:colcon.colcon_core.package_identification:_identify(src/tele) by extensions ['python_setup_py']
[0.420s] Level 1:colcon.colcon_core.package_identification:_identify(src/tele) by extension 'python_setup_py'
[0.421s] Level 1:colcon.colcon_core.package_identification:_identify(src/tele/ROS-TCP-Endpoint) by extensions ['ignore', 'ignore_ament_install']
[0.421s] Level 1:colcon.colcon_core.package_identification:_identify(src/tele/ROS-TCP-Endpoint) by extension 'ignore'
[0.421s] Level 1:colcon.colcon_core.package_identification:_identify(src/tele/ROS-TCP-Endpoint) by extension 'ignore_ament_install'
[0.421s] Level 1:colcon.colcon_core.package_identification:_identify(src/tele/ROS-TCP-Endpoint) by extensions ['colcon_pkg']
[0.421s] Level 1:colcon.colcon_core.package_identification:_identify(src/tele/ROS-TCP-Endpoint) by extension 'colcon_pkg'
[0.421s] Level 1:colcon.colcon_core.package_identification:_identify(src/tele/ROS-TCP-Endpoint) by extensions ['colcon_meta']
[0.421s] Level 1:colcon.colcon_core.package_identification:_identify(src/tele/ROS-TCP-Endpoint) by extension 'colcon_meta'
[0.421s] Level 1:colcon.colcon_core.package_identification:_identify(src/tele/ROS-TCP-Endpoint) by extensions ['ros']
[0.421s] Level 1:colcon.colcon_core.package_identification:_identify(src/tele/ROS-TCP-Endpoint) by extension 'ros'
[0.421s] DEBUG:colcon.colcon_core.package_identification:Package 'src/tele/ROS-TCP-Endpoint' with type 'ros.ament_python' and name 'ros_tcp_endpoint'
[0.421s] Level 1:colcon.colcon_core.package_identification:_identify(src/tele/gen2_leader) by extensions ['ignore', 'ignore_ament_install']
[0.421s] Level 1:colcon.colcon_core.package_identification:_identify(src/tele/gen2_leader) by extension 'ignore'
[0.421s] Level 1:colcon.colcon_core.package_identification:_identify(src/tele/gen2_leader) by extension 'ignore_ament_install'
[0.421s] Level 1:colcon.colcon_core.package_identification:_identify(src/tele/gen2_leader) by extensions ['colcon_pkg']
[0.421s] Level 1:colcon.colcon_core.package_identification:_identify(src/tele/gen2_leader) by extension 'colcon_pkg'
[0.422s] Level 1:colcon.colcon_core.package_identification:_identify(src/tele/gen2_leader) by extensions ['colcon_meta']
[0.422s] Level 1:colcon.colcon_core.package_identification:_identify(src/tele/gen2_leader) by extension 'colcon_meta'
[0.422s] Level 1:colcon.colcon_core.package_identification:_identify(src/tele/gen2_leader) by extensions ['ros']
[0.422s] Level 1:colcon.colcon_core.package_identification:_identify(src/tele/gen2_leader) by extension 'ros'
[0.422s] DEBUG:colcon.colcon_core.package_identification:Package 'src/tele/gen2_leader' with type 'ros.ament_python' and name 'gen2_leader'
[0.422s] Level 1:colcon.colcon_core.package_identification:_identify(src/tele/vr_teleop) by extensions ['ignore', 'ignore_ament_install']
[0.422s] Level 1:colcon.colcon_core.package_identification:_identify(src/tele/vr_teleop) by extension 'ignore'
[0.422s] Level 1:colcon.colcon_core.package_identification:_identify(src/tele/vr_teleop) by extension 'ignore_ament_install'
[0.422s] Level 1:colcon.colcon_core.package_identification:_identify(src/tele/vr_teleop) by extensions ['colcon_pkg']
[0.422s] Level 1:colcon.colcon_core.package_identification:_identify(src/tele/vr_teleop) by extension 'colcon_pkg'
[0.422s] Level 1:colcon.colcon_core.package_identification:_identify(src/tele/vr_teleop) by extensions ['colcon_meta']
[0.422s] Level 1:colcon.colcon_core.package_identification:_identify(src/tele/vr_teleop) by extension 'colcon_meta'
[0.422s] Level 1:colcon.colcon_core.package_identification:_identify(src/tele/vr_teleop) by extensions ['ros']
[0.422s] Level 1:colcon.colcon_core.package_identification:_identify(src/tele/vr_teleop) by extension 'ros'
[0.423s] DEBUG:colcon.colcon_core.package_identification:Package 'src/tele/vr_teleop' with type 'ros.ament_python' and name 'vr_teleop'
[0.423s] Level 1:colcon.colcon_core.package_identification:_identify(src/ui) by extensions ['ignore', 'ignore_ament_install']
[0.423s] Level 1:colcon.colcon_core.package_identification:_identify(src/ui) by extension 'ignore'
[0.423s] Level 1:colcon.colcon_core.package_identification:_identify(src/ui) by extension 'ignore_ament_install'
[0.423s] Level 1:colcon.colcon_core.package_identification:_identify(src/ui) by extensions ['colcon_pkg']
[0.423s] Level 1:colcon.colcon_core.package_identification:_identify(src/ui) by extension 'colcon_pkg'
[0.423s] Level 1:colcon.colcon_core.package_identification:_identify(src/ui) by extensions ['colcon_meta']
[0.423s] Level 1:colcon.colcon_core.package_identification:_identify(src/ui) by extension 'colcon_meta'
[0.423s] Level 1:colcon.colcon_core.package_identification:_identify(src/ui) by extensions ['ros']
[0.423s] Level 1:colcon.colcon_core.package_identification:_identify(src/ui) by extension 'ros'
[0.424s] Level 1:colcon.colcon_core.package_identification:_identify(src/ui) by extensions ['cmake', 'python']
[0.424s] Level 1:colcon.colcon_core.package_identification:_identify(src/ui) by extension 'cmake'
[0.424s] Level 1:colcon.colcon_core.package_identification:_identify(src/ui) by extension 'python'
[0.424s] Level 1:colcon.colcon_core.package_identification:_identify(src/ui) by extensions ['python_setup_py']
[0.424s] Level 1:colcon.colcon_core.package_identification:_identify(src/ui) by extension 'python_setup_py'
[0.424s] Level 1:colcon.colcon_core.package_identification:_identify(src/ui/Clients_UI) by extensions ['ignore', 'ignore_ament_install']
[0.424s] Level 1:colcon.colcon_core.package_identification:_identify(src/ui/Clients_UI) by extension 'ignore'
[0.424s] Level 1:colcon.colcon_core.package_identification:_identify(src/ui/Clients_UI) by extension 'ignore_ament_install'
[0.424s] Level 1:colcon.colcon_core.package_identification:_identify(src/ui/Clients_UI) by extensions ['colcon_pkg']
[0.424s] Level 1:colcon.colcon_core.package_identification:_identify(src/ui/Clients_UI) by extension 'colcon_pkg'
[0.424s] Level 1:colcon.colcon_core.package_identification:_identify(src/ui/Clients_UI) by extensions ['colcon_meta']
[0.424s] Level 1:colcon.colcon_core.package_identification:_identify(src/ui/Clients_UI) by extension 'colcon_meta'
[0.424s] Level 1:colcon.colcon_core.package_identification:_identify(src/ui/Clients_UI) by extensions ['ros']
[0.424s] Level 1:colcon.colcon_core.package_identification:_identify(src/ui/Clients_UI) by extension 'ros'
[0.424s] Level 1:colcon.colcon_core.package_identification:_identify(src/ui/Clients_UI) by extensions ['cmake', 'python']
[0.424s] Level 1:colcon.colcon_core.package_identification:_identify(src/ui/Clients_UI) by extension 'cmake'
[0.424s] Level 1:colcon.colcon_core.package_identification:_identify(src/ui/Clients_UI) by extension 'python'
[0.424s] Level 1:colcon.colcon_core.package_identification:_identify(src/ui/Clients_UI) by extensions ['python_setup_py']
[0.424s] Level 1:colcon.colcon_core.package_identification:_identify(src/ui/Clients_UI) by extension 'python_setup_py'
[0.424s] Level 1:colcon.colcon_core.package_identification:_identify(src/ui/Clients_UI/daksha_data_collection) by extensions ['ignore', 'ignore_ament_install']
[0.424s] Level 1:colcon.colcon_core.package_identification:_identify(src/ui/Clients_UI/daksha_data_collection) by extension 'ignore'
[0.424s] Level 1:colcon.colcon_core.package_identification:_identify(src/ui/Clients_UI/daksha_data_collection) by extension 'ignore_ament_install'
[0.424s] Level 1:colcon.colcon_core.package_identification:_identify(src/ui/Clients_UI/daksha_data_collection) by extensions ['colcon_pkg']
[0.424s] Level 1:colcon.colcon_core.package_identification:_identify(src/ui/Clients_UI/daksha_data_collection) by extension 'colcon_pkg'
[0.424s] Level 1:colcon.colcon_core.package_identification:_identify(src/ui/Clients_UI/daksha_data_collection) by extensions ['colcon_meta']
[0.424s] Level 1:colcon.colcon_core.package_identification:_identify(src/ui/Clients_UI/daksha_data_collection) by extension 'colcon_meta'
[0.424s] Level 1:colcon.colcon_core.package_identification:_identify(src/ui/Clients_UI/daksha_data_collection) by extensions ['ros']
[0.425s] Level 1:colcon.colcon_core.package_identification:_identify(src/ui/Clients_UI/daksha_data_collection) by extension 'ros'
[0.425s] DEBUG:colcon.colcon_core.package_identification:Package 'src/ui/Clients_UI/daksha_data_collection' with type 'ros.ament_python' and name 'daksha_data_collection'
[0.425s] Level 1:colcon.colcon_core.package_identification:_identify(src/ui/Clients_UI/daksha_final_urdf_description) by extensions ['ignore', 'ignore_ament_install']
[0.425s] Level 1:colcon.colcon_core.package_identification:_identify(src/ui/Clients_UI/daksha_final_urdf_description) by extension 'ignore'
[0.425s] Level 1:colcon.colcon_core.package_identification:_identify(src/ui/Clients_UI/daksha_final_urdf_description) by extension 'ignore_ament_install'
[0.425s] Level 1:colcon.colcon_core.package_identification:_identify(src/ui/Clients_UI/daksha_final_urdf_description) by extensions ['colcon_pkg']
[0.425s] Level 1:colcon.colcon_core.package_identification:_identify(src/ui/Clients_UI/daksha_final_urdf_description) by extension 'colcon_pkg'
[0.425s] Level 1:colcon.colcon_core.package_identification:_identify(src/ui/Clients_UI/daksha_final_urdf_description) by extensions ['colcon_meta']
[0.425s] Level 1:colcon.colcon_core.package_identification:_identify(src/ui/Clients_UI/daksha_final_urdf_description) by extension 'colcon_meta'
[0.425s] Level 1:colcon.colcon_core.package_identification:_identify(src/ui/Clients_UI/daksha_final_urdf_description) by extensions ['ros']
[0.425s] Level 1:colcon.colcon_core.package_identification:_identify(src/ui/Clients_UI/daksha_final_urdf_description) by extension 'ros'
[0.426s] DEBUG:colcon.colcon_core.package_identification:Package 'src/ui/Clients_UI/daksha_final_urdf_description' with type 'ros.ament_python' and name 'daksha_final_urdf_description'
[0.426s] Level 1:colcon.colcon_core.package_identification:_identify(src/ui/Clients_UI/daksha_msgs) by extensions ['ignore', 'ignore_ament_install']
[0.426s] Level 1:colcon.colcon_core.package_identification:_identify(src/ui/Clients_UI/daksha_msgs) by extension 'ignore'
[0.426s] Level 1:colcon.colcon_core.package_identification:_identify(src/ui/Clients_UI/daksha_msgs) by extension 'ignore_ament_install'
[0.426s] Level 1:colcon.colcon_core.package_identification:_identify(src/ui/Clients_UI/daksha_msgs) by extensions ['colcon_pkg']
[0.426s] Level 1:colcon.colcon_core.package_identification:_identify(src/ui/Clients_UI/daksha_msgs) by extension 'colcon_pkg'
[0.426s] Level 1:colcon.colcon_core.package_identification:_identify(src/ui/Clients_UI/daksha_msgs) by extensions ['colcon_meta']
[0.426s] Level 1:colcon.colcon_core.package_identification:_identify(src/ui/Clients_UI/daksha_msgs) by extension 'colcon_meta'
[0.426s] Level 1:colcon.colcon_core.package_identification:_identify(src/ui/Clients_UI/daksha_msgs) by extensions ['ros']
[0.426s] Level 1:colcon.colcon_core.package_identification:_identify(src/ui/Clients_UI/daksha_msgs) by extension 'ros'
[0.427s] DEBUG:colcon.colcon_core.package_identification:Package 'src/ui/Clients_UI/daksha_msgs' with type 'ros.ament_cmake' and name 'daksha_msgs'
[0.427s] Level 1:colcon.colcon_core.package_identification:_identify(src/ui/Clients_UI/daksha_ui) by extensions ['ignore', 'ignore_ament_install']
[0.427s] Level 1:colcon.colcon_core.package_identification:_identify(src/ui/Clients_UI/daksha_ui) by extension 'ignore'
[0.427s] Level 1:colcon.colcon_core.package_identification:_identify(src/ui/Clients_UI/daksha_ui) by extension 'ignore_ament_install'
[0.427s] Level 1:colcon.colcon_core.package_identification:_identify(src/ui/Clients_UI/daksha_ui) by extensions ['colcon_pkg']
[0.427s] Level 1:colcon.colcon_core.package_identification:_identify(src/ui/Clients_UI/daksha_ui) by extension 'colcon_pkg'
[0.427s] Level 1:colcon.colcon_core.package_identification:_identify(src/ui/Clients_UI/daksha_ui) by extensions ['colcon_meta']
[0.427s] Level 1:colcon.colcon_core.package_identification:_identify(src/ui/Clients_UI/daksha_ui) by extension 'colcon_meta'
[0.427s] Level 1:colcon.colcon_core.package_identification:_identify(src/ui/Clients_UI/daksha_ui) by extensions ['ros']
[0.427s] Level 1:colcon.colcon_core.package_identification:_identify(src/ui/Clients_UI/daksha_ui) by extension 'ros'
[0.428s] DEBUG:colcon.colcon_core.package_identification:Package 'src/ui/Clients_UI/daksha_ui' with type 'ros.ament_cmake' and name 'daksha_ui'
[0.428s] Level 1:colcon.colcon_core.package_identification:_identify(src/ui/Clients_UI/validation) by extensions ['ignore', 'ignore_ament_install']
[0.428s] Level 1:colcon.colcon_core.package_identification:_identify(src/ui/Clients_UI/validation) by extension 'ignore'
[0.428s] Level 1:colcon.colcon_core.package_identification:_identify(src/ui/Clients_UI/validation) by extension 'ignore_ament_install'
[0.428s] Level 1:colcon.colcon_core.package_identification:_identify(src/ui/Clients_UI/validation) by extensions ['colcon_pkg']
[0.428s] Level 1:colcon.colcon_core.package_identification:_identify(src/ui/Clients_UI/validation) by extension 'colcon_pkg'
[0.428s] Level 1:colcon.colcon_core.package_identification:_identify(src/ui/Clients_UI/validation) by extensions ['colcon_meta']
[0.428s] Level 1:colcon.colcon_core.package_identification:_identify(src/ui/Clients_UI/validation) by extension 'colcon_meta'
[0.428s] Level 1:colcon.colcon_core.package_identification:_identify(src/ui/Clients_UI/validation) by extensions ['ros']
[0.428s] Level 1:colcon.colcon_core.package_identification:_identify(src/ui/Clients_UI/validation) by extension 'ros'
[0.428s] Level 1:colcon.colcon_core.package_identification:_identify(src/ui/Clients_UI/validation) by extensions ['cmake', 'python']
[0.428s] Level 1:colcon.colcon_core.package_identification:_identify(src/ui/Clients_UI/validation) by extension 'cmake'
[0.428s] Level 1:colcon.colcon_core.package_identification:_identify(src/ui/Clients_UI/validation) by extension 'python'
[0.428s] Level 1:colcon.colcon_core.package_identification:_identify(src/ui/Clients_UI/validation) by extensions ['python_setup_py']
[0.428s] Level 1:colcon.colcon_core.package_identification:_identify(src/ui/Clients_UI/validation) by extension 'python_setup_py'
[0.429s] Level 1:colcon.colcon_core.package_identification:_identify(src/ui/analyzer) by extensions ['ignore', 'ignore_ament_install']
[0.429s] Level 1:colcon.colcon_core.package_identification:_identify(src/ui/analyzer) by extension 'ignore'
[0.429s] Level 1:colcon.colcon_core.package_identification:_identify(src/ui/analyzer) by extension 'ignore_ament_install'
[0.429s] Level 1:colcon.colcon_core.package_identification:_identify(src/ui/analyzer) by extensions ['colcon_pkg']
[0.429s] Level 1:colcon.colcon_core.package_identification:_identify(src/ui/analyzer) by extension 'colcon_pkg'
[0.429s] Level 1:colcon.colcon_core.package_identification:_identify(src/ui/analyzer) by extensions ['colcon_meta']
[0.429s] Level 1:colcon.colcon_core.package_identification:_identify(src/ui/analyzer) by extension 'colcon_meta'
[0.429s] Level 1:colcon.colcon_core.package_identification:_identify(src/ui/analyzer) by extensions ['ros']
[0.429s] Level 1:colcon.colcon_core.package_identification:_identify(src/ui/analyzer) by extension 'ros'
[0.429s] DEBUG:colcon.colcon_core.package_identification:Package 'src/ui/analyzer' with type 'ros.ament_python' and name 'joint_analyzer'
[0.429s] Level 1:colcon.colcon_core.package_identification:_identify(src/world_camera_launch) by extensions ['ignore', 'ignore_ament_install']
[0.429s] Level 1:colcon.colcon_core.package_identification:_identify(src/world_camera_launch) by extension 'ignore'
[0.429s] Level 1:colcon.colcon_core.package_identification:_identify(src/world_camera_launch) by extension 'ignore_ament_install'
[0.430s] Level 1:colcon.colcon_core.package_identification:_identify(src/world_camera_launch) by extensions ['colcon_pkg']
[0.430s] Level 1:colcon.colcon_core.package_identification:_identify(src/world_camera_launch) by extension 'colcon_pkg'
[0.430s] Level 1:colcon.colcon_core.package_identification:_identify(src/world_camera_launch) by extensions ['colcon_meta']
[0.430s] Level 1:colcon.colcon_core.package_identification:_identify(src/world_camera_launch) by extension 'colcon_meta'
[0.430s] Level 1:colcon.colcon_core.package_identification:_identify(src/world_camera_launch) by extensions ['ros']
[0.430s] Level 1:colcon.colcon_core.package_identification:_identify(src/world_camera_launch) by extension 'ros'
[0.430s] DEBUG:colcon.colcon_core.package_identification:Package 'src/world_camera_launch' with type 'ros.ament_python' and name 'world_camera_launch'
[0.430s] Level 1:colcon.colcon_core.package_discovery:discover_packages(recursive) using defaults
[0.430s] Level 1:colcon.colcon_core.package_discovery:discover_packages(ignore) discover
[0.430s] Level 1:colcon.colcon_core.package_discovery:discover_packages(ignore) using defaults
[0.430s] Level 1:colcon.colcon_core.package_discovery:discover_packages(path) discover
[0.430s] Level 1:colcon.colcon_core.package_discovery:discover_packages(path) using defaults
[0.458s] Level 1:colcon.colcon_core.package_discovery:discover_packages(prefix_path) check parameters
[0.458s] Level 1:colcon.colcon_core.package_discovery:discover_packages(prefix_path) discover
[0.461s] DEBUG:colcon.colcon_installed_package_information.package_discovery:Found 30 installed packages in /home/phy_ai/.barani/gen2_full/install
[0.463s] DEBUG:colcon.colcon_installed_package_information.package_discovery:Found 409 installed packages in /opt/ros/humble
[0.465s] Level 1:colcon.colcon_core.package_discovery:discover_packages(prefix_path) using defaults
[0.507s] WARNING:colcon.colcon_core.package_selection:Some selected packages are already built in one or more underlay workspaces:
	'kinematics' is in: /home/phy_ai/.barani/gen2_full/install/kinematics
	'daksha_description_full_body' is in: /home/phy_ai/.barani/gen2_full/install/daksha_description_full_body
If a package in a merged underlay workspace is overridden and it installs headers, then all packages in the overlay must sort their include directories by workspace order. Failure to do so may result in build failures or undefined behavior at run time.
If the overridden package is used by another package in any underlay, then the overriding package in the overlay must be API and ABI compatible or undefined behavior at run time may occur.

If you understand the risks and want to override a package anyways, add the following to the command line:
	--allow-overriding daksha_description_full_body kinematics

This may be promoted to an error in a future release of colcon-override-check.
[0.508s] Level 5:colcon.colcon_core.verb:set package 'automation' build argument 'cmake_args' from command line to 'None'
[0.508s] Level 5:colcon.colcon_core.verb:set package 'automation' build argument 'cmake_target' from command line to 'None'
[0.508s] Level 5:colcon.colcon_core.verb:set package 'automation' build argument 'cmake_target_skip_unavailable' from command line to 'False'
[0.508s] Level 5:colcon.colcon_core.verb:set package 'automation' build argument 'cmake_clean_cache' from command line to 'False'
[0.509s] Level 5:colcon.colcon_core.verb:set package 'automation' build argument 'cmake_clean_first' from command line to 'False'
[0.509s] Level 5:colcon.colcon_core.verb:set package 'automation' build argument 'cmake_force_configure' from command line to 'False'
[0.509s] Level 5:colcon.colcon_core.verb:set package 'automation' build argument 'ament_cmake_args' from command line to 'None'
[0.509s] Level 5:colcon.colcon_core.verb:set package 'automation' build argument 'catkin_cmake_args' from command line to 'None'
[0.509s] Level 5:colcon.colcon_core.verb:set package 'automation' build argument 'catkin_skip_building_tests' from command line to 'False'
[0.509s] DEBUG:colcon.colcon_core.verb:Building package 'automation' with the following arguments: {'ament_cmake_args': None, 'build_base': '/home/phy_ai/.ihub/daksha/build/automation', 'catkin_cmake_args': None, 'catkin_skip_building_tests': False, 'cmake_args': None, 'cmake_clean_cache': False, 'cmake_clean_first': False, 'cmake_force_configure': False, 'cmake_target': None, 'cmake_target_skip_unavailable': False, 'install_base': '/home/phy_ai/.ihub/daksha/install/automation', 'merge_install': False, 'path': '/home/phy_ai/.ihub/daksha/src/automation', 'symlink_install': False, 'test_result_base': None}
[0.509s] Level 5:colcon.colcon_core.verb:set package 'daksha_api_bridge_follower' build argument 'cmake_args' from command line to 'None'
[0.509s] Level 5:colcon.colcon_core.verb:set package 'daksha_api_bridge_follower' build argument 'cmake_target' from command line to 'None'
[0.509s] Level 5:colcon.colcon_core.verb:set package 'daksha_api_bridge_follower' build argument 'cmake_target_skip_unavailable' from command line to 'False'
[0.509s] Level 5:colcon.colcon_core.verb:set package 'daksha_api_bridge_follower' build argument 'cmake_clean_cache' from command line to 'False'
[0.509s] Level 5:colcon.colcon_core.verb:set package 'daksha_api_bridge_follower' build argument 'cmake_clean_first' from command line to 'False'
[0.509s] Level 5:colcon.colcon_core.verb:set package 'daksha_api_bridge_follower' build argument 'cmake_force_configure' from command line to 'False'
[0.509s] Level 5:colcon.colcon_core.verb:set package 'daksha_api_bridge_follower' build argument 'ament_cmake_args' from command line to 'None'
[0.509s] Level 5:colcon.colcon_core.verb:set package 'daksha_api_bridge_follower' build argument 'catkin_cmake_args' from command line to 'None'
[0.509s] Level 5:colcon.colcon_core.verb:set package 'daksha_api_bridge_follower' build argument 'catkin_skip_building_tests' from command line to 'False'
[0.509s] DEBUG:colcon.colcon_core.verb:Building package 'daksha_api_bridge_follower' with the following arguments: {'ament_cmake_args': None, 'build_base': '/home/phy_ai/.ihub/daksha/build/daksha_api_bridge_follower', 'catkin_cmake_args': None, 'catkin_skip_building_tests': False, 'cmake_args': None, 'cmake_clean_cache': False, 'cmake_clean_first': False, 'cmake_force_configure': False, 'cmake_target': None, 'cmake_target_skip_unavailable': False, 'install_base': '/home/phy_ai/.ihub/daksha/install/daksha_api_bridge_follower', 'merge_install': False, 'path': '/home/phy_ai/.ihub/daksha/src/global/daksha_api_bridge_follower', 'symlink_install': False, 'test_result_base': None}
[0.509s] Level 5:colcon.colcon_core.verb:set package 'daksha_api_bridge_leader' build argument 'cmake_args' from command line to 'None'
[0.509s] Level 5:colcon.colcon_core.verb:set package 'daksha_api_bridge_leader' build argument 'cmake_target' from command line to 'None'
[0.509s] Level 5:colcon.colcon_core.verb:set package 'daksha_api_bridge_leader' build argument 'cmake_target_skip_unavailable' from command line to 'False'
[0.509s] Level 5:colcon.colcon_core.verb:set package 'daksha_api_bridge_leader' build argument 'cmake_clean_cache' from command line to 'False'
[0.509s] Level 5:colcon.colcon_core.verb:set package 'daksha_api_bridge_leader' build argument 'cmake_clean_first' from command line to 'False'
[0.509s] Level 5:colcon.colcon_core.verb:set package 'daksha_api_bridge_leader' build argument 'cmake_force_configure' from command line to 'False'
[0.509s] Level 5:colcon.colcon_core.verb:set package 'daksha_api_bridge_leader' build argument 'ament_cmake_args' from command line to 'None'
[0.509s] Level 5:colcon.colcon_core.verb:set package 'daksha_api_bridge_leader' build argument 'catkin_cmake_args' from command line to 'None'
[0.509s] Level 5:colcon.colcon_core.verb:set package 'daksha_api_bridge_leader' build argument 'catkin_skip_building_tests' from command line to 'False'
[0.509s] DEBUG:colcon.colcon_core.verb:Building package 'daksha_api_bridge_leader' with the following arguments: {'ament_cmake_args': None, 'build_base': '/home/phy_ai/.ihub/daksha/build/daksha_api_bridge_leader', 'catkin_cmake_args': None, 'catkin_skip_building_tests': False, 'cmake_args': None, 'cmake_clean_cache': False, 'cmake_clean_first': False, 'cmake_force_configure': False, 'cmake_target': None, 'cmake_target_skip_unavailable': False, 'install_base': '/home/phy_ai/.ihub/daksha/install/daksha_api_bridge_leader', 'merge_install': False, 'path': '/home/phy_ai/.ihub/daksha/src/global/daksha_api_bridge_leader', 'symlink_install': False, 'test_result_base': None}
[0.510s] Level 5:colcon.colcon_core.verb:set package 'daksha_description_full_body' build argument 'cmake_args' from command line to 'None'
[0.510s] Level 5:colcon.colcon_core.verb:set package 'daksha_description_full_body' build argument 'cmake_target' from command line to 'None'
[0.510s] Level 5:colcon.colcon_core.verb:set package 'daksha_description_full_body' build argument 'cmake_target_skip_unavailable' from command line to 'False'
[0.510s] Level 5:colcon.colcon_core.verb:set package 'daksha_description_full_body' build argument 'cmake_clean_cache' from command line to 'False'
[0.510s] Level 5:colcon.colcon_core.verb:set package 'daksha_description_full_body' build argument 'cmake_clean_first' from command line to 'False'
[0.510s] Level 5:colcon.colcon_core.verb:set package 'daksha_description_full_body' build argument 'cmake_force_configure' from command line to 'False'
[0.510s] Level 5:colcon.colcon_core.verb:set package 'daksha_description_full_body' build argument 'ament_cmake_args' from command line to 'None'
[0.510s] Level 5:colcon.colcon_core.verb:set package 'daksha_description_full_body' build argument 'catkin_cmake_args' from command line to 'None'
[0.510s] Level 5:colcon.colcon_core.verb:set package 'daksha_description_full_body' build argument 'catkin_skip_building_tests' from command line to 'False'
[0.510s] DEBUG:colcon.colcon_core.verb:Building package 'daksha_description_full_body' with the following arguments: {'ament_cmake_args': None, 'build_base': '/home/phy_ai/.ihub/daksha/build/daksha_description_full_body', 'catkin_cmake_args': None, 'catkin_skip_building_tests': False, 'cmake_args': None, 'cmake_clean_cache': False, 'cmake_clean_first': False, 'cmake_force_configure': False, 'cmake_target': None, 'cmake_target_skip_unavailable': False, 'install_base': '/home/phy_ai/.ihub/daksha/install/daksha_description_full_body', 'merge_install': False, 'path': '/home/phy_ai/.ihub/daksha/src/daksha_description_full_body', 'symlink_install': False, 'test_result_base': None}
[0.510s] Level 5:colcon.colcon_core.verb:set package 'daksha_final_urdf_description' build argument 'cmake_args' from command line to 'None'
[0.510s] Level 5:colcon.colcon_core.verb:set package 'daksha_final_urdf_description' build argument 'cmake_target' from command line to 'None'
[0.510s] Level 5:colcon.colcon_core.verb:set package 'daksha_final_urdf_description' build argument 'cmake_target_skip_unavailable' from command line to 'False'
[0.510s] Level 5:colcon.colcon_core.verb:set package 'daksha_final_urdf_description' build argument 'cmake_clean_cache' from command line to 'False'
[0.510s] Level 5:colcon.colcon_core.verb:set package 'daksha_final_urdf_description' build argument 'cmake_clean_first' from command line to 'False'
[0.510s] Level 5:colcon.colcon_core.verb:set package 'daksha_final_urdf_description' build argument 'cmake_force_configure' from command line to 'False'
[0.510s] Level 5:colcon.colcon_core.verb:set package 'daksha_final_urdf_description' build argument 'ament_cmake_args' from command line to 'None'
[0.510s] Level 5:colcon.colcon_core.verb:set package 'daksha_final_urdf_description' build argument 'catkin_cmake_args' from command line to 'None'
[0.510s] Level 5:colcon.colcon_core.verb:set package 'daksha_final_urdf_description' build argument 'catkin_skip_building_tests' from command line to 'False'
[0.510s] DEBUG:colcon.colcon_core.verb:Building package 'daksha_final_urdf_description' with the following arguments: {'ament_cmake_args': None, 'build_base': '/home/phy_ai/.ihub/daksha/build/daksha_final_urdf_description', 'catkin_cmake_args': None, 'catkin_skip_building_tests': False, 'cmake_args': None, 'cmake_clean_cache': False, 'cmake_clean_first': False, 'cmake_force_configure': False, 'cmake_target': None, 'cmake_target_skip_unavailable': False, 'install_base': '/home/phy_ai/.ihub/daksha/install/daksha_final_urdf_description', 'merge_install': False, 'path': '/home/phy_ai/.ihub/daksha/src/ui/Clients_UI/daksha_final_urdf_description', 'symlink_install': False, 'test_result_base': None}
[0.510s] Level 5:colcon.colcon_core.verb:set package 'daksha_msgs' build argument 'cmake_args' from command line to 'None'
[0.510s] Level 5:colcon.colcon_core.verb:set package 'daksha_msgs' build argument 'cmake_target' from command line to 'None'
[0.510s] Level 5:colcon.colcon_core.verb:set package 'daksha_msgs' build argument 'cmake_target_skip_unavailable' from command line to 'False'
[0.510s] Level 5:colcon.colcon_core.verb:set package 'daksha_msgs' build argument 'cmake_clean_cache' from command line to 'False'
[0.510s] Level 5:colcon.colcon_core.verb:set package 'daksha_msgs' build argument 'cmake_clean_first' from command line to 'False'
[0.510s] Level 5:colcon.colcon_core.verb:set package 'daksha_msgs' build argument 'cmake_force_configure' from command line to 'False'
[0.510s] Level 5:colcon.colcon_core.verb:set package 'daksha_msgs' build argument 'ament_cmake_args' from command line to 'None'
[0.510s] Level 5:colcon.colcon_core.verb:set package 'daksha_msgs' build argument 'catkin_cmake_args' from command line to 'None'
[0.510s] Level 5:colcon.colcon_core.verb:set package 'daksha_msgs' build argument 'catkin_skip_building_tests' from command line to 'False'
[0.510s] DEBUG:colcon.colcon_core.verb:Building package 'daksha_msgs' with the following arguments: {'ament_cmake_args': None, 'build_base': '/home/phy_ai/.ihub/daksha/build/daksha_msgs', 'catkin_cmake_args': None, 'catkin_skip_building_tests': False, 'cmake_args': None, 'cmake_clean_cache': False, 'cmake_clean_first': False, 'cmake_force_configure': False, 'cmake_target': None, 'cmake_target_skip_unavailable': False, 'install_base': '/home/phy_ai/.ihub/daksha/install/daksha_msgs', 'merge_install': False, 'path': '/home/phy_ai/.ihub/daksha/src/ui/Clients_UI/daksha_msgs', 'symlink_install': False, 'test_result_base': None}
[0.511s] Level 5:colcon.colcon_core.verb:set package 'daksha_ui' build argument 'cmake_args' from command line to 'None'
[0.511s] Level 5:colcon.colcon_core.verb:set package 'daksha_ui' build argument 'cmake_target' from command line to 'None'
[0.511s] Level 5:colcon.colcon_core.verb:set package 'daksha_ui' build argument 'cmake_target_skip_unavailable' from command line to 'False'
[0.511s] Level 5:colcon.colcon_core.verb:set package 'daksha_ui' build argument 'cmake_clean_cache' from command line to 'False'
[0.511s] Level 5:colcon.colcon_core.verb:set package 'daksha_ui' build argument 'cmake_clean_first' from command line to 'False'
[0.511s] Level 5:colcon.colcon_core.verb:set package 'daksha_ui' build argument 'cmake_force_configure' from command line to 'False'
[0.511s] Level 5:colcon.colcon_core.verb:set package 'daksha_ui' build argument 'ament_cmake_args' from command line to 'None'
[0.511s] Level 5:colcon.colcon_core.verb:set package 'daksha_ui' build argument 'catkin_cmake_args' from command line to 'None'
[0.511s] Level 5:colcon.colcon_core.verb:set package 'daksha_ui' build argument 'catkin_skip_building_tests' from command line to 'False'
[0.511s] DEBUG:colcon.colcon_core.verb:Building package 'daksha_ui' with the following arguments: {'ament_cmake_args': None, 'build_base': '/home/phy_ai/.ihub/daksha/build/daksha_ui', 'catkin_cmake_args': None, 'catkin_skip_building_tests': False, 'cmake_args': None, 'cmake_clean_cache': False, 'cmake_clean_first': False, 'cmake_force_configure': False, 'cmake_target': None, 'cmake_target_skip_unavailable': False, 'install_base': '/home/phy_ai/.ihub/daksha/install/daksha_ui', 'merge_install': False, 'path': '/home/phy_ai/.ihub/daksha/src/ui/Clients_UI/daksha_ui', 'symlink_install': False, 'test_result_base': None}
[0.511s] Level 5:colcon.colcon_core.verb:set package 'dynamics' build argument 'cmake_args' from command line to 'None'
[0.511s] Level 5:colcon.colcon_core.verb:set package 'dynamics' build argument 'cmake_target' from command line to 'None'
[0.511s] Level 5:colcon.colcon_core.verb:set package 'dynamics' build argument 'cmake_target_skip_unavailable' from command line to 'False'
[0.511s] Level 5:colcon.colcon_core.verb:set package 'dynamics' build argument 'cmake_clean_cache' from command line to 'False'
[0.511s] Level 5:colcon.colcon_core.verb:set package 'dynamics' build argument 'cmake_clean_first' from command line to 'False'
[0.511s] Level 5:colcon.colcon_core.verb:set package 'dynamics' build argument 'cmake_force_configure' from command line to 'False'
[0.511s] Level 5:colcon.colcon_core.verb:set package 'dynamics' build argument 'ament_cmake_args' from command line to 'None'
[0.511s] Level 5:colcon.colcon_core.verb:set package 'dynamics' build argument 'catkin_cmake_args' from command line to 'None'
[0.511s] Level 5:colcon.colcon_core.verb:set package 'dynamics' build argument 'catkin_skip_building_tests' from command line to 'False'
[0.511s] DEBUG:colcon.colcon_core.verb:Building package 'dynamics' with the following arguments: {'ament_cmake_args': None, 'build_base': '/home/phy_ai/.ihub/daksha/build/dynamics', 'catkin_cmake_args': None, 'catkin_skip_building_tests': False, 'cmake_args': None, 'cmake_clean_cache': False, 'cmake_clean_first': False, 'cmake_force_configure': False, 'cmake_target': None, 'cmake_target_skip_unavailable': False, 'install_base': '/home/phy_ai/.ihub/daksha/install/dynamics', 'merge_install': False, 'path': '/home/phy_ai/.ihub/daksha/src/controllers/dynamics', 'symlink_install': False, 'test_result_base': None}
[0.511s] Level 5:colcon.colcon_core.verb:set package 'gen2_leader' build argument 'cmake_args' from command line to 'None'
[0.511s] Level 5:colcon.colcon_core.verb:set package 'gen2_leader' build argument 'cmake_target' from command line to 'None'
[0.511s] Level 5:colcon.colcon_core.verb:set package 'gen2_leader' build argument 'cmake_target_skip_unavailable' from command line to 'False'
[0.511s] Level 5:colcon.colcon_core.verb:set package 'gen2_leader' build argument 'cmake_clean_cache' from command line to 'False'
[0.511s] Level 5:colcon.colcon_core.verb:set package 'gen2_leader' build argument 'cmake_clean_first' from command line to 'False'
[0.511s] Level 5:colcon.colcon_core.verb:set package 'gen2_leader' build argument 'cmake_force_configure' from command line to 'False'
[0.511s] Level 5:colcon.colcon_core.verb:set package 'gen2_leader' build argument 'ament_cmake_args' from command line to 'None'
[0.511s] Level 5:colcon.colcon_core.verb:set package 'gen2_leader' build argument 'catkin_cmake_args' from command line to 'None'
[0.511s] Level 5:colcon.colcon_core.verb:set package 'gen2_leader' build argument 'catkin_skip_building_tests' from command line to 'False'
[0.511s] DEBUG:colcon.colcon_core.verb:Building package 'gen2_leader' with the following arguments: {'ament_cmake_args': None, 'build_base': '/home/phy_ai/.ihub/daksha/build/gen2_leader', 'catkin_cmake_args': None, 'catkin_skip_building_tests': False, 'cmake_args': None, 'cmake_clean_cache': False, 'cmake_clean_first': False, 'cmake_force_configure': False, 'cmake_target': None, 'cmake_target_skip_unavailable': False, 'install_base': '/home/phy_ai/.ihub/daksha/install/gen2_leader', 'merge_install': False, 'path': '/home/phy_ai/.ihub/daksha/src/tele/gen2_leader', 'symlink_install': False, 'test_result_base': None}
[0.512s] Level 5:colcon.colcon_core.verb:set package 'gesture_management' build argument 'cmake_args' from command line to 'None'
[0.512s] Level 5:colcon.colcon_core.verb:set package 'gesture_management' build argument 'cmake_target' from command line to 'None'
[0.512s] Level 5:colcon.colcon_core.verb:set package 'gesture_management' build argument 'cmake_target_skip_unavailable' from command line to 'False'
[0.512s] Level 5:colcon.colcon_core.verb:set package 'gesture_management' build argument 'cmake_clean_cache' from command line to 'False'
[0.512s] Level 5:colcon.colcon_core.verb:set package 'gesture_management' build argument 'cmake_clean_first' from command line to 'False'
[0.512s] Level 5:colcon.colcon_core.verb:set package 'gesture_management' build argument 'cmake_force_configure' from command line to 'False'
[0.512s] Level 5:colcon.colcon_core.verb:set package 'gesture_management' build argument 'ament_cmake_args' from command line to 'None'
[0.512s] Level 5:colcon.colcon_core.verb:set package 'gesture_management' build argument 'catkin_cmake_args' from command line to 'None'
[0.512s] Level 5:colcon.colcon_core.verb:set package 'gesture_management' build argument 'catkin_skip_building_tests' from command line to 'False'
[0.512s] DEBUG:colcon.colcon_core.verb:Building package 'gesture_management' with the following arguments: {'ament_cmake_args': None, 'build_base': '/home/phy_ai/.ihub/daksha/build/gesture_management', 'catkin_cmake_args': None, 'catkin_skip_building_tests': False, 'cmake_args': None, 'cmake_clean_cache': False, 'cmake_clean_first': False, 'cmake_force_configure': False, 'cmake_target': None, 'cmake_target_skip_unavailable': False, 'install_base': '/home/phy_ai/.ihub/daksha/install/gesture_management', 'merge_install': False, 'path': '/home/phy_ai/.ihub/daksha/src/gesture_management', 'symlink_install': False, 'test_result_base': None}
[0.512s] Level 5:colcon.colcon_core.verb:set package 'hw_interface' build argument 'cmake_args' from command line to 'None'
[0.512s] Level 5:colcon.colcon_core.verb:set package 'hw_interface' build argument 'cmake_target' from command line to 'None'
[0.512s] Level 5:colcon.colcon_core.verb:set package 'hw_interface' build argument 'cmake_target_skip_unavailable' from command line to 'False'
[0.512s] Level 5:colcon.colcon_core.verb:set package 'hw_interface' build argument 'cmake_clean_cache' from command line to 'False'
[0.512s] Level 5:colcon.colcon_core.verb:set package 'hw_interface' build argument 'cmake_clean_first' from command line to 'False'
[0.512s] Level 5:colcon.colcon_core.verb:set package 'hw_interface' build argument 'cmake_force_configure' from command line to 'False'
[0.512s] Level 5:colcon.colcon_core.verb:set package 'hw_interface' build argument 'ament_cmake_args' from command line to 'None'
[0.512s] Level 5:colcon.colcon_core.verb:set package 'hw_interface' build argument 'catkin_cmake_args' from command line to 'None'
[0.512s] Level 5:colcon.colcon_core.verb:set package 'hw_interface' build argument 'catkin_skip_building_tests' from command line to 'False'
[0.512s] DEBUG:colcon.colcon_core.verb:Building package 'hw_interface' with the following arguments: {'ament_cmake_args': None, 'build_base': '/home/phy_ai/.ihub/daksha/build/hw_interface', 'catkin_cmake_args': None, 'catkin_skip_building_tests': False, 'cmake_args': None, 'cmake_clean_cache': False, 'cmake_clean_first': False, 'cmake_force_configure': False, 'cmake_target': None, 'cmake_target_skip_unavailable': False, 'install_base': '/home/phy_ai/.ihub/daksha/install/hw_interface', 'merge_install': False, 'path': '/home/phy_ai/.ihub/daksha/src/controllers/hw_interface', 'symlink_install': False, 'test_result_base': None}
[0.512s] Level 5:colcon.colcon_core.verb:set package 'joint_analyzer' build argument 'cmake_args' from command line to 'None'
[0.512s] Level 5:colcon.colcon_core.verb:set package 'joint_analyzer' build argument 'cmake_target' from command line to 'None'
[0.512s] Level 5:colcon.colcon_core.verb:set package 'joint_analyzer' build argument 'cmake_target_skip_unavailable' from command line to 'False'
[0.512s] Level 5:colcon.colcon_core.verb:set package 'joint_analyzer' build argument 'cmake_clean_cache' from command line to 'False'
[0.512s] Level 5:colcon.colcon_core.verb:set package 'joint_analyzer' build argument 'cmake_clean_first' from command line to 'False'
[0.512s] Level 5:colcon.colcon_core.verb:set package 'joint_analyzer' build argument 'cmake_force_configure' from command line to 'False'
[0.512s] Level 5:colcon.colcon_core.verb:set package 'joint_analyzer' build argument 'ament_cmake_args' from command line to 'None'
[0.512s] Level 5:colcon.colcon_core.verb:set package 'joint_analyzer' build argument 'catkin_cmake_args' from command line to 'None'
[0.512s] Level 5:colcon.colcon_core.verb:set package 'joint_analyzer' build argument 'catkin_skip_building_tests' from command line to 'False'
[0.512s] DEBUG:colcon.colcon_core.verb:Building package 'joint_analyzer' with the following arguments: {'ament_cmake_args': None, 'build_base': '/home/phy_ai/.ihub/daksha/build/joint_analyzer', 'catkin_cmake_args': None, 'catkin_skip_building_tests': False, 'cmake_args': None, 'cmake_clean_cache': False, 'cmake_clean_first': False, 'cmake_force_configure': False, 'cmake_target': None, 'cmake_target_skip_unavailable': False, 'install_base': '/home/phy_ai/.ihub/daksha/install/joint_analyzer', 'merge_install': False, 'path': '/home/phy_ai/.ihub/daksha/src/ui/analyzer', 'symlink_install': False, 'test_result_base': None}
[0.513s] Level 5:colcon.colcon_core.verb:set package 'joint_cmd_logger' build argument 'cmake_args' from command line to 'None'
[0.513s] Level 5:colcon.colcon_core.verb:set package 'joint_cmd_logger' build argument 'cmake_target' from command line to 'None'
[0.513s] Level 5:colcon.colcon_core.verb:set package 'joint_cmd_logger' build argument 'cmake_target_skip_unavailable' from command line to 'False'
[0.513s] Level 5:colcon.colcon_core.verb:set package 'joint_cmd_logger' build argument 'cmake_clean_cache' from command line to 'False'
[0.513s] Level 5:colcon.colcon_core.verb:set package 'joint_cmd_logger' build argument 'cmake_clean_first' from command line to 'False'
[0.513s] Level 5:colcon.colcon_core.verb:set package 'joint_cmd_logger' build argument 'cmake_force_configure' from command line to 'False'
[0.513s] Level 5:colcon.colcon_core.verb:set package 'joint_cmd_logger' build argument 'ament_cmake_args' from command line to 'None'
[0.513s] Level 5:colcon.colcon_core.verb:set package 'joint_cmd_logger' build argument 'catkin_cmake_args' from command line to 'None'
[0.513s] Level 5:colcon.colcon_core.verb:set package 'joint_cmd_logger' build argument 'catkin_skip_building_tests' from command line to 'False'
[0.513s] DEBUG:colcon.colcon_core.verb:Building package 'joint_cmd_logger' with the following arguments: {'ament_cmake_args': None, 'build_base': '/home/phy_ai/.ihub/daksha/build/joint_cmd_logger', 'catkin_cmake_args': None, 'catkin_skip_building_tests': False, 'cmake_args': None, 'cmake_clean_cache': False, 'cmake_clean_first': False, 'cmake_force_configure': False, 'cmake_target': None, 'cmake_target_skip_unavailable': False, 'install_base': '/home/phy_ai/.ihub/daksha/install/joint_cmd_logger', 'merge_install': False, 'path': '/home/phy_ai/.ihub/daksha/src/joint_cmd_logger', 'symlink_install': False, 'test_result_base': None}
[0.513s] Level 5:colcon.colcon_core.verb:set package 'kinematics' build argument 'cmake_args' from command line to 'None'
[0.513s] Level 5:colcon.colcon_core.verb:set package 'kinematics' build argument 'cmake_target' from command line to 'None'
[0.513s] Level 5:colcon.colcon_core.verb:set package 'kinematics' build argument 'cmake_target_skip_unavailable' from command line to 'False'
[0.513s] Level 5:colcon.colcon_core.verb:set package 'kinematics' build argument 'cmake_clean_cache' from command line to 'False'
[0.513s] Level 5:colcon.colcon_core.verb:set package 'kinematics' build argument 'cmake_clean_first' from command line to 'False'
[0.513s] Level 5:colcon.colcon_core.verb:set package 'kinematics' build argument 'cmake_force_configure' from command line to 'False'
[0.513s] Level 5:colcon.colcon_core.verb:set package 'kinematics' build argument 'ament_cmake_args' from command line to 'None'
[0.513s] Level 5:colcon.colcon_core.verb:set package 'kinematics' build argument 'catkin_cmake_args' from command line to 'None'
[0.513s] Level 5:colcon.colcon_core.verb:set package 'kinematics' build argument 'catkin_skip_building_tests' from command line to 'False'
[0.513s] DEBUG:colcon.colcon_core.verb:Building package 'kinematics' with the following arguments: {'ament_cmake_args': None, 'build_base': '/home/phy_ai/.ihub/daksha/build/kinematics', 'catkin_cmake_args': None, 'catkin_skip_building_tests': False, 'cmake_args': None, 'cmake_clean_cache': False, 'cmake_clean_first': False, 'cmake_force_configure': False, 'cmake_target': None, 'cmake_target_skip_unavailable': False, 'install_base': '/home/phy_ai/.ihub/daksha/install/kinematics', 'merge_install': False, 'path': '/home/phy_ai/.ihub/daksha/src/controllers/kinematics', 'symlink_install': False, 'test_result_base': None}
[0.513s] Level 5:colcon.colcon_core.verb:set package 'posveleff_controllers' build argument 'cmake_args' from command line to 'None'
[0.513s] Level 5:colcon.colcon_core.verb:set package 'posveleff_controllers' build argument 'cmake_target' from command line to 'None'
[0.513s] Level 5:colcon.colcon_core.verb:set package 'posveleff_controllers' build argument 'cmake_target_skip_unavailable' from command line to 'False'
[0.513s] Level 5:colcon.colcon_core.verb:set package 'posveleff_controllers' build argument 'cmake_clean_cache' from command line to 'False'
[0.513s] Level 5:colcon.colcon_core.verb:set package 'posveleff_controllers' build argument 'cmake_clean_first' from command line to 'False'
[0.513s] Level 5:colcon.colcon_core.verb:set package 'posveleff_controllers' build argument 'cmake_force_configure' from command line to 'False'
[0.513s] Level 5:colcon.colcon_core.verb:set package 'posveleff_controllers' build argument 'ament_cmake_args' from command line to 'None'
[0.513s] Level 5:colcon.colcon_core.verb:set package 'posveleff_controllers' build argument 'catkin_cmake_args' from command line to 'None'
[0.513s] Level 5:colcon.colcon_core.verb:set package 'posveleff_controllers' build argument 'catkin_skip_building_tests' from command line to 'False'
[0.513s] DEBUG:colcon.colcon_core.verb:Building package 'posveleff_controllers' with the following arguments: {'ament_cmake_args': None, 'build_base': '/home/phy_ai/.ihub/daksha/build/posveleff_controllers', 'catkin_cmake_args': None, 'catkin_skip_building_tests': False, 'cmake_args': None, 'cmake_clean_cache': False, 'cmake_clean_first': False, 'cmake_force_configure': False, 'cmake_target': None, 'cmake_target_skip_unavailable': False, 'install_base': '/home/phy_ai/.ihub/daksha/install/posveleff_controllers', 'merge_install': False, 'path': '/home/phy_ai/.ihub/daksha/src/controllers/posveleff_controllers', 'symlink_install': False, 'test_result_base': None}
[0.514s] Level 5:colcon.colcon_core.verb:set package 'ros_tcp_endpoint' build argument 'cmake_args' from command line to 'None'
[0.514s] Level 5:colcon.colcon_core.verb:set package 'ros_tcp_endpoint' build argument 'cmake_target' from command line to 'None'
[0.514s] Level 5:colcon.colcon_core.verb:set package 'ros_tcp_endpoint' build argument 'cmake_target_skip_unavailable' from command line to 'False'
[0.514s] Level 5:colcon.colcon_core.verb:set package 'ros_tcp_endpoint' build argument 'cmake_clean_cache' from command line to 'False'
[0.514s] Level 5:colcon.colcon_core.verb:set package 'ros_tcp_endpoint' build argument 'cmake_clean_first' from command line to 'False'
[0.514s] Level 5:colcon.colcon_core.verb:set package 'ros_tcp_endpoint' build argument 'cmake_force_configure' from command line to 'False'
[0.514s] Level 5:colcon.colcon_core.verb:set package 'ros_tcp_endpoint' build argument 'ament_cmake_args' from command line to 'None'
[0.514s] Level 5:colcon.colcon_core.verb:set package 'ros_tcp_endpoint' build argument 'catkin_cmake_args' from command line to 'None'
[0.514s] Level 5:colcon.colcon_core.verb:set package 'ros_tcp_endpoint' build argument 'catkin_skip_building_tests' from command line to 'False'
[0.514s] DEBUG:colcon.colcon_core.verb:Building package 'ros_tcp_endpoint' with the following arguments: {'ament_cmake_args': None, 'build_base': '/home/phy_ai/.ihub/daksha/build/ros_tcp_endpoint', 'catkin_cmake_args': None, 'catkin_skip_building_tests': False, 'cmake_args': None, 'cmake_clean_cache': False, 'cmake_clean_first': False, 'cmake_force_configure': False, 'cmake_target': None, 'cmake_target_skip_unavailable': False, 'install_base': '/home/phy_ai/.ihub/daksha/install/ros_tcp_endpoint', 'merge_install': False, 'path': '/home/phy_ai/.ihub/daksha/src/tele/ROS-TCP-Endpoint', 'symlink_install': False, 'test_result_base': None}
[0.514s] Level 5:colcon.colcon_core.verb:set package 'vajara' build argument 'cmake_args' from command line to 'None'
[0.514s] Level 5:colcon.colcon_core.verb:set package 'vajara' build argument 'cmake_target' from command line to 'None'
[0.514s] Level 5:colcon.colcon_core.verb:set package 'vajara' build argument 'cmake_target_skip_unavailable' from command line to 'False'
[0.514s] Level 5:colcon.colcon_core.verb:set package 'vajara' build argument 'cmake_clean_cache' from command line to 'False'
[0.514s] Level 5:colcon.colcon_core.verb:set package 'vajara' build argument 'cmake_clean_first' from command line to 'False'
[0.514s] Level 5:colcon.colcon_core.verb:set package 'vajara' build argument 'cmake_force_configure' from command line to 'False'
[0.514s] Level 5:colcon.colcon_core.verb:set package 'vajara' build argument 'ament_cmake_args' from command line to 'None'
[0.514s] Level 5:colcon.colcon_core.verb:set package 'vajara' build argument 'catkin_cmake_args' from command line to 'None'
[0.514s] Level 5:colcon.colcon_core.verb:set package 'vajara' build argument 'catkin_skip_building_tests' from command line to 'False'
[0.514s] DEBUG:colcon.colcon_core.verb:Building package 'vajara' with the following arguments: {'ament_cmake_args': None, 'build_base': '/home/phy_ai/.ihub/daksha/build/vajara', 'catkin_cmake_args': None, 'catkin_skip_building_tests': False, 'cmake_args': None, 'cmake_clean_cache': False, 'cmake_clean_first': False, 'cmake_force_configure': False, 'cmake_target': None, 'cmake_target_skip_unavailable': False, 'install_base': '/home/phy_ai/.ihub/daksha/install/vajara', 'merge_install': False, 'path': '/home/phy_ai/.ihub/daksha/src/diagnosis/vajara', 'symlink_install': False, 'test_result_base': None}
[0.514s] Level 5:colcon.colcon_core.verb:set package 'web_nav_site' build argument 'cmake_args' from command line to 'None'
[0.514s] Level 5:colcon.colcon_core.verb:set package 'web_nav_site' build argument 'cmake_target' from command line to 'None'
[0.514s] Level 5:colcon.colcon_core.verb:set package 'web_nav_site' build argument 'cmake_target_skip_unavailable' from command line to 'False'
[0.514s] Level 5:colcon.colcon_core.verb:set package 'web_nav_site' build argument 'cmake_clean_cache' from command line to 'False'
[0.514s] Level 5:colcon.colcon_core.verb:set package 'web_nav_site' build argument 'cmake_clean_first' from command line to 'False'
[0.514s] Level 5:colcon.colcon_core.verb:set package 'web_nav_site' build argument 'cmake_force_configure' from command line to 'False'
[0.514s] Level 5:colcon.colcon_core.verb:set package 'web_nav_site' build argument 'ament_cmake_args' from command line to 'None'
[0.514s] Level 5:colcon.colcon_core.verb:set package 'web_nav_site' build argument 'catkin_cmake_args' from command line to 'None'
[0.514s] Level 5:colcon.colcon_core.verb:set package 'web_nav_site' build argument 'catkin_skip_building_tests' from command line to 'False'
[0.514s] DEBUG:colcon.colcon_core.verb:Building package 'web_nav_site' with the following arguments: {'ament_cmake_args': None, 'build_base': '/home/phy_ai/.ihub/daksha/build/web_nav_site', 'catkin_cmake_args': None, 'catkin_skip_building_tests': False, 'cmake_args': None, 'cmake_clean_cache': False, 'cmake_clean_first': False, 'cmake_force_configure': False, 'cmake_target': None, 'cmake_target_skip_unavailable': False, 'install_base': '/home/phy_ai/.ihub/daksha/install/web_nav_site', 'merge_install': False, 'path': '/home/phy_ai/.ihub/daksha/src/navigation/web_nav_site', 'symlink_install': False, 'test_result_base': None}
[0.515s] Level 5:colcon.colcon_core.verb:set package 'world_camera_launch' build argument 'cmake_args' from command line to 'None'
[0.515s] Level 5:colcon.colcon_core.verb:set package 'world_camera_launch' build argument 'cmake_target' from command line to 'None'
[0.515s] Level 5:colcon.colcon_core.verb:set package 'world_camera_launch' build argument 'cmake_target_skip_unavailable' from command line to 'False'
[0.515s] Level 5:colcon.colcon_core.verb:set package 'world_camera_launch' build argument 'cmake_clean_cache' from command line to 'False'
[0.515s] Level 5:colcon.colcon_core.verb:set package 'world_camera_launch' build argument 'cmake_clean_first' from command line to 'False'
[0.515s] Level 5:colcon.colcon_core.verb:set package 'world_camera_launch' build argument 'cmake_force_configure' from command line to 'False'
[0.515s] Level 5:colcon.colcon_core.verb:set package 'world_camera_launch' build argument 'ament_cmake_args' from command line to 'None'
[0.515s] Level 5:colcon.colcon_core.verb:set package 'world_camera_launch' build argument 'catkin_cmake_args' from command line to 'None'
[0.515s] Level 5:colcon.colcon_core.verb:set package 'world_camera_launch' build argument 'catkin_skip_building_tests' from command line to 'False'
[0.515s] DEBUG:colcon.colcon_core.verb:Building package 'world_camera_launch' with the following arguments: {'ament_cmake_args': None, 'build_base': '/home/phy_ai/.ihub/daksha/build/world_camera_launch', 'catkin_cmake_args': None, 'catkin_skip_building_tests': False, 'cmake_args': None, 'cmake_clean_cache': False, 'cmake_clean_first': False, 'cmake_force_configure': False, 'cmake_target': None, 'cmake_target_skip_unavailable': False, 'install_base': '/home/phy_ai/.ihub/daksha/install/world_camera_launch', 'merge_install': False, 'path': '/home/phy_ai/.ihub/daksha/src/world_camera_launch', 'symlink_install': False, 'test_result_base': None}
[0.515s] Level 5:colcon.colcon_core.verb:set package 'collision_management' build argument 'cmake_args' from command line to 'None'
[0.515s] Level 5:colcon.colcon_core.verb:set package 'collision_management' build argument 'cmake_target' from command line to 'None'
[0.515s] Level 5:colcon.colcon_core.verb:set package 'collision_management' build argument 'cmake_target_skip_unavailable' from command line to 'False'
[0.515s] Level 5:colcon.colcon_core.verb:set package 'collision_management' build argument 'cmake_clean_cache' from command line to 'False'
[0.515s] Level 5:colcon.colcon_core.verb:set package 'collision_management' build argument 'cmake_clean_first' from command line to 'False'
[0.515s] Level 5:colcon.colcon_core.verb:set package 'collision_management' build argument 'cmake_force_configure' from command line to 'False'
[0.515s] Level 5:colcon.colcon_core.verb:set package 'collision_management' build argument 'ament_cmake_args' from command line to 'None'
[0.515s] Level 5:colcon.colcon_core.verb:set package 'collision_management' build argument 'catkin_cmake_args' from command line to 'None'
[0.515s] Level 5:colcon.colcon_core.verb:set package 'collision_management' build argument 'catkin_skip_building_tests' from command line to 'False'
[0.515s] DEBUG:colcon.colcon_core.verb:Building package 'collision_management' with the following arguments: {'ament_cmake_args': None, 'build_base': '/home/phy_ai/.ihub/daksha/build/collision_management', 'catkin_cmake_args': None, 'catkin_skip_building_tests': False, 'cmake_args': None, 'cmake_clean_cache': False, 'cmake_clean_first': False, 'cmake_force_configure': False, 'cmake_target': None, 'cmake_target_skip_unavailable': False, 'install_base': '/home/phy_ai/.ihub/daksha/install/collision_management', 'merge_install': False, 'path': '/home/phy_ai/.ihub/daksha/src/controllers/collision_management', 'symlink_install': False, 'test_result_base': None}
[0.515s] Level 5:colcon.colcon_core.verb:set package 'daksha_data_collection' build argument 'cmake_args' from command line to 'None'
[0.515s] Level 5:colcon.colcon_core.verb:set package 'daksha_data_collection' build argument 'cmake_target' from command line to 'None'
[0.515s] Level 5:colcon.colcon_core.verb:set package 'daksha_data_collection' build argument 'cmake_target_skip_unavailable' from command line to 'False'
[0.515s] Level 5:colcon.colcon_core.verb:set package 'daksha_data_collection' build argument 'cmake_clean_cache' from command line to 'False'
[0.515s] Level 5:colcon.colcon_core.verb:set package 'daksha_data_collection' build argument 'cmake_clean_first' from command line to 'False'
[0.515s] Level 5:colcon.colcon_core.verb:set package 'daksha_data_collection' build argument 'cmake_force_configure' from command line to 'False'
[0.515s] Level 5:colcon.colcon_core.verb:set package 'daksha_data_collection' build argument 'ament_cmake_args' from command line to 'None'
[0.515s] Level 5:colcon.colcon_core.verb:set package 'daksha_data_collection' build argument 'catkin_cmake_args' from command line to 'None'
[0.515s] Level 5:colcon.colcon_core.verb:set package 'daksha_data_collection' build argument 'catkin_skip_building_tests' from command line to 'False'
[0.515s] DEBUG:colcon.colcon_core.verb:Building package 'daksha_data_collection' with the following arguments: {'ament_cmake_args': None, 'build_base': '/home/phy_ai/.ihub/daksha/build/daksha_data_collection', 'catkin_cmake_args': None, 'catkin_skip_building_tests': False, 'cmake_args': None, 'cmake_clean_cache': False, 'cmake_clean_first': False, 'cmake_force_configure': False, 'cmake_target': None, 'cmake_target_skip_unavailable': False, 'install_base': '/home/phy_ai/.ihub/daksha/install/daksha_data_collection', 'merge_install': False, 'path': '/home/phy_ai/.ihub/daksha/src/ui/Clients_UI/daksha_data_collection', 'symlink_install': False, 'test_result_base': None}
[0.516s] Level 5:colcon.colcon_core.verb:set package 'vr_teleop' build argument 'cmake_args' from command line to 'None'
[0.516s] Level 5:colcon.colcon_core.verb:set package 'vr_teleop' build argument 'cmake_target' from command line to 'None'
[0.516s] Level 5:colcon.colcon_core.verb:set package 'vr_teleop' build argument 'cmake_target_skip_unavailable' from command line to 'False'
[0.516s] Level 5:colcon.colcon_core.verb:set package 'vr_teleop' build argument 'cmake_clean_cache' from command line to 'False'
[0.516s] Level 5:colcon.colcon_core.verb:set package 'vr_teleop' build argument 'cmake_clean_first' from command line to 'False'
[0.516s] Level 5:colcon.colcon_core.verb:set package 'vr_teleop' build argument 'cmake_force_configure' from command line to 'False'
[0.516s] Level 5:colcon.colcon_core.verb:set package 'vr_teleop' build argument 'ament_cmake_args' from command line to 'None'
[0.516s] Level 5:colcon.colcon_core.verb:set package 'vr_teleop' build argument 'catkin_cmake_args' from command line to 'None'
[0.516s] Level 5:colcon.colcon_core.verb:set package 'vr_teleop' build argument 'catkin_skip_building_tests' from command line to 'False'
[0.516s] DEBUG:colcon.colcon_core.verb:Building package 'vr_teleop' with the following arguments: {'ament_cmake_args': None, 'build_base': '/home/phy_ai/.ihub/daksha/build/vr_teleop', 'catkin_cmake_args': None, 'catkin_skip_building_tests': False, 'cmake_args': None, 'cmake_clean_cache': False, 'cmake_clean_first': False, 'cmake_force_configure': False, 'cmake_target': None, 'cmake_target_skip_unavailable': False, 'install_base': '/home/phy_ai/.ihub/daksha/install/vr_teleop', 'merge_install': False, 'path': '/home/phy_ai/.ihub/daksha/src/tele/vr_teleop', 'symlink_install': False, 'test_result_base': None}
[0.516s] Level 5:colcon.colcon_core.verb:set package 'gen2' build argument 'cmake_args' from command line to 'None'
[0.516s] Level 5:colcon.colcon_core.verb:set package 'gen2' build argument 'cmake_target' from command line to 'None'
[0.516s] Level 5:colcon.colcon_core.verb:set package 'gen2' build argument 'cmake_target_skip_unavailable' from command line to 'False'
[0.516s] Level 5:colcon.colcon_core.verb:set package 'gen2' build argument 'cmake_clean_cache' from command line to 'False'
[0.516s] Level 5:colcon.colcon_core.verb:set package 'gen2' build argument 'cmake_clean_first' from command line to 'False'
[0.516s] Level 5:colcon.colcon_core.verb:set package 'gen2' build argument 'cmake_force_configure' from command line to 'False'
[0.516s] Level 5:colcon.colcon_core.verb:set package 'gen2' build argument 'ament_cmake_args' from command line to 'None'
[0.516s] Level 5:colcon.colcon_core.verb:set package 'gen2' build argument 'catkin_cmake_args' from command line to 'None'
[0.516s] Level 5:colcon.colcon_core.verb:set package 'gen2' build argument 'catkin_skip_building_tests' from command line to 'False'
[0.516s] DEBUG:colcon.colcon_core.verb:Building package 'gen2' with the following arguments: {'ament_cmake_args': None, 'build_base': '/home/phy_ai/.ihub/daksha/build/gen2', 'catkin_cmake_args': None, 'catkin_skip_building_tests': False, 'cmake_args': None, 'cmake_clean_cache': False, 'cmake_clean_first': False, 'cmake_force_configure': False, 'cmake_target': None, 'cmake_target_skip_unavailable': False, 'install_base': '/home/phy_ai/.ihub/daksha/install/gen2', 'merge_install': False, 'path': '/home/phy_ai/.ihub/daksha/src/gen2', 'symlink_install': False, 'test_result_base': None}
[0.516s] Level 5:colcon.colcon_core.verb:set package 'moveit_collision_management' build argument 'cmake_args' from command line to 'None'
[0.516s] Level 5:colcon.colcon_core.verb:set package 'moveit_collision_management' build argument 'cmake_target' from command line to 'None'
[0.516s] Level 5:colcon.colcon_core.verb:set package 'moveit_collision_management' build argument 'cmake_target_skip_unavailable' from command line to 'False'
[0.516s] Level 5:colcon.colcon_core.verb:set package 'moveit_collision_management' build argument 'cmake_clean_cache' from command line to 'False'
[0.516s] Level 5:colcon.colcon_core.verb:set package 'moveit_collision_management' build argument 'cmake_clean_first' from command line to 'False'
[0.516s] Level 5:colcon.colcon_core.verb:set package 'moveit_collision_management' build argument 'cmake_force_configure' from command line to 'False'
[0.516s] Level 5:colcon.colcon_core.verb:set package 'moveit_collision_management' build argument 'ament_cmake_args' from command line to 'None'
[0.516s] Level 5:colcon.colcon_core.verb:set package 'moveit_collision_management' build argument 'catkin_cmake_args' from command line to 'None'
[0.516s] Level 5:colcon.colcon_core.verb:set package 'moveit_collision_management' build argument 'catkin_skip_building_tests' from command line to 'False'
[0.516s] DEBUG:colcon.colcon_core.verb:Building package 'moveit_collision_management' with the following arguments: {'ament_cmake_args': None, 'build_base': '/home/phy_ai/.ihub/daksha/build/moveit_collision_management', 'catkin_cmake_args': None, 'catkin_skip_building_tests': False, 'cmake_args': None, 'cmake_clean_cache': False, 'cmake_clean_first': False, 'cmake_force_configure': False, 'cmake_target': None, 'cmake_target_skip_unavailable': False, 'install_base': '/home/phy_ai/.ihub/daksha/install/moveit_collision_management', 'merge_install': False, 'path': '/home/phy_ai/.ihub/daksha/src/controllers/moveit_collision_management', 'symlink_install': False, 'test_result_base': None}
[0.517s] INFO:colcon.colcon_core.executor:Executing jobs using 'parallel' executor
[0.518s] DEBUG:colcon.colcon_parallel_executor.executor.parallel:run_until_complete
[0.518s] INFO:colcon.colcon_ros.task.ament_python.build:Building ROS package in '/home/phy_ai/.ihub/daksha/src/controllers/kinematics' with build type 'ament_python'
[0.518s] Level 1:colcon.colcon_core.shell:create_environment_hook('kinematics', 'ament_prefix_path')
[0.523s] INFO:colcon.colcon_core.plugin_system:Skipping extension 'colcon_core.shell.bat': Not used on non-Windows systems
[0.523s] INFO:colcon.colcon_core.shell:Creating environment hook '/home/phy_ai/.ihub/daksha/install/kinematics/share/kinematics/hook/ament_prefix_path.ps1'
[0.524s] INFO:colcon.colcon_core.shell:Creating environment descriptor '/home/phy_ai/.ihub/daksha/install/kinematics/share/kinematics/hook/ament_prefix_path.dsv'
[0.525s] INFO:colcon.colcon_core.shell:Creating environment hook '/home/phy_ai/.ihub/daksha/install/kinematics/share/kinematics/hook/ament_prefix_path.sh'
[0.525s] INFO:colcon.colcon_core.shell:Skip shell extension 'powershell' for command environment: Not usable outside of PowerShell
[0.525s] DEBUG:colcon.colcon_core.shell:Skip shell extension 'dsv' for command environment
[0.531s] INFO:colcon.colcon_ros.task.ament_python.build:Building ROS package in '/home/phy_ai/.ihub/daksha/src/daksha_description_full_body' with build type 'ament_python'
[0.531s] Level 1:colcon.colcon_core.shell:create_environment_hook('daksha_description_full_body', 'ament_prefix_path')
[0.531s] INFO:colcon.colcon_core.shell:Creating environment hook '/home/phy_ai/.ihub/daksha/install/daksha_description_full_body/share/daksha_description_full_body/hook/ament_prefix_path.ps1'
[0.532s] INFO:colcon.colcon_core.shell:Creating environment descriptor '/home/phy_ai/.ihub/daksha/install/daksha_description_full_body/share/daksha_description_full_body/hook/ament_prefix_path.dsv'
[0.532s] INFO:colcon.colcon_core.shell:Creating environment hook '/home/phy_ai/.ihub/daksha/install/daksha_description_full_body/share/daksha_description_full_body/hook/ament_prefix_path.sh'
[0.533s] INFO:colcon.colcon_core.shell:Skip shell extension 'powershell' for command environment: Not usable outside of PowerShell
[0.533s] DEBUG:colcon.colcon_core.shell:Skip shell extension 'dsv' for command environment
[0.538s] INFO:colcon.colcon_ros.task.ament_cmake.build:Building ROS package in '/home/phy_ai/.ihub/daksha/src/controllers/hw_interface' with build type 'ament_cmake'
[0.538s] INFO:colcon.colcon_cmake.task.cmake.build:Building CMake package in '/home/phy_ai/.ihub/daksha/src/controllers/hw_interface'
[0.538s] INFO:colcon.colcon_core.shell:Skip shell extension 'powershell' for command environment: Not usable outside of PowerShell
[0.538s] DEBUG:colcon.colcon_core.shell:Skip shell extension 'dsv' for command environment
[0.543s] INFO:colcon.colcon_ros.task.ament_cmake.build:Building ROS package in '/home/phy_ai/.ihub/daksha/src/ui/Clients_UI/daksha_msgs' with build type 'ament_cmake'
[0.543s] INFO:colcon.colcon_cmake.task.cmake.build:Building CMake package in '/home/phy_ai/.ihub/daksha/src/ui/Clients_UI/daksha_msgs'
[0.543s] INFO:colcon.colcon_core.shell:Skip shell extension 'powershell' for command environment: Not usable outside of PowerShell
[0.543s] DEBUG:colcon.colcon_core.shell:Skip shell extension 'dsv' for command environment
[0.549s] INFO:colcon.colcon_ros.task.ament_cmake.build:Building ROS package in '/home/phy_ai/.ihub/daksha/src/automation' with build type 'ament_cmake'
[0.549s] INFO:colcon.colcon_cmake.task.cmake.build:Building CMake package in '/home/phy_ai/.ihub/daksha/src/automation'
[0.549s] INFO:colcon.colcon_core.shell:Skip shell extension 'powershell' for command environment: Not usable outside of PowerShell
[0.549s] DEBUG:colcon.colcon_core.shell:Skip shell extension 'dsv' for command environment
[0.554s] INFO:colcon.colcon_ros.task.ament_python.build:Building ROS package in '/home/phy_ai/.ihub/daksha/src/global/daksha_api_bridge_follower' with build type 'ament_python'
[0.554s] Level 1:colcon.colcon_core.shell:create_environment_hook('daksha_api_bridge_follower', 'ament_prefix_path')
[0.554s] INFO:colcon.colcon_core.shell:Creating environment hook '/home/phy_ai/.ihub/daksha/install/daksha_api_bridge_follower/share/daksha_api_bridge_follower/hook/ament_prefix_path.ps1'
[0.555s] INFO:colcon.colcon_core.shell:Creating environment descriptor '/home/phy_ai/.ihub/daksha/install/daksha_api_bridge_follower/share/daksha_api_bridge_follower/hook/ament_prefix_path.dsv'
[0.555s] INFO:colcon.colcon_core.shell:Creating environment hook '/home/phy_ai/.ihub/daksha/install/daksha_api_bridge_follower/share/daksha_api_bridge_follower/hook/ament_prefix_path.sh'
[0.556s] INFO:colcon.colcon_core.shell:Skip shell extension 'powershell' for command environment: Not usable outside of PowerShell
[0.556s] DEBUG:colcon.colcon_core.shell:Skip shell extension 'dsv' for command environment
[0.561s] INFO:colcon.colcon_ros.task.ament_python.build:Building ROS package in '/home/phy_ai/.ihub/daksha/src/global/daksha_api_bridge_leader' with build type 'ament_python'
[0.561s] Level 1:colcon.colcon_core.shell:create_environment_hook('daksha_api_bridge_leader', 'ament_prefix_path')
[0.561s] INFO:colcon.colcon_core.shell:Creating environment hook '/home/phy_ai/.ihub/daksha/install/daksha_api_bridge_leader/share/daksha_api_bridge_leader/hook/ament_prefix_path.ps1'
[0.562s] INFO:colcon.colcon_core.shell:Creating environment descriptor '/home/phy_ai/.ihub/daksha/install/daksha_api_bridge_leader/share/daksha_api_bridge_leader/hook/ament_prefix_path.dsv'
[0.563s] INFO:colcon.colcon_core.shell:Creating environment hook '/home/phy_ai/.ihub/daksha/install/daksha_api_bridge_leader/share/daksha_api_bridge_leader/hook/ament_prefix_path.sh'
[0.563s] INFO:colcon.colcon_core.shell:Skip shell extension 'powershell' for command environment: Not usable outside of PowerShell
[0.564s] DEBUG:colcon.colcon_core.shell:Skip shell extension 'dsv' for command environment
[0.568s] INFO:colcon.colcon_ros.task.ament_python.build:Building ROS package in '/home/phy_ai/.ihub/daksha/src/ui/Clients_UI/daksha_final_urdf_description' with build type 'ament_python'
[0.568s] Level 1:colcon.colcon_core.shell:create_environment_hook('daksha_final_urdf_description', 'ament_prefix_path')
[0.569s] INFO:colcon.colcon_core.shell:Creating environment hook '/home/phy_ai/.ihub/daksha/install/daksha_final_urdf_description/share/daksha_final_urdf_description/hook/ament_prefix_path.ps1'
[0.569s] INFO:colcon.colcon_core.shell:Creating environment descriptor '/home/phy_ai/.ihub/daksha/install/daksha_final_urdf_description/share/daksha_final_urdf_description/hook/ament_prefix_path.dsv'
[0.570s] INFO:colcon.colcon_core.shell:Creating environment hook '/home/phy_ai/.ihub/daksha/install/daksha_final_urdf_description/share/daksha_final_urdf_description/hook/ament_prefix_path.sh'
[0.570s] INFO:colcon.colcon_core.shell:Skip shell extension 'powershell' for command environment: Not usable outside of PowerShell
[0.570s] DEBUG:colcon.colcon_core.shell:Skip shell extension 'dsv' for command environment
[0.575s] INFO:colcon.colcon_ros.task.ament_cmake.build:Building ROS package in '/home/phy_ai/.ihub/daksha/src/ui/Clients_UI/daksha_ui' with build type 'ament_cmake'
[0.575s] INFO:colcon.colcon_cmake.task.cmake.build:Building CMake package in '/home/phy_ai/.ihub/daksha/src/ui/Clients_UI/daksha_ui'
[0.576s] INFO:colcon.colcon_core.shell:Skip shell extension 'powershell' for command environment: Not usable outside of PowerShell
[0.576s] DEBUG:colcon.colcon_core.shell:Skip shell extension 'dsv' for command environment
[0.581s] INFO:colcon.colcon_ros.task.ament_cmake.build:Building ROS package in '/home/phy_ai/.ihub/daksha/src/controllers/dynamics' with build type 'ament_cmake'
[0.581s] INFO:colcon.colcon_cmake.task.cmake.build:Building CMake package in '/home/phy_ai/.ihub/daksha/src/controllers/dynamics'
[0.581s] INFO:colcon.colcon_core.shell:Skip shell extension 'powershell' for command environment: Not usable outside of PowerShell
[0.581s] DEBUG:colcon.colcon_core.shell:Skip shell extension 'dsv' for command environment
[0.586s] INFO:colcon.colcon_ros.task.ament_python.build:Building ROS package in '/home/phy_ai/.ihub/daksha/src/tele/gen2_leader' with build type 'ament_python'
[0.587s] Level 1:colcon.colcon_core.shell:create_environment_hook('gen2_leader', 'ament_prefix_path')
[0.587s] INFO:colcon.colcon_core.shell:Creating environment hook '/home/phy_ai/.ihub/daksha/install/gen2_leader/share/gen2_leader/hook/ament_prefix_path.ps1'
[0.587s] INFO:colcon.colcon_core.shell:Creating environment descriptor '/home/phy_ai/.ihub/daksha/install/gen2_leader/share/gen2_leader/hook/ament_prefix_path.dsv'
[0.588s] INFO:colcon.colcon_core.shell:Creating environment hook '/home/phy_ai/.ihub/daksha/install/gen2_leader/share/gen2_leader/hook/ament_prefix_path.sh'
[0.588s] INFO:colcon.colcon_core.shell:Skip shell extension 'powershell' for command environment: Not usable outside of PowerShell
[0.588s] DEBUG:colcon.colcon_core.shell:Skip shell extension 'dsv' for command environment
[0.593s] INFO:colcon.colcon_ros.task.ament_cmake.build:Building ROS package in '/home/phy_ai/.ihub/daksha/src/gesture_management' with build type 'ament_cmake'
[0.593s] INFO:colcon.colcon_cmake.task.cmake.build:Building CMake package in '/home/phy_ai/.ihub/daksha/src/gesture_management'
[0.593s] INFO:colcon.colcon_core.shell:Skip shell extension 'powershell' for command environment: Not usable outside of PowerShell
[0.593s] DEBUG:colcon.colcon_core.shell:Skip shell extension 'dsv' for command environment
[0.598s] INFO:colcon.colcon_ros.task.ament_python.build:Building ROS package in '/home/phy_ai/.ihub/daksha/src/ui/analyzer' with build type 'ament_python'
[0.598s] Level 1:colcon.colcon_core.shell:create_environment_hook('joint_analyzer', 'ament_prefix_path')
[0.598s] INFO:colcon.colcon_core.shell:Creating environment hook '/home/phy_ai/.ihub/daksha/install/joint_analyzer/share/joint_analyzer/hook/ament_prefix_path.ps1'
[0.599s] INFO:colcon.colcon_core.shell:Creating environment descriptor '/home/phy_ai/.ihub/daksha/install/joint_analyzer/share/joint_analyzer/hook/ament_prefix_path.dsv'
[0.599s] INFO:colcon.colcon_core.shell:Creating environment hook '/home/phy_ai/.ihub/daksha/install/joint_analyzer/share/joint_analyzer/hook/ament_prefix_path.sh'
[0.599s] INFO:colcon.colcon_core.shell:Skip shell extension 'powershell' for command environment: Not usable outside of PowerShell
[0.599s] DEBUG:colcon.colcon_core.shell:Skip shell extension 'dsv' for command environment
[0.604s] INFO:colcon.colcon_ros.task.ament_python.build:Building ROS package in '/home/phy_ai/.ihub/daksha/src/joint_cmd_logger' with build type 'ament_python'
[0.604s] Level 1:colcon.colcon_core.shell:create_environment_hook('joint_cmd_logger', 'ament_prefix_path')
[0.605s] INFO:colcon.colcon_core.shell:Creating environment hook '/home/phy_ai/.ihub/daksha/install/joint_cmd_logger/share/joint_cmd_logger/hook/ament_prefix_path.ps1'
[0.605s] INFO:colcon.colcon_core.shell:Creating environment descriptor '/home/phy_ai/.ihub/daksha/install/joint_cmd_logger/share/joint_cmd_logger/hook/ament_prefix_path.dsv'
[0.605s] INFO:colcon.colcon_core.shell:Creating environment hook '/home/phy_ai/.ihub/daksha/install/joint_cmd_logger/share/joint_cmd_logger/hook/ament_prefix_path.sh'
[0.606s] INFO:colcon.colcon_core.shell:Skip shell extension 'powershell' for command environment: Not usable outside of PowerShell
[0.606s] DEBUG:colcon.colcon_core.shell:Skip shell extension 'dsv' for command environment
[0.610s] INFO:colcon.colcon_ros.task.ament_cmake.build:Building ROS package in '/home/phy_ai/.ihub/daksha/src/controllers/posveleff_controllers' with build type 'ament_cmake'
[0.611s] INFO:colcon.colcon_cmake.task.cmake.build:Building CMake package in '/home/phy_ai/.ihub/daksha/src/controllers/posveleff_controllers'
[0.611s] INFO:colcon.colcon_core.shell:Skip shell extension 'powershell' for command environment: Not usable outside of PowerShell
[0.611s] DEBUG:colcon.colcon_core.shell:Skip shell extension 'dsv' for command environment
[0.616s] INFO:colcon.colcon_ros.task.ament_python.build:Building ROS package in '/home/phy_ai/.ihub/daksha/src/tele/ROS-TCP-Endpoint' with build type 'ament_python'
[0.616s] Level 1:colcon.colcon_core.shell:create_environment_hook('ros_tcp_endpoint', 'ament_prefix_path')
[0.616s] INFO:colcon.colcon_core.shell:Creating environment hook '/home/phy_ai/.ihub/daksha/install/ros_tcp_endpoint/share/ros_tcp_endpoint/hook/ament_prefix_path.ps1'
[0.616s] INFO:colcon.colcon_core.shell:Creating environment descriptor '/home/phy_ai/.ihub/daksha/install/ros_tcp_endpoint/share/ros_tcp_endpoint/hook/ament_prefix_path.dsv'
[0.617s] INFO:colcon.colcon_core.shell:Creating environment hook '/home/phy_ai/.ihub/daksha/install/ros_tcp_endpoint/share/ros_tcp_endpoint/hook/ament_prefix_path.sh'
[0.617s] INFO:colcon.colcon_core.shell:Skip shell extension 'powershell' for command environment: Not usable outside of PowerShell
[0.617s] DEBUG:colcon.colcon_core.shell:Skip shell extension 'dsv' for command environment
[1.053s] INFO:colcon.colcon_core.task.python.build:Building Python package in '/home/phy_ai/.ihub/daksha/src/controllers/kinematics'
[1.053s] INFO:colcon.colcon_core.shell:Skip shell extension 'powershell' for command environment: Not usable outside of PowerShell
[1.053s] DEBUG:colcon.colcon_core.shell:Skip shell extension 'dsv' for command environment
[1.325s] INFO:colcon.colcon_core.task.python.build:Building Python package in '/home/phy_ai/.ihub/daksha/src/daksha_description_full_body'
[1.325s] INFO:colcon.colcon_core.shell:Skip shell extension 'powershell' for command environment: Not usable outside of PowerShell
[1.325s] DEBUG:colcon.colcon_core.shell:Skip shell extension 'dsv' for command environment
[1.346s] DEBUG:colcon.colcon_core.event_handler.log_command:Invoking command in '/home/phy_ai/.ihub/daksha/build/hw_interface': CMAKE_PREFIX_PATH=${CMAKE_PREFIX_PATH}:/home/phy_ai/.barani/gen2_full/install/world_camera_launch:/home/phy_ai/.barani/gen2_full/install/gen2:/home/phy_ai/.barani/gen2_full/install/vr_teleop:/home/phy_ai/.barani/gen2_full/install/ros_tcp_endpoint:/home/phy_ai/.barani/gen2_full/install/nav_bringup:/home/phy_ai/.barani/gen2_full/install/nav2_config:/home/phy_ai/.barani/gen2_full/install/kinematics:/home/phy_ai/.barani/gen2_full/install/joint_cmd_logger:/home/phy_ai/.barani/gen2_full/install/joint_analyzer:/home/phy_ai/.barani/gen2_full/install/daksha_data_collection:/home/phy_ai/.barani/gen2_full/install/gen2_leader:/home/phy_ai/.barani/gen2_full/install/amr_bringup:/home/phy_ai/.barani/gen2_full/install/daksha_final_urdf_description:/home/phy_ai/.barani/gen2_full/install/daksha_description_full_body:/home/phy_ai/.barani/gen2_full/install/daksha_base_urdf:/home/phy_ai/.barani/gen2_full/install/daksha_api_bridge_leader:/home/phy_ai/.barani/gen2_full/install/daksha_api_bridge_follower:/opt/ros/humble /usr/bin/cmake /home/phy_ai/.ihub/daksha/src/controllers/hw_interface -DCMAKE_INSTALL_PREFIX=/home/phy_ai/.ihub/daksha/install/hw_interface
[1.351s] DEBUG:colcon.colcon_core.event_handler.log_command:Invoking command in '/home/phy_ai/.ihub/daksha/build/daksha_msgs': CMAKE_PREFIX_PATH=${CMAKE_PREFIX_PATH}:/home/phy_ai/.barani/gen2_full/install/world_camera_launch:/home/phy_ai/.barani/gen2_full/install/gen2:/home/phy_ai/.barani/gen2_full/install/vr_teleop:/home/phy_ai/.barani/gen2_full/install/ros_tcp_endpoint:/home/phy_ai/.barani/gen2_full/install/nav_bringup:/home/phy_ai/.barani/gen2_full/install/nav2_config:/home/phy_ai/.barani/gen2_full/install/kinematics:/home/phy_ai/.barani/gen2_full/install/joint_cmd_logger:/home/phy_ai/.barani/gen2_full/install/joint_analyzer:/home/phy_ai/.barani/gen2_full/install/daksha_data_collection:/home/phy_ai/.barani/gen2_full/install/gen2_leader:/home/phy_ai/.barani/gen2_full/install/amr_bringup:/home/phy_ai/.barani/gen2_full/install/daksha_final_urdf_description:/home/phy_ai/.barani/gen2_full/install/daksha_description_full_body:/home/phy_ai/.barani/gen2_full/install/daksha_base_urdf:/home/phy_ai/.barani/gen2_full/install/daksha_api_bridge_leader:/home/phy_ai/.barani/gen2_full/install/daksha_api_bridge_follower:/opt/ros/humble /usr/bin/cmake /home/phy_ai/.ihub/daksha/src/ui/Clients_UI/daksha_msgs -DCMAKE_INSTALL_PREFIX=/home/phy_ai/.ihub/daksha/install/daksha_msgs
[1.356s] DEBUG:colcon.colcon_core.event_handler.log_command:Invoking command in '/home/phy_ai/.ihub/daksha/build/automation': CMAKE_PREFIX_PATH=${CMAKE_PREFIX_PATH}:/home/phy_ai/.barani/gen2_full/install/world_camera_launch:/home/phy_ai/.barani/gen2_full/install/gen2:/home/phy_ai/.barani/gen2_full/install/vr_teleop:/home/phy_ai/.barani/gen2_full/install/ros_tcp_endpoint:/home/phy_ai/.barani/gen2_full/install/nav_bringup:/home/phy_ai/.barani/gen2_full/install/nav2_config:/home/phy_ai/.barani/gen2_full/install/kinematics:/home/phy_ai/.barani/gen2_full/install/joint_cmd_logger:/home/phy_ai/.barani/gen2_full/install/joint_analyzer:/home/phy_ai/.barani/gen2_full/install/daksha_data_collection:/home/phy_ai/.barani/gen2_full/install/gen2_leader:/home/phy_ai/.barani/gen2_full/install/amr_bringup:/home/phy_ai/.barani/gen2_full/install/daksha_final_urdf_description:/home/phy_ai/.barani/gen2_full/install/daksha_description_full_body:/home/phy_ai/.barani/gen2_full/install/daksha_base_urdf:/home/phy_ai/.barani/gen2_full/install/daksha_api_bridge_leader:/home/phy_ai/.barani/gen2_full/install/daksha_api_bridge_follower:/opt/ros/humble /usr/bin/cmake /home/phy_ai/.ihub/daksha/src/automation -DCMAKE_INSTALL_PREFIX=/home/phy_ai/.ihub/daksha/install/automation
[1.640s] INFO:colcon.colcon_core.task.python.build:Building Python package in '/home/phy_ai/.ihub/daksha/src/global/daksha_api_bridge_follower'
[1.640s] INFO:colcon.colcon_core.shell:Skip shell extension 'powershell' for command environment: Not usable outside of PowerShell
[1.640s] DEBUG:colcon.colcon_core.shell:Skip shell extension 'dsv' for command environment
[1.929s] INFO:colcon.colcon_core.task.python.build:Building Python package in '/home/phy_ai/.ihub/daksha/src/global/daksha_api_bridge_leader'
[1.929s] INFO:colcon.colcon_core.shell:Skip shell extension 'powershell' for command environment: Not usable outside of PowerShell
[1.929s] DEBUG:colcon.colcon_core.shell:Skip shell extension 'dsv' for command environment
[2.239s] INFO:colcon.colcon_core.task.python.build:Building Python package in '/home/phy_ai/.ihub/daksha/src/ui/Clients_UI/daksha_final_urdf_description'
[2.239s] INFO:colcon.colcon_core.shell:Skip shell extension 'powershell' for command environment: Not usable outside of PowerShell
[2.239s] DEBUG:colcon.colcon_core.shell:Skip shell extension 'dsv' for command environment
[2.254s] DEBUG:colcon.colcon_core.event_handler.log_command:Invoking command in '/home/phy_ai/.ihub/daksha/build/daksha_ui': CMAKE_PREFIX_PATH=${CMAKE_PREFIX_PATH}:/home/phy_ai/.barani/gen2_full/install/world_camera_launch:/home/phy_ai/.barani/gen2_full/install/gen2:/home/phy_ai/.barani/gen2_full/install/vr_teleop:/home/phy_ai/.barani/gen2_full/install/ros_tcp_endpoint:/home/phy_ai/.barani/gen2_full/install/nav_bringup:/home/phy_ai/.barani/gen2_full/install/nav2_config:/home/phy_ai/.barani/gen2_full/install/kinematics:/home/phy_ai/.barani/gen2_full/install/joint_cmd_logger:/home/phy_ai/.barani/gen2_full/install/joint_analyzer:/home/phy_ai/.barani/gen2_full/install/daksha_data_collection:/home/phy_ai/.barani/gen2_full/install/gen2_leader:/home/phy_ai/.barani/gen2_full/install/amr_bringup:/home/phy_ai/.barani/gen2_full/install/daksha_final_urdf_description:/home/phy_ai/.barani/gen2_full/install/daksha_description_full_body:/home/phy_ai/.barani/gen2_full/install/daksha_base_urdf:/home/phy_ai/.barani/gen2_full/install/daksha_api_bridge_leader:/home/phy_ai/.barani/gen2_full/install/daksha_api_bridge_follower:/opt/ros/humble /usr/bin/cmake /home/phy_ai/.ihub/daksha/src/ui/Clients_UI/daksha_ui -DCMAKE_INSTALL_PREFIX=/home/phy_ai/.ihub/daksha/install/daksha_ui
[2.259s] DEBUG:colcon.colcon_core.event_handler.log_command:Invoking command in '/home/phy_ai/.ihub/daksha/build/dynamics': CMAKE_PREFIX_PATH=${CMAKE_PREFIX_PATH}:/home/phy_ai/.barani/gen2_full/install/world_camera_launch:/home/phy_ai/.barani/gen2_full/install/gen2:/home/phy_ai/.barani/gen2_full/install/vr_teleop:/home/phy_ai/.barani/gen2_full/install/ros_tcp_endpoint:/home/phy_ai/.barani/gen2_full/install/nav_bringup:/home/phy_ai/.barani/gen2_full/install/nav2_config:/home/phy_ai/.barani/gen2_full/install/kinematics:/home/phy_ai/.barani/gen2_full/install/joint_cmd_logger:/home/phy_ai/.barani/gen2_full/install/joint_analyzer:/home/phy_ai/.barani/gen2_full/install/daksha_data_collection:/home/phy_ai/.barani/gen2_full/install/gen2_leader:/home/phy_ai/.barani/gen2_full/install/amr_bringup:/home/phy_ai/.barani/gen2_full/install/daksha_final_urdf_description:/home/phy_ai/.barani/gen2_full/install/daksha_description_full_body:/home/phy_ai/.barani/gen2_full/install/daksha_base_urdf:/home/phy_ai/.barani/gen2_full/install/daksha_api_bridge_leader:/home/phy_ai/.barani/gen2_full/install/daksha_api_bridge_follower:/opt/ros/humble /usr/bin/cmake /home/phy_ai/.ihub/daksha/src/controllers/dynamics -DCMAKE_INSTALL_PREFIX=/home/phy_ai/.ihub/daksha/install/dynamics
[2.571s] INFO:colcon.colcon_core.task.python.build:Building Python package in '/home/phy_ai/.ihub/daksha/src/tele/gen2_leader'
[2.571s] INFO:colcon.colcon_core.shell:Skip shell extension 'powershell' for command environment: Not usable outside of PowerShell
[2.571s] DEBUG:colcon.colcon_core.shell:Skip shell extension 'dsv' for command environment
[2.580s] DEBUG:colcon.colcon_core.event_handler.log_command:Invoking command in '/home/phy_ai/.ihub/daksha/build/gesture_management': CMAKE_PREFIX_PATH=${CMAKE_PREFIX_PATH}:/home/phy_ai/.barani/gen2_full/install/world_camera_launch:/home/phy_ai/.barani/gen2_full/install/gen2:/home/phy_ai/.barani/gen2_full/install/vr_teleop:/home/phy_ai/.barani/gen2_full/install/ros_tcp_endpoint:/home/phy_ai/.barani/gen2_full/install/nav_bringup:/home/phy_ai/.barani/gen2_full/install/nav2_config:/home/phy_ai/.barani/gen2_full/install/kinematics:/home/phy_ai/.barani/gen2_full/install/joint_cmd_logger:/home/phy_ai/.barani/gen2_full/install/joint_analyzer:/home/phy_ai/.barani/gen2_full/install/daksha_data_collection:/home/phy_ai/.barani/gen2_full/install/gen2_leader:/home/phy_ai/.barani/gen2_full/install/amr_bringup:/home/phy_ai/.barani/gen2_full/install/daksha_final_urdf_description:/home/phy_ai/.barani/gen2_full/install/daksha_description_full_body:/home/phy_ai/.barani/gen2_full/install/daksha_base_urdf:/home/phy_ai/.barani/gen2_full/install/daksha_api_bridge_leader:/home/phy_ai/.barani/gen2_full/install/daksha_api_bridge_follower:/opt/ros/humble /usr/bin/cmake /home/phy_ai/.ihub/daksha/src/gesture_management -DCMAKE_INSTALL_PREFIX=/home/phy_ai/.ihub/daksha/install/gesture_management
[2.940s] INFO:colcon.colcon_core.task.python.build:Building Python package in '/home/phy_ai/.ihub/daksha/src/ui/analyzer'
[2.940s] INFO:colcon.colcon_core.shell:Skip shell extension 'powershell' for command environment: Not usable outside of PowerShell
[2.941s] DEBUG:colcon.colcon_core.shell:Skip shell extension 'dsv' for command environment
[3.286s] INFO:colcon.colcon_core.task.python.build:Building Python package in '/home/phy_ai/.ihub/daksha/src/joint_cmd_logger'
[3.286s] INFO:colcon.colcon_core.shell:Skip shell extension 'powershell' for command environment: Not usable outside of PowerShell
[3.286s] DEBUG:colcon.colcon_core.shell:Skip shell extension 'dsv' for command environment
[3.300s] DEBUG:colcon.colcon_core.event_handler.log_command:Invoking command in '/home/phy_ai/.ihub/daksha/build/posveleff_controllers': CMAKE_PREFIX_PATH=${CMAKE_PREFIX_PATH}:/home/phy_ai/.barani/gen2_full/install/world_camera_launch:/home/phy_ai/.barani/gen2_full/install/gen2:/home/phy_ai/.barani/gen2_full/install/vr_teleop:/home/phy_ai/.barani/gen2_full/install/ros_tcp_endpoint:/home/phy_ai/.barani/gen2_full/install/nav_bringup:/home/phy_ai/.barani/gen2_full/install/nav2_config:/home/phy_ai/.barani/gen2_full/install/kinematics:/home/phy_ai/.barani/gen2_full/install/joint_cmd_logger:/home/phy_ai/.barani/gen2_full/install/joint_analyzer:/home/phy_ai/.barani/gen2_full/install/daksha_data_collection:/home/phy_ai/.barani/gen2_full/install/gen2_leader:/home/phy_ai/.barani/gen2_full/install/amr_bringup:/home/phy_ai/.barani/gen2_full/install/daksha_final_urdf_description:/home/phy_ai/.barani/gen2_full/install/daksha_description_full_body:/home/phy_ai/.barani/gen2_full/install/daksha_base_urdf:/home/phy_ai/.barani/gen2_full/install/daksha_api_bridge_leader:/home/phy_ai/.barani/gen2_full/install/daksha_api_bridge_follower:/opt/ros/humble /usr/bin/cmake /home/phy_ai/.ihub/daksha/src/controllers/posveleff_controllers -DCMAKE_INSTALL_PREFIX=/home/phy_ai/.ihub/daksha/install/posveleff_controllers
[3.322s] DEBUG:colcon.colcon_core.event_handler.log_command:Invoked command in '/home/phy_ai/.ihub/daksha/build/automation' returned '0': CMAKE_PREFIX_PATH=${CMAKE_PREFIX_PATH}:/home/phy_ai/.barani/gen2_full/install/world_camera_launch:/home/phy_ai/.barani/gen2_full/install/gen2:/home/phy_ai/.barani/gen2_full/install/vr_teleop:/home/phy_ai/.barani/gen2_full/install/ros_tcp_endpoint:/home/phy_ai/.barani/gen2_full/install/nav_bringup:/home/phy_ai/.barani/gen2_full/install/nav2_config:/home/phy_ai/.barani/gen2_full/install/kinematics:/home/phy_ai/.barani/gen2_full/install/joint_cmd_logger:/home/phy_ai/.barani/gen2_full/install/joint_analyzer:/home/phy_ai/.barani/gen2_full/install/daksha_data_collection:/home/phy_ai/.barani/gen2_full/install/gen2_leader:/home/phy_ai/.barani/gen2_full/install/amr_bringup:/home/phy_ai/.barani/gen2_full/install/daksha_final_urdf_description:/home/phy_ai/.barani/gen2_full/install/daksha_description_full_body:/home/phy_ai/.barani/gen2_full/install/daksha_base_urdf:/home/phy_ai/.barani/gen2_full/install/daksha_api_bridge_leader:/home/phy_ai/.barani/gen2_full/install/daksha_api_bridge_follower:/opt/ros/humble /usr/bin/cmake /home/phy_ai/.ihub/daksha/src/automation -DCMAKE_INSTALL_PREFIX=/home/phy_ai/.ihub/daksha/install/automation
[3.323s] DEBUG:colcon.colcon_core.event_handler.log_command:Invoking command in '/home/phy_ai/.ihub/daksha/build/automation': CMAKE_PREFIX_PATH=${CMAKE_PREFIX_PATH}:/home/phy_ai/.barani/gen2_full/install/world_camera_launch:/home/phy_ai/.barani/gen2_full/install/gen2:/home/phy_ai/.barani/gen2_full/install/vr_teleop:/home/phy_ai/.barani/gen2_full/install/ros_tcp_endpoint:/home/phy_ai/.barani/gen2_full/install/nav_bringup:/home/phy_ai/.barani/gen2_full/install/nav2_config:/home/phy_ai/.barani/gen2_full/install/kinematics:/home/phy_ai/.barani/gen2_full/install/joint_cmd_logger:/home/phy_ai/.barani/gen2_full/install/joint_analyzer:/home/phy_ai/.barani/gen2_full/install/daksha_data_collection:/home/phy_ai/.barani/gen2_full/install/gen2_leader:/home/phy_ai/.barani/gen2_full/install/amr_bringup:/home/phy_ai/.barani/gen2_full/install/daksha_final_urdf_description:/home/phy_ai/.barani/gen2_full/install/daksha_description_full_body:/home/phy_ai/.barani/gen2_full/install/daksha_base_urdf:/home/phy_ai/.barani/gen2_full/install/daksha_api_bridge_leader:/home/phy_ai/.barani/gen2_full/install/daksha_api_bridge_follower:/opt/ros/humble /usr/bin/cmake --build /home/phy_ai/.ihub/daksha/build/automation -- -j16 -l16
[3.677s] INFO:colcon.colcon_core.task.python.build:Building Python package in '/home/phy_ai/.ihub/daksha/src/tele/ROS-TCP-Endpoint'
[3.677s] INFO:colcon.colcon_core.shell:Skip shell extension 'powershell' for command environment: Not usable outside of PowerShell
[3.677s] DEBUG:colcon.colcon_core.shell:Skip shell extension 'dsv' for command environment
[3.726s] DEBUG:colcon.colcon_core.event_handler.log_command:Invoked command in '/home/phy_ai/.ihub/daksha/build/automation' returned '0': CMAKE_PREFIX_PATH=${CMAKE_PREFIX_PATH}:/home/phy_ai/.barani/gen2_full/install/world_camera_launch:/home/phy_ai/.barani/gen2_full/install/gen2:/home/phy_ai/.barani/gen2_full/install/vr_teleop:/home/phy_ai/.barani/gen2_full/install/ros_tcp_endpoint:/home/phy_ai/.barani/gen2_full/install/nav_bringup:/home/phy_ai/.barani/gen2_full/install/nav2_config:/home/phy_ai/.barani/gen2_full/install/kinematics:/home/phy_ai/.barani/gen2_full/install/joint_cmd_logger:/home/phy_ai/.barani/gen2_full/install/joint_analyzer:/home/phy_ai/.barani/gen2_full/install/daksha_data_collection:/home/phy_ai/.barani/gen2_full/install/gen2_leader:/home/phy_ai/.barani/gen2_full/install/amr_bringup:/home/phy_ai/.barani/gen2_full/install/daksha_final_urdf_description:/home/phy_ai/.barani/gen2_full/install/daksha_description_full_body:/home/phy_ai/.barani/gen2_full/install/daksha_base_urdf:/home/phy_ai/.barani/gen2_full/install/daksha_api_bridge_leader:/home/phy_ai/.barani/gen2_full/install/daksha_api_bridge_follower:/opt/ros/humble /usr/bin/cmake --build /home/phy_ai/.ihub/daksha/build/automation -- -j16 -l16
[3.748s] DEBUG:colcon.colcon_core.event_handler.log_command:Invoking command in '/home/phy_ai/.ihub/daksha/build/automation': CMAKE_PREFIX_PATH=${CMAKE_PREFIX_PATH}:/home/phy_ai/.barani/gen2_full/install/world_camera_launch:/home/phy_ai/.barani/gen2_full/install/gen2:/home/phy_ai/.barani/gen2_full/install/vr_teleop:/home/phy_ai/.barani/gen2_full/install/ros_tcp_endpoint:/home/phy_ai/.barani/gen2_full/install/nav_bringup:/home/phy_ai/.barani/gen2_full/install/nav2_config:/home/phy_ai/.barani/gen2_full/install/kinematics:/home/phy_ai/.barani/gen2_full/install/joint_cmd_logger:/home/phy_ai/.barani/gen2_full/install/joint_analyzer:/home/phy_ai/.barani/gen2_full/install/daksha_data_collection:/home/phy_ai/.barani/gen2_full/install/gen2_leader:/home/phy_ai/.barani/gen2_full/install/amr_bringup:/home/phy_ai/.barani/gen2_full/install/daksha_final_urdf_description:/home/phy_ai/.barani/gen2_full/install/daksha_description_full_body:/home/phy_ai/.barani/gen2_full/install/daksha_base_urdf:/home/phy_ai/.barani/gen2_full/install/daksha_api_bridge_leader:/home/phy_ai/.barani/gen2_full/install/daksha_api_bridge_follower:/opt/ros/humble /usr/bin/cmake --install /home/phy_ai/.ihub/daksha/build/automation
[3.757s] DEBUG:colcon.colcon_core.event_handler.log_command:Invoked command in '/home/phy_ai/.ihub/daksha/build/daksha_ui' returned '0': CMAKE_PREFIX_PATH=${CMAKE_PREFIX_PATH}:/home/phy_ai/.barani/gen2_full/install/world_camera_launch:/home/phy_ai/.barani/gen2_full/install/gen2:/home/phy_ai/.barani/gen2_full/install/vr_teleop:/home/phy_ai/.barani/gen2_full/install/ros_tcp_endpoint:/home/phy_ai/.barani/gen2_full/install/nav_bringup:/home/phy_ai/.barani/gen2_full/install/nav2_config:/home/phy_ai/.barani/gen2_full/install/kinematics:/home/phy_ai/.barani/gen2_full/install/joint_cmd_logger:/home/phy_ai/.barani/gen2_full/install/joint_analyzer:/home/phy_ai/.barani/gen2_full/install/daksha_data_collection:/home/phy_ai/.barani/gen2_full/install/gen2_leader:/home/phy_ai/.barani/gen2_full/install/amr_bringup:/home/phy_ai/.barani/gen2_full/install/daksha_final_urdf_description:/home/phy_ai/.barani/gen2_full/install/daksha_description_full_body:/home/phy_ai/.barani/gen2_full/install/daksha_base_urdf:/home/phy_ai/.barani/gen2_full/install/daksha_api_bridge_leader:/home/phy_ai/.barani/gen2_full/install/daksha_api_bridge_follower:/opt/ros/humble /usr/bin/cmake /home/phy_ai/.ihub/daksha/src/ui/Clients_UI/daksha_ui -DCMAKE_INSTALL_PREFIX=/home/phy_ai/.ihub/daksha/install/daksha_ui
[3.758s] DEBUG:colcon.colcon_core.event_handler.log_command:Invoking command in '/home/phy_ai/.ihub/daksha/build/daksha_ui': CMAKE_PREFIX_PATH=${CMAKE_PREFIX_PATH}:/home/phy_ai/.barani/gen2_full/install/world_camera_launch:/home/phy_ai/.barani/gen2_full/install/gen2:/home/phy_ai/.barani/gen2_full/install/vr_teleop:/home/phy_ai/.barani/gen2_full/install/ros_tcp_endpoint:/home/phy_ai/.barani/gen2_full/install/nav_bringup:/home/phy_ai/.barani/gen2_full/install/nav2_config:/home/phy_ai/.barani/gen2_full/install/kinematics:/home/phy_ai/.barani/gen2_full/install/joint_cmd_logger:/home/phy_ai/.barani/gen2_full/install/joint_analyzer:/home/phy_ai/.barani/gen2_full/install/daksha_data_collection:/home/phy_ai/.barani/gen2_full/install/gen2_leader:/home/phy_ai/.barani/gen2_full/install/amr_bringup:/home/phy_ai/.barani/gen2_full/install/daksha_final_urdf_description:/home/phy_ai/.barani/gen2_full/install/daksha_description_full_body:/home/phy_ai/.barani/gen2_full/install/daksha_base_urdf:/home/phy_ai/.barani/gen2_full/install/daksha_api_bridge_leader:/home/phy_ai/.barani/gen2_full/install/daksha_api_bridge_follower:/opt/ros/humble /usr/bin/cmake --build /home/phy_ai/.ihub/daksha/build/daksha_ui -- -j16 -l16
[3.778s] Level 1:colcon.colcon_core.environment:create_environment_scripts_only(automation)
[3.780s] DEBUG:colcon.colcon_core.event_handler.log_command:Invoked command in '/home/phy_ai/.ihub/daksha/build/automation' returned '0': CMAKE_PREFIX_PATH=${CMAKE_PREFIX_PATH}:/home/phy_ai/.barani/gen2_full/install/world_camera_launch:/home/phy_ai/.barani/gen2_full/install/gen2:/home/phy_ai/.barani/gen2_full/install/vr_teleop:/home/phy_ai/.barani/gen2_full/install/ros_tcp_endpoint:/home/phy_ai/.barani/gen2_full/install/nav_bringup:/home/phy_ai/.barani/gen2_full/install/nav2_config:/home/phy_ai/.barani/gen2_full/install/kinematics:/home/phy_ai/.barani/gen2_full/install/joint_cmd_logger:/home/phy_ai/.barani/gen2_full/install/joint_analyzer:/home/phy_ai/.barani/gen2_full/install/daksha_data_collection:/home/phy_ai/.barani/gen2_full/install/gen2_leader:/home/phy_ai/.barani/gen2_full/install/amr_bringup:/home/phy_ai/.barani/gen2_full/install/daksha_final_urdf_description:/home/phy_ai/.barani/gen2_full/install/daksha_description_full_body:/home/phy_ai/.barani/gen2_full/install/daksha_base_urdf:/home/phy_ai/.barani/gen2_full/install/daksha_api_bridge_leader:/home/phy_ai/.barani/gen2_full/install/daksha_api_bridge_follower:/opt/ros/humble /usr/bin/cmake --install /home/phy_ai/.ihub/daksha/build/automation
[3.789s] Level 1:colcon.colcon_core.environment:checking '/home/phy_ai/.ihub/daksha/install/automation' for CMake module files
[3.790s] Level 1:colcon.colcon_core.environment:checking '/home/phy_ai/.ihub/daksha/install/automation' for CMake config files
[3.790s] Level 1:colcon.colcon_core.shell:create_environment_hook('automation', 'cmake_prefix_path')
[3.791s] INFO:colcon.colcon_core.shell:Creating environment hook '/home/phy_ai/.ihub/daksha/install/automation/share/automation/hook/cmake_prefix_path.ps1'
[3.791s] INFO:colcon.colcon_core.shell:Creating environment descriptor '/home/phy_ai/.ihub/daksha/install/automation/share/automation/hook/cmake_prefix_path.dsv'
[3.794s] INFO:colcon.colcon_core.shell:Creating environment hook '/home/phy_ai/.ihub/daksha/install/automation/share/automation/hook/cmake_prefix_path.sh'
[3.795s] Level 1:colcon.colcon_core.environment:checking '/home/phy_ai/.ihub/daksha/install/automation/lib'
[3.795s] Level 1:colcon.colcon_core.environment:checking '/home/phy_ai/.ihub/daksha/install/automation/bin'
[3.795s] Level 1:colcon.colcon_core.environment:checking '/home/phy_ai/.ihub/daksha/install/automation/lib/pkgconfig/automation.pc'
[3.796s] Level 1:colcon.colcon_core.environment:checking '/home/phy_ai/.ihub/daksha/install/automation/lib/python3.10/site-packages'
[3.796s] Level 1:colcon.colcon_core.environment:checking '/home/phy_ai/.ihub/daksha/install/automation/bin'
[3.797s] INFO:colcon.colcon_core.shell:Creating package script '/home/phy_ai/.ihub/daksha/install/automation/share/automation/package.ps1'
[3.800s] INFO:colcon.colcon_core.shell:Creating package descriptor '/home/phy_ai/.ihub/daksha/install/automation/share/automation/package.dsv'
[3.801s] INFO:colcon.colcon_core.shell:Creating package script '/home/phy_ai/.ihub/daksha/install/automation/share/automation/package.sh'
[3.802s] INFO:colcon.colcon_core.shell:Creating package script '/home/phy_ai/.ihub/daksha/install/automation/share/automation/package.bash'
[3.804s] INFO:colcon.colcon_core.shell:Creating package script '/home/phy_ai/.ihub/daksha/install/automation/share/automation/package.zsh'
[3.806s] Level 1:colcon.colcon_core.environment:create_file_with_runtime_dependencies(/home/phy_ai/.ihub/daksha/install/automation/share/colcon-core/packages/automation)
[3.807s] Level 1:colcon.colcon_core.environment:create_environment_scripts_only(automation)
[3.808s] Level 1:colcon.colcon_core.environment:checking '/home/phy_ai/.ihub/daksha/install/automation' for CMake module files
[3.809s] Level 1:colcon.colcon_core.environment:checking '/home/phy_ai/.ihub/daksha/install/automation' for CMake config files
[3.809s] Level 1:colcon.colcon_core.shell:create_environment_hook('automation', 'cmake_prefix_path')
[3.810s] INFO:colcon.colcon_core.shell:Creating environment hook '/home/phy_ai/.ihub/daksha/install/automation/share/automation/hook/cmake_prefix_path.ps1'
[3.811s] INFO:colcon.colcon_core.shell:Creating environment descriptor '/home/phy_ai/.ihub/daksha/install/automation/share/automation/hook/cmake_prefix_path.dsv'
[3.812s] INFO:colcon.colcon_core.shell:Creating environment hook '/home/phy_ai/.ihub/daksha/install/automation/share/automation/hook/cmake_prefix_path.sh'
[3.813s] Level 1:colcon.colcon_core.environment:checking '/home/phy_ai/.ihub/daksha/install/automation/lib'
[3.813s] Level 1:colcon.colcon_core.environment:checking '/home/phy_ai/.ihub/daksha/install/automation/bin'
[3.813s] Level 1:colcon.colcon_core.environment:checking '/home/phy_ai/.ihub/daksha/install/automation/lib/pkgconfig/automation.pc'
[3.813s] Level 1:colcon.colcon_core.environment:checking '/home/phy_ai/.ihub/daksha/install/automation/lib/python3.10/site-packages'
[3.814s] Level 1:colcon.colcon_core.environment:checking '/home/phy_ai/.ihub/daksha/install/automation/bin'
[3.815s] INFO:colcon.colcon_core.shell:Creating package script '/home/phy_ai/.ihub/daksha/install/automation/share/automation/package.ps1'
[3.816s] INFO:colcon.colcon_core.shell:Creating package descriptor '/home/phy_ai/.ihub/daksha/install/automation/share/automation/package.dsv'
[3.817s] INFO:colcon.colcon_core.shell:Creating package script '/home/phy_ai/.ihub/daksha/install/automation/share/automation/package.sh'
[3.818s] INFO:colcon.colcon_core.shell:Creating package script '/home/phy_ai/.ihub/daksha/install/automation/share/automation/package.bash'
[3.819s] INFO:colcon.colcon_core.shell:Creating package script '/home/phy_ai/.ihub/daksha/install/automation/share/automation/package.zsh'
[3.820s] Level 1:colcon.colcon_core.environment:create_file_with_runtime_dependencies(/home/phy_ai/.ihub/daksha/install/automation/share/colcon-core/packages/automation)
[3.822s] INFO:colcon.colcon_ros.task.ament_python.build:Building ROS package in '/home/phy_ai/.ihub/daksha/src/diagnosis/vajara' with build type 'ament_python'
[3.822s] Level 1:colcon.colcon_core.shell:create_environment_hook('vajara', 'ament_prefix_path')
[3.823s] INFO:colcon.colcon_core.shell:Creating environment hook '/home/phy_ai/.ihub/daksha/install/vajara/share/vajara/hook/ament_prefix_path.ps1'
[3.824s] INFO:colcon.colcon_core.shell:Creating environment descriptor '/home/phy_ai/.ihub/daksha/install/vajara/share/vajara/hook/ament_prefix_path.dsv'
[3.825s] INFO:colcon.colcon_core.shell:Creating environment hook '/home/phy_ai/.ihub/daksha/install/vajara/share/vajara/hook/ament_prefix_path.sh'
[3.826s] INFO:colcon.colcon_core.shell:Skip shell extension 'powershell' for command environment: Not usable outside of PowerShell
[3.826s] DEBUG:colcon.colcon_core.shell:Skip shell extension 'dsv' for command environment
[4.441s] INFO:colcon.colcon_core.task.python.build:Building Python package in '/home/phy_ai/.ihub/daksha/src/diagnosis/vajara'
[4.441s] INFO:colcon.colcon_core.shell:Skip shell extension 'powershell' for command environment: Not usable outside of PowerShell
[4.441s] DEBUG:colcon.colcon_core.shell:Skip shell extension 'dsv' for command environment
[4.720s] DEBUG:colcon.colcon_core.task.python.build:Available setuptools commands: install_scripts, register, bdist, build_clib, rotate, update_catalog, easy_install, install_egg_info, build_scripts, develop, dist_info, compile_catalog, sdist, clean, upload_docs, build_py, install_headers, setopt, check, upload, init_catalog, install_data, bdist_dumb, build_ext, symlink_data, extract_messages, bdist_wheel, bdist_egg, egg_info, test, install, bdist_rpm, saveopts, install_lib, alias, build
[4.725s] DEBUG:colcon.colcon_core.event_handler.log_command:Invoking command in '/home/phy_ai/.ihub/daksha/src/tele/gen2_leader': PYTHONPATH=/home/phy_ai/.ihub/daksha/build/gen2_leader/prefix_override:/usr/lib/python3/dist-packages/colcon_core/task/python/colcon_distutils_commands:/home/phy_ai/.ihub/daksha/install/gen2_leader/lib/python3.10/site-packages:${PYTHONPATH} /usr/bin/python3 -W ignore:setup.py install is deprecated -W ignore:easy_install command is deprecated setup.py egg_info --egg-base ../../../build/gen2_leader build --build-base /home/phy_ai/.ihub/daksha/build/gen2_leader/build install --record /home/phy_ai/.ihub/daksha/build/gen2_leader/install.log --install-scripts $base/lib/gen2_leader --single-version-externally-managed install_data
[4.726s] DEBUG:colcon.colcon_core.task.python.build:Available setuptools commands: install_scripts, register, bdist, build_clib, rotate, update_catalog, easy_install, install_egg_info, build_scripts, develop, dist_info, compile_catalog, sdist, clean, upload_docs, build_py, install_headers, setopt, check, upload, init_catalog, install_data, bdist_dumb, build_ext, symlink_data, extract_messages, bdist_wheel, bdist_egg, egg_info, test, install, bdist_rpm, saveopts, install_lib, alias, build
[4.730s] DEBUG:colcon.colcon_core.event_handler.log_command:Invoking command in '/home/phy_ai/.ihub/daksha/src/daksha_description_full_body': PYTHONPATH=/home/phy_ai/.ihub/daksha/build/daksha_description_full_body/prefix_override:/usr/lib/python3/dist-packages/colcon_core/task/python/colcon_distutils_commands:/home/phy_ai/.ihub/daksha/install/daksha_description_full_body/lib/python3.10/site-packages:${PYTHONPATH} /usr/bin/python3 -W ignore:setup.py install is deprecated -W ignore:easy_install command is deprecated setup.py egg_info --egg-base ../../build/daksha_description_full_body build --build-base /home/phy_ai/.ihub/daksha/build/daksha_description_full_body/build install --record /home/phy_ai/.ihub/daksha/build/daksha_description_full_body/install.log --install-scripts $base/lib/daksha_description_full_body --single-version-externally-managed install_data
[4.730s] DEBUG:colcon.colcon_core.task.python.build:Available setuptools commands: install_scripts, register, bdist, build_clib, rotate, update_catalog, easy_install, install_egg_info, build_scripts, develop, dist_info, compile_catalog, sdist, clean, upload_docs, build_py, install_headers, setopt, check, upload, init_catalog, install_data, bdist_dumb, build_ext, symlink_data, extract_messages, bdist_wheel, bdist_egg, egg_info, test, install, bdist_rpm, saveopts, install_lib, alias, build
[4.738s] DEBUG:colcon.colcon_core.event_handler.log_command:Invoking command in '/home/phy_ai/.ihub/daksha/src/ui/Clients_UI/daksha_final_urdf_description': PYTHONPATH=/home/phy_ai/.ihub/daksha/build/daksha_final_urdf_description/prefix_override:/usr/lib/python3/dist-packages/colcon_core/task/python/colcon_distutils_commands:/home/phy_ai/.ihub/daksha/install/daksha_final_urdf_description/lib/python3.10/site-packages:${PYTHONPATH} /usr/bin/python3 -W ignore:setup.py install is deprecated -W ignore:easy_install command is deprecated setup.py egg_info --egg-base ../../../../build/daksha_final_urdf_description build --build-base /home/phy_ai/.ihub/daksha/build/daksha_final_urdf_description/build install --record /home/phy_ai/.ihub/daksha/build/daksha_final_urdf_description/install.log --install-scripts $base/lib/fusion2urdf_ros2 --single-version-externally-managed install_data
[4.739s] DEBUG:colcon.colcon_core.task.python.build:Available setuptools commands: install_scripts, register, bdist, build_clib, rotate, update_catalog, easy_install, install_egg_info, build_scripts, develop, dist_info, compile_catalog, sdist, clean, upload_docs, build_py, install_headers, setopt, check, upload, init_catalog, install_data, bdist_dumb, build_ext, symlink_data, extract_messages, bdist_wheel, bdist_egg, egg_info, test, install, bdist_rpm, saveopts, install_lib, alias, build
[4.744s] DEBUG:colcon.colcon_core.event_handler.log_command:Invoking command in '/home/phy_ai/.ihub/daksha/src/global/daksha_api_bridge_leader': PYTHONPATH=/home/phy_ai/.ihub/daksha/build/daksha_api_bridge_leader/prefix_override:/usr/lib/python3/dist-packages/colcon_core/task/python/colcon_distutils_commands:/home/phy_ai/.ihub/daksha/install/daksha_api_bridge_leader/lib/python3.10/site-packages:${PYTHONPATH} /usr/bin/python3 -W ignore:setup.py install is deprecated -W ignore:easy_install command is deprecated setup.py egg_info --egg-base ../../../build/daksha_api_bridge_leader build --build-base /home/phy_ai/.ihub/daksha/build/daksha_api_bridge_leader/build install --record /home/phy_ai/.ihub/daksha/build/daksha_api_bridge_leader/install.log --install-scripts $base/lib/daksha_api_bridge_leader --single-version-externally-managed install_data
[4.744s] DEBUG:colcon.colcon_core.task.python.build:Available setuptools commands: install_scripts, register, bdist, build_clib, rotate, update_catalog, easy_install, install_egg_info, build_scripts, develop, dist_info, compile_catalog, sdist, clean, upload_docs, build_py, install_headers, setopt, check, upload, init_catalog, install_data, bdist_dumb, build_ext, symlink_data, extract_messages, bdist_wheel, bdist_egg, egg_info, test, install, bdist_rpm, saveopts, install_lib, alias, build
[4.749s] DEBUG:colcon.colcon_core.event_handler.log_command:Invoking command in '/home/phy_ai/.ihub/daksha/src/joint_cmd_logger': PYTHONPATH=/home/phy_ai/.ihub/daksha/build/joint_cmd_logger/prefix_override:/usr/lib/python3/dist-packages/colcon_core/task/python/colcon_distutils_commands:/home/phy_ai/.ihub/daksha/install/joint_cmd_logger/lib/python3.10/site-packages:${PYTHONPATH} /usr/bin/python3 -W ignore:setup.py install is deprecated -W ignore:easy_install command is deprecated setup.py egg_info --egg-base ../../build/joint_cmd_logger build --build-base /home/phy_ai/.ihub/daksha/build/joint_cmd_logger/build install --record /home/phy_ai/.ihub/daksha/build/joint_cmd_logger/install.log --install-scripts $base/lib/joint_cmd_logger --single-version-externally-managed install_data
[4.752s] DEBUG:colcon.colcon_core.task.python.build:Available setuptools commands: install_scripts, register, bdist, build_clib, rotate, update_catalog, easy_install, install_egg_info, build_scripts, develop, dist_info, compile_catalog, sdist, clean, upload_docs, build_py, install_headers, setopt, check, upload, init_catalog, install_data, bdist_dumb, build_ext, symlink_data, extract_messages, bdist_wheel, bdist_egg, egg_info, test, install, bdist_rpm, saveopts, install_lib, alias, build
[4.756s] DEBUG:colcon.colcon_core.event_handler.log_command:Invoking command in '/home/phy_ai/.ihub/daksha/src/ui/analyzer': PYTHONPATH=/home/phy_ai/.ihub/daksha/build/joint_analyzer/prefix_override:/usr/lib/python3/dist-packages/colcon_core/task/python/colcon_distutils_commands:/home/phy_ai/.ihub/daksha/install/joint_analyzer/lib/python3.10/site-packages:${PYTHONPATH} /usr/bin/python3 -W ignore:setup.py install is deprecated -W ignore:easy_install command is deprecated setup.py egg_info --egg-base ../../../build/joint_analyzer build --build-base /home/phy_ai/.ihub/daksha/build/joint_analyzer/build install --record /home/phy_ai/.ihub/daksha/build/joint_analyzer/install.log --install-scripts $base/lib/joint_analyzer --single-version-externally-managed install_data
[4.757s] DEBUG:colcon.colcon_core.task.python.build:Available setuptools commands: install_scripts, register, bdist, build_clib, rotate, update_catalog, easy_install, install_egg_info, build_scripts, develop, dist_info, compile_catalog, sdist, clean, upload_docs, build_py, install_headers, setopt, check, upload, init_catalog, install_data, bdist_dumb, build_ext, symlink_data, extract_messages, bdist_wheel, bdist_egg, egg_info, test, install, bdist_rpm, saveopts, install_lib, alias, build
[4.763s] DEBUG:colcon.colcon_core.task.python.build:Available setuptools commands: install_scripts, register, bdist, build_clib, rotate, update_catalog, easy_install, install_egg_info, build_scripts, develop, dist_info, compile_catalog, sdist, clean, upload_docs, build_py, install_headers, setopt, check, upload, init_catalog, install_data, bdist_dumb, build_ext, symlink_data, extract_messages, bdist_wheel, bdist_egg, egg_info, test, install, bdist_rpm, saveopts, install_lib, alias, build
[4.767s] DEBUG:colcon.colcon_core.task.python.build:Available setuptools commands: install_scripts, register, bdist, build_clib, rotate, update_catalog, easy_install, install_egg_info, build_scripts, develop, dist_info, compile_catalog, sdist, clean, upload_docs, build_py, install_headers, setopt, check, upload, init_catalog, install_data, bdist_dumb, build_ext, symlink_data, extract_messages, bdist_wheel, bdist_egg, egg_info, test, install, bdist_rpm, saveopts, install_lib, alias, build
[4.774s] DEBUG:colcon.colcon_core.event_handler.log_command:Invoking command in '/home/phy_ai/.ihub/daksha/src/tele/ROS-TCP-Endpoint': PYTHONPATH=/home/phy_ai/.ihub/daksha/build/ros_tcp_endpoint/prefix_override:/usr/lib/python3/dist-packages/colcon_core/task/python/colcon_distutils_commands:/home/phy_ai/.ihub/daksha/install/ros_tcp_endpoint/lib/python3.10/site-packages:${PYTHONPATH} /usr/bin/python3 -W ignore:setup.py install is deprecated -W ignore:easy_install command is deprecated setup.py egg_info --egg-base ../../../build/ros_tcp_endpoint build --build-base /home/phy_ai/.ihub/daksha/build/ros_tcp_endpoint/build install --record /home/phy_ai/.ihub/daksha/build/ros_tcp_endpoint/install.log --install-scripts $base/lib/ros_tcp_endpoint --single-version-externally-managed install_data
[4.776s] DEBUG:colcon.colcon_core.event_handler.log_command:Invoking command in '/home/phy_ai/.ihub/daksha/src/controllers/kinematics': PYTHONPATH=/home/phy_ai/.ihub/daksha/build/kinematics/prefix_override:/usr/lib/python3/dist-packages/colcon_core/task/python/colcon_distutils_commands:/home/phy_ai/.ihub/daksha/install/kinematics/lib/python3.10/site-packages:${PYTHONPATH} /usr/bin/python3 -W ignore:setup.py install is deprecated -W ignore:easy_install command is deprecated setup.py egg_info --egg-base ../../../build/kinematics build --build-base /home/phy_ai/.ihub/daksha/build/kinematics/build install --record /home/phy_ai/.ihub/daksha/build/kinematics/install.log --install-scripts $base/lib/kinematics --single-version-externally-managed install_data
[4.781s] DEBUG:colcon.colcon_core.event_handler.log_command:Invoking command in '/home/phy_ai/.ihub/daksha/src/global/daksha_api_bridge_follower': PYTHONPATH=/home/phy_ai/.ihub/daksha/build/daksha_api_bridge_follower/prefix_override:/usr/lib/python3/dist-packages/colcon_core/task/python/colcon_distutils_commands:/home/phy_ai/.ihub/daksha/install/daksha_api_bridge_follower/lib/python3.10/site-packages:${PYTHONPATH} /usr/bin/python3 -W ignore:setup.py install is deprecated -W ignore:easy_install command is deprecated setup.py egg_info --egg-base ../../../build/daksha_api_bridge_follower build --build-base /home/phy_ai/.ihub/daksha/build/daksha_api_bridge_follower/build install --record /home/phy_ai/.ihub/daksha/build/daksha_api_bridge_follower/install.log --install-scripts $base/lib/daksha_api_bridge_follower --single-version-externally-managed install_data
[4.782s] DEBUG:colcon.colcon_core.event_handler.log_command:Invoked command in '/home/phy_ai/.ihub/daksha/build/daksha_msgs' returned '0': CMAKE_PREFIX_PATH=${CMAKE_PREFIX_PATH}:/home/phy_ai/.barani/gen2_full/install/world_camera_launch:/home/phy_ai/.barani/gen2_full/install/gen2:/home/phy_ai/.barani/gen2_full/install/vr_teleop:/home/phy_ai/.barani/gen2_full/install/ros_tcp_endpoint:/home/phy_ai/.barani/gen2_full/install/nav_bringup:/home/phy_ai/.barani/gen2_full/install/nav2_config:/home/phy_ai/.barani/gen2_full/install/kinematics:/home/phy_ai/.barani/gen2_full/install/joint_cmd_logger:/home/phy_ai/.barani/gen2_full/install/joint_analyzer:/home/phy_ai/.barani/gen2_full/install/daksha_data_collection:/home/phy_ai/.barani/gen2_full/install/gen2_leader:/home/phy_ai/.barani/gen2_full/install/amr_bringup:/home/phy_ai/.barani/gen2_full/install/daksha_final_urdf_description:/home/phy_ai/.barani/gen2_full/install/daksha_description_full_body:/home/phy_ai/.barani/gen2_full/install/daksha_base_urdf:/home/phy_ai/.barani/gen2_full/install/daksha_api_bridge_leader:/home/phy_ai/.barani/gen2_full/install/daksha_api_bridge_follower:/opt/ros/humble /usr/bin/cmake /home/phy_ai/.ihub/daksha/src/ui/Clients_UI/daksha_msgs -DCMAKE_INSTALL_PREFIX=/home/phy_ai/.ihub/daksha/install/daksha_msgs
[4.789s] DEBUG:colcon.colcon_core.event_handler.log_command:Invoking command in '/home/phy_ai/.ihub/daksha/build/daksha_msgs': CMAKE_PREFIX_PATH=${CMAKE_PREFIX_PATH}:/home/phy_ai/.barani/gen2_full/install/world_camera_launch:/home/phy_ai/.barani/gen2_full/install/gen2:/home/phy_ai/.barani/gen2_full/install/vr_teleop:/home/phy_ai/.barani/gen2_full/install/ros_tcp_endpoint:/home/phy_ai/.barani/gen2_full/install/nav_bringup:/home/phy_ai/.barani/gen2_full/install/nav2_config:/home/phy_ai/.barani/gen2_full/install/kinematics:/home/phy_ai/.barani/gen2_full/install/joint_cmd_logger:/home/phy_ai/.barani/gen2_full/install/joint_analyzer:/home/phy_ai/.barani/gen2_full/install/daksha_data_collection:/home/phy_ai/.barani/gen2_full/install/gen2_leader:/home/phy_ai/.barani/gen2_full/install/amr_bringup:/home/phy_ai/.barani/gen2_full/install/daksha_final_urdf_description:/home/phy_ai/.barani/gen2_full/install/daksha_description_full_body:/home/phy_ai/.barani/gen2_full/install/daksha_base_urdf:/home/phy_ai/.barani/gen2_full/install/daksha_api_bridge_leader:/home/phy_ai/.barani/gen2_full/install/daksha_api_bridge_follower:/opt/ros/humble /usr/bin/cmake --build /home/phy_ai/.ihub/daksha/build/daksha_msgs -- -j16 -l16
[4.935s] DEBUG:colcon.colcon_core.event_handler.log_command:Invoked command in '/home/phy_ai/.ihub/daksha/build/dynamics' returned '0': CMAKE_PREFIX_PATH=${CMAKE_PREFIX_PATH}:/home/phy_ai/.barani/gen2_full/install/world_camera_launch:/home/phy_ai/.barani/gen2_full/install/gen2:/home/phy_ai/.barani/gen2_full/install/vr_teleop:/home/phy_ai/.barani/gen2_full/install/ros_tcp_endpoint:/home/phy_ai/.barani/gen2_full/install/nav_bringup:/home/phy_ai/.barani/gen2_full/install/nav2_config:/home/phy_ai/.barani/gen2_full/install/kinematics:/home/phy_ai/.barani/gen2_full/install/joint_cmd_logger:/home/phy_ai/.barani/gen2_full/install/joint_analyzer:/home/phy_ai/.barani/gen2_full/install/daksha_data_collection:/home/phy_ai/.barani/gen2_full/install/gen2_leader:/home/phy_ai/.barani/gen2_full/install/amr_bringup:/home/phy_ai/.barani/gen2_full/install/daksha_final_urdf_description:/home/phy_ai/.barani/gen2_full/install/daksha_description_full_body:/home/phy_ai/.barani/gen2_full/install/daksha_base_urdf:/home/phy_ai/.barani/gen2_full/install/daksha_api_bridge_leader:/home/phy_ai/.barani/gen2_full/install/daksha_api_bridge_follower:/opt/ros/humble /usr/bin/cmake /home/phy_ai/.ihub/daksha/src/controllers/dynamics -DCMAKE_INSTALL_PREFIX=/home/phy_ai/.ihub/daksha/install/dynamics
[4.937s] DEBUG:colcon.colcon_core.event_handler.log_command:Invoking command in '/home/phy_ai/.ihub/daksha/build/dynamics': CMAKE_PREFIX_PATH=${CMAKE_PREFIX_PATH}:/home/phy_ai/.barani/gen2_full/install/world_camera_launch:/home/phy_ai/.barani/gen2_full/install/gen2:/home/phy_ai/.barani/gen2_full/install/vr_teleop:/home/phy_ai/.barani/gen2_full/install/ros_tcp_endpoint:/home/phy_ai/.barani/gen2_full/install/nav_bringup:/home/phy_ai/.barani/gen2_full/install/nav2_config:/home/phy_ai/.barani/gen2_full/install/kinematics:/home/phy_ai/.barani/gen2_full/install/joint_cmd_logger:/home/phy_ai/.barani/gen2_full/install/joint_analyzer:/home/phy_ai/.barani/gen2_full/install/daksha_data_collection:/home/phy_ai/.barani/gen2_full/install/gen2_leader:/home/phy_ai/.barani/gen2_full/install/amr_bringup:/home/phy_ai/.barani/gen2_full/install/daksha_final_urdf_description:/home/phy_ai/.barani/gen2_full/install/daksha_description_full_body:/home/phy_ai/.barani/gen2_full/install/daksha_base_urdf:/home/phy_ai/.barani/gen2_full/install/daksha_api_bridge_leader:/home/phy_ai/.barani/gen2_full/install/daksha_api_bridge_follower:/opt/ros/humble /usr/bin/cmake --build /home/phy_ai/.ihub/daksha/build/dynamics -- -j16 -l16
[5.298s] DEBUG:colcon.colcon_core.task.python.build:Available setuptools commands: install_scripts, register, bdist, build_clib, rotate, update_catalog, easy_install, install_egg_info, build_scripts, develop, dist_info, compile_catalog, sdist, clean, upload_docs, build_py, install_headers, setopt, check, upload, init_catalog, install_data, bdist_dumb, build_ext, symlink_data, extract_messages, bdist_wheel, bdist_egg, egg_info, test, install, bdist_rpm, saveopts, install_lib, alias, build
[5.304s] DEBUG:colcon.colcon_core.event_handler.log_command:Invoking command in '/home/phy_ai/.ihub/daksha/src/diagnosis/vajara': PYTHONPATH=/home/phy_ai/.ihub/daksha/build/vajara/prefix_override:/usr/lib/python3/dist-packages/colcon_core/task/python/colcon_distutils_commands:/home/phy_ai/.ihub/daksha/install/vajara/lib/python3.10/site-packages:${PYTHONPATH} /usr/bin/python3 -W ignore:setup.py install is deprecated -W ignore:easy_install command is deprecated setup.py egg_info --egg-base ../../../build/vajara build --build-base /home/phy_ai/.ihub/daksha/build/vajara/build install --record /home/phy_ai/.ihub/daksha/build/vajara/install.log --install-scripts $base/lib/vajara --single-version-externally-managed install_data
[5.560s] Level 1:colcon.colcon_core.environment:checking '/home/phy_ai/.ihub/daksha/install/joint_cmd_logger' for CMake module files
[5.561s] Level 1:colcon.colcon_core.environment:checking '/home/phy_ai/.ihub/daksha/install/joint_cmd_logger' for CMake config files
[5.562s] DEBUG:colcon.colcon_core.event_handler.log_command:Invoked command in '/home/phy_ai/.ihub/daksha/src/joint_cmd_logger' returned '0': PYTHONPATH=/home/phy_ai/.ihub/daksha/build/joint_cmd_logger/prefix_override:/usr/lib/python3/dist-packages/colcon_core/task/python/colcon_distutils_commands:/home/phy_ai/.ihub/daksha/install/joint_cmd_logger/lib/python3.10/site-packages:${PYTHONPATH} /usr/bin/python3 -W ignore:setup.py install is deprecated -W ignore:easy_install command is deprecated setup.py egg_info --egg-base ../../build/joint_cmd_logger build --build-base /home/phy_ai/.ihub/daksha/build/joint_cmd_logger/build install --record /home/phy_ai/.ihub/daksha/build/joint_cmd_logger/install.log --install-scripts $base/lib/joint_cmd_logger --single-version-externally-managed install_data
[5.566s] Level 1:colcon.colcon_core.environment:checking '/home/phy_ai/.ihub/daksha/install/joint_cmd_logger/lib'
[5.566s] Level 1:colcon.colcon_core.environment:checking '/home/phy_ai/.ihub/daksha/install/joint_cmd_logger/bin'
[5.566s] Level 1:colcon.colcon_core.environment:checking '/home/phy_ai/.ihub/daksha/install/joint_cmd_logger/lib/pkgconfig/joint_cmd_logger.pc'
[5.567s] Level 1:colcon.colcon_core.environment:checking '/home/phy_ai/.ihub/daksha/install/joint_cmd_logger/lib/python3.10/site-packages'
[5.567s] Level 1:colcon.colcon_core.shell:create_environment_hook('joint_cmd_logger', 'pythonpath')
[5.568s] INFO:colcon.colcon_core.shell:Creating environment hook '/home/phy_ai/.ihub/daksha/install/joint_cmd_logger/share/joint_cmd_logger/hook/pythonpath.ps1'
[5.570s] INFO:colcon.colcon_core.shell:Creating environment descriptor '/home/phy_ai/.ihub/daksha/install/joint_cmd_logger/share/joint_cmd_logger/hook/pythonpath.dsv'
[5.572s] INFO:colcon.colcon_core.shell:Creating environment hook '/home/phy_ai/.ihub/daksha/install/joint_cmd_logger/share/joint_cmd_logger/hook/pythonpath.sh'
[5.574s] Level 1:colcon.colcon_core.environment:checking '/home/phy_ai/.ihub/daksha/install/joint_cmd_logger/bin'
[5.575s] Level 1:colcon.colcon_core.environment:create_environment_scripts_only(joint_cmd_logger)
[5.576s] INFO:colcon.colcon_core.shell:Creating package script '/home/phy_ai/.ihub/daksha/install/joint_cmd_logger/share/joint_cmd_logger/package.ps1'
[5.577s] INFO:colcon.colcon_core.shell:Creating package descriptor '/home/phy_ai/.ihub/daksha/install/joint_cmd_logger/share/joint_cmd_logger/package.dsv'
[5.578s] INFO:colcon.colcon_core.shell:Creating package script '/home/phy_ai/.ihub/daksha/install/joint_cmd_logger/share/joint_cmd_logger/package.sh'
[5.579s] INFO:colcon.colcon_core.shell:Creating package script '/home/phy_ai/.ihub/daksha/install/joint_cmd_logger/share/joint_cmd_logger/package.bash'
[5.580s] INFO:colcon.colcon_core.shell:Creating package script '/home/phy_ai/.ihub/daksha/install/joint_cmd_logger/share/joint_cmd_logger/package.zsh'
[5.581s] Level 1:colcon.colcon_core.environment:create_file_with_runtime_dependencies(/home/phy_ai/.ihub/daksha/install/joint_cmd_logger/share/colcon-core/packages/joint_cmd_logger)
[5.583s] INFO:colcon.colcon_ros.task.ament_cmake.build:Building ROS package in '/home/phy_ai/.ihub/daksha/src/navigation/web_nav_site' with build type 'ament_cmake'
[5.583s] INFO:colcon.colcon_cmake.task.cmake.build:Building CMake package in '/home/phy_ai/.ihub/daksha/src/navigation/web_nav_site'
[5.584s] INFO:colcon.colcon_core.shell:Skip shell extension 'powershell' for command environment: Not usable outside of PowerShell
[5.584s] DEBUG:colcon.colcon_core.shell:Skip shell extension 'dsv' for command environment
[5.617s] DEBUG:colcon.colcon_core.event_handler.log_command:Invoking command in '/home/phy_ai/.ihub/daksha/build/web_nav_site': CMAKE_PREFIX_PATH=${CMAKE_PREFIX_PATH}:/home/phy_ai/.barani/gen2_full/install/world_camera_launch:/home/phy_ai/.barani/gen2_full/install/gen2:/home/phy_ai/.barani/gen2_full/install/vr_teleop:/home/phy_ai/.barani/gen2_full/install/ros_tcp_endpoint:/home/phy_ai/.barani/gen2_full/install/nav_bringup:/home/phy_ai/.barani/gen2_full/install/nav2_config:/home/phy_ai/.barani/gen2_full/install/kinematics:/home/phy_ai/.barani/gen2_full/install/joint_cmd_logger:/home/phy_ai/.barani/gen2_full/install/joint_analyzer:/home/phy_ai/.barani/gen2_full/install/daksha_data_collection:/home/phy_ai/.barani/gen2_full/install/gen2_leader:/home/phy_ai/.barani/gen2_full/install/amr_bringup:/home/phy_ai/.barani/gen2_full/install/daksha_final_urdf_description:/home/phy_ai/.barani/gen2_full/install/daksha_description_full_body:/home/phy_ai/.barani/gen2_full/install/daksha_base_urdf:/home/phy_ai/.barani/gen2_full/install/daksha_api_bridge_leader:/home/phy_ai/.barani/gen2_full/install/daksha_api_bridge_follower:/opt/ros/humble /usr/bin/cmake /home/phy_ai/.ihub/daksha/src/navigation/web_nav_site -DCMAKE_INSTALL_PREFIX=/home/phy_ai/.ihub/daksha/install/web_nav_site
[5.622s] Level 1:colcon.colcon_core.environment:checking '/home/phy_ai/.ihub/daksha/install/daksha_description_full_body' for CMake module files
[5.623s] Level 1:colcon.colcon_core.environment:checking '/home/phy_ai/.ihub/daksha/install/daksha_description_full_body' for CMake config files
[5.626s] Level 1:colcon.colcon_core.environment:checking '/home/phy_ai/.ihub/daksha/install/daksha_description_full_body/lib'
[5.626s] Level 1:colcon.colcon_core.environment:checking '/home/phy_ai/.ihub/daksha/install/daksha_description_full_body/bin'
[5.627s] Level 1:colcon.colcon_core.environment:checking '/home/phy_ai/.ihub/daksha/install/daksha_description_full_body/lib/pkgconfig/daksha_description_full_body.pc'
[5.628s] Level 1:colcon.colcon_core.environment:checking '/home/phy_ai/.ihub/daksha/install/daksha_description_full_body/lib/python3.10/site-packages'
[5.628s] Level 1:colcon.colcon_core.shell:create_environment_hook('daksha_description_full_body', 'pythonpath')
[5.629s] INFO:colcon.colcon_core.shell:Creating environment hook '/home/phy_ai/.ihub/daksha/install/daksha_description_full_body/share/daksha_description_full_body/hook/pythonpath.ps1'
[5.633s] INFO:colcon.colcon_core.shell:Creating environment descriptor '/home/phy_ai/.ihub/daksha/install/daksha_description_full_body/share/daksha_description_full_body/hook/pythonpath.dsv'
[5.634s] INFO:colcon.colcon_core.shell:Creating environment hook '/home/phy_ai/.ihub/daksha/install/daksha_description_full_body/share/daksha_description_full_body/hook/pythonpath.sh'
[5.635s] Level 1:colcon.colcon_core.environment:checking '/home/phy_ai/.ihub/daksha/install/daksha_description_full_body/bin'
[5.635s] Level 1:colcon.colcon_core.environment:create_environment_scripts_only(daksha_description_full_body)
[5.636s] INFO:colcon.colcon_core.shell:Creating package script '/home/phy_ai/.ihub/daksha/install/daksha_description_full_body/share/daksha_description_full_body/package.ps1'
[5.637s] INFO:colcon.colcon_core.shell:Creating package descriptor '/home/phy_ai/.ihub/daksha/install/daksha_description_full_body/share/daksha_description_full_body/package.dsv'
[5.638s] INFO:colcon.colcon_core.shell:Creating package script '/home/phy_ai/.ihub/daksha/install/daksha_description_full_body/share/daksha_description_full_body/package.sh'
[5.639s] INFO:colcon.colcon_core.shell:Creating package script '/home/phy_ai/.ihub/daksha/install/daksha_description_full_body/share/daksha_description_full_body/package.bash'
[5.640s] INFO:colcon.colcon_core.shell:Creating package script '/home/phy_ai/.ihub/daksha/install/daksha_description_full_body/share/daksha_description_full_body/package.zsh'
[5.642s] Level 1:colcon.colcon_core.environment:create_file_with_runtime_dependencies(/home/phy_ai/.ihub/daksha/install/daksha_description_full_body/share/colcon-core/packages/daksha_description_full_body)
[5.644s] Level 1:colcon.colcon_core.environment:checking '/home/phy_ai/.ihub/daksha/install/joint_analyzer' for CMake module files
[5.646s] Level 1:colcon.colcon_core.environment:checking '/home/phy_ai/.ihub/daksha/install/joint_analyzer' for CMake config files
[5.647s] Level 1:colcon.colcon_core.environment:checking '/home/phy_ai/.ihub/daksha/install/joint_analyzer/lib'
[5.648s] Level 1:colcon.colcon_core.environment:checking '/home/phy_ai/.ihub/daksha/install/joint_analyzer/bin'
[5.648s] Level 1:colcon.colcon_core.environment:checking '/home/phy_ai/.ihub/daksha/install/joint_analyzer/lib/pkgconfig/joint_analyzer.pc'
[5.648s] Level 1:colcon.colcon_core.environment:checking '/home/phy_ai/.ihub/daksha/install/joint_analyzer/lib/python3.10/site-packages'
[5.648s] Level 1:colcon.colcon_core.shell:create_environment_hook('joint_analyzer', 'pythonpath')
[5.649s] INFO:colcon.colcon_core.shell:Creating environment hook '/home/phy_ai/.ihub/daksha/install/joint_analyzer/share/joint_analyzer/hook/pythonpath.ps1'
[5.649s] INFO:colcon.colcon_core.shell:Creating environment descriptor '/home/phy_ai/.ihub/daksha/install/joint_analyzer/share/joint_analyzer/hook/pythonpath.dsv'
[5.651s] INFO:colcon.colcon_core.shell:Creating environment hook '/home/phy_ai/.ihub/daksha/install/joint_analyzer/share/joint_analyzer/hook/pythonpath.sh'
[5.653s] DEBUG:colcon.colcon_core.event_handler.log_command:Invoked command in '/home/phy_ai/.ihub/daksha/src/daksha_description_full_body' returned '0': PYTHONPATH=/home/phy_ai/.ihub/daksha/build/daksha_description_full_body/prefix_override:/usr/lib/python3/dist-packages/colcon_core/task/python/colcon_distutils_commands:/home/phy_ai/.ihub/daksha/install/daksha_description_full_body/lib/python3.10/site-packages:${PYTHONPATH} /usr/bin/python3 -W ignore:setup.py install is deprecated -W ignore:easy_install command is deprecated setup.py egg_info --egg-base ../../build/daksha_description_full_body build --build-base /home/phy_ai/.ihub/daksha/build/daksha_description_full_body/build install --record /home/phy_ai/.ihub/daksha/build/daksha_description_full_body/install.log --install-scripts $base/lib/daksha_description_full_body --single-version-externally-managed install_data
[5.657s] Level 1:colcon.colcon_core.environment:checking '/home/phy_ai/.ihub/daksha/install/joint_analyzer/bin'
[5.658s] Level 1:colcon.colcon_core.environment:create_environment_scripts_only(joint_analyzer)
[5.658s] INFO:colcon.colcon_core.shell:Creating package script '/home/phy_ai/.ihub/daksha/install/joint_analyzer/share/joint_analyzer/package.ps1'
[5.661s] DEBUG:colcon.colcon_core.event_handler.log_command:Invoked command in '/home/phy_ai/.ihub/daksha/src/ui/analyzer' returned '0': PYTHONPATH=/home/phy_ai/.ihub/daksha/build/joint_analyzer/prefix_override:/usr/lib/python3/dist-packages/colcon_core/task/python/colcon_distutils_commands:/home/phy_ai/.ihub/daksha/install/joint_analyzer/lib/python3.10/site-packages:${PYTHONPATH} /usr/bin/python3 -W ignore:setup.py install is deprecated -W ignore:easy_install command is deprecated setup.py egg_info --egg-base ../../../build/joint_analyzer build --build-base /home/phy_ai/.ihub/daksha/build/joint_analyzer/build install --record /home/phy_ai/.ihub/daksha/build/joint_analyzer/install.log --install-scripts $base/lib/joint_analyzer --single-version-externally-managed install_data
[5.663s] INFO:colcon.colcon_core.shell:Creating package descriptor '/home/phy_ai/.ihub/daksha/install/joint_analyzer/share/joint_analyzer/package.dsv'
[5.664s] INFO:colcon.colcon_core.shell:Creating package script '/home/phy_ai/.ihub/daksha/install/joint_analyzer/share/joint_analyzer/package.sh'
[5.665s] INFO:colcon.colcon_core.shell:Creating package script '/home/phy_ai/.ihub/daksha/install/joint_analyzer/share/joint_analyzer/package.bash'
[5.665s] INFO:colcon.colcon_core.shell:Creating package script '/home/phy_ai/.ihub/daksha/install/joint_analyzer/share/joint_analyzer/package.zsh'
[5.666s] Level 1:colcon.colcon_core.environment:create_file_with_runtime_dependencies(/home/phy_ai/.ihub/daksha/install/joint_analyzer/share/colcon-core/packages/joint_analyzer)
[5.667s] INFO:colcon.colcon_ros.task.ament_python.build:Building ROS package in '/home/phy_ai/.ihub/daksha/src/world_camera_launch' with build type 'ament_python'
[5.668s] Level 1:colcon.colcon_core.shell:create_environment_hook('world_camera_launch', 'ament_prefix_path')
[5.668s] INFO:colcon.colcon_core.shell:Creating environment hook '/home/phy_ai/.ihub/daksha/install/world_camera_launch/share/world_camera_launch/hook/ament_prefix_path.ps1'
[5.669s] INFO:colcon.colcon_core.shell:Creating environment descriptor '/home/phy_ai/.ihub/daksha/install/world_camera_launch/share/world_camera_launch/hook/ament_prefix_path.dsv'
[5.670s] INFO:colcon.colcon_core.shell:Creating environment hook '/home/phy_ai/.ihub/daksha/install/world_camera_launch/share/world_camera_launch/hook/ament_prefix_path.sh'
[5.672s] INFO:colcon.colcon_core.shell:Skip shell extension 'powershell' for command environment: Not usable outside of PowerShell
[5.672s] DEBUG:colcon.colcon_core.shell:Skip shell extension 'dsv' for command environment
[5.683s] Level 1:colcon.colcon_core.environment:checking '/home/phy_ai/.ihub/daksha/install/ros_tcp_endpoint' for CMake module files
[5.683s] DEBUG:colcon.colcon_core.event_handler.log_command:Invoked command in '/home/phy_ai/.ihub/daksha/src/tele/ROS-TCP-Endpoint' returned '0': PYTHONPATH=/home/phy_ai/.ihub/daksha/build/ros_tcp_endpoint/prefix_override:/usr/lib/python3/dist-packages/colcon_core/task/python/colcon_distutils_commands:/home/phy_ai/.ihub/daksha/install/ros_tcp_endpoint/lib/python3.10/site-packages:${PYTHONPATH} /usr/bin/python3 -W ignore:setup.py install is deprecated -W ignore:easy_install command is deprecated setup.py egg_info --egg-base ../../../build/ros_tcp_endpoint build --build-base /home/phy_ai/.ihub/daksha/build/ros_tcp_endpoint/build install --record /home/phy_ai/.ihub/daksha/build/ros_tcp_endpoint/install.log --install-scripts $base/lib/ros_tcp_endpoint --single-version-externally-managed install_data
[5.684s] Level 1:colcon.colcon_core.environment:checking '/home/phy_ai/.ihub/daksha/install/ros_tcp_endpoint' for CMake config files
[5.685s] Level 1:colcon.colcon_core.environment:checking '/home/phy_ai/.ihub/daksha/install/ros_tcp_endpoint/lib'
[5.685s] Level 1:colcon.colcon_core.environment:checking '/home/phy_ai/.ihub/daksha/install/ros_tcp_endpoint/bin'
[5.685s] Level 1:colcon.colcon_core.environment:checking '/home/phy_ai/.ihub/daksha/install/ros_tcp_endpoint/lib/pkgconfig/ros_tcp_endpoint.pc'
[5.686s] Level 1:colcon.colcon_core.environment:checking '/home/phy_ai/.ihub/daksha/install/ros_tcp_endpoint/lib/python3.10/site-packages'
[5.686s] Level 1:colcon.colcon_core.shell:create_environment_hook('ros_tcp_endpoint', 'pythonpath')
[5.686s] INFO:colcon.colcon_core.shell:Creating environment hook '/home/phy_ai/.ihub/daksha/install/ros_tcp_endpoint/share/ros_tcp_endpoint/hook/pythonpath.ps1'
[5.687s] INFO:colcon.colcon_core.shell:Creating environment descriptor '/home/phy_ai/.ihub/daksha/install/ros_tcp_endpoint/share/ros_tcp_endpoint/hook/pythonpath.dsv'
[5.688s] INFO:colcon.colcon_core.shell:Creating environment hook '/home/phy_ai/.ihub/daksha/install/ros_tcp_endpoint/share/ros_tcp_endpoint/hook/pythonpath.sh'
[5.689s] Level 1:colcon.colcon_core.environment:checking '/home/phy_ai/.ihub/daksha/install/ros_tcp_endpoint/bin'
[5.689s] Level 1:colcon.colcon_core.environment:create_environment_scripts_only(ros_tcp_endpoint)
[5.690s] INFO:colcon.colcon_core.shell:Creating package script '/home/phy_ai/.ihub/daksha/install/ros_tcp_endpoint/share/ros_tcp_endpoint/package.ps1'
[5.691s] INFO:colcon.colcon_core.shell:Creating package descriptor '/home/phy_ai/.ihub/daksha/install/ros_tcp_endpoint/share/ros_tcp_endpoint/package.dsv'
[5.692s] INFO:colcon.colcon_core.shell:Creating package script '/home/phy_ai/.ihub/daksha/install/ros_tcp_endpoint/share/ros_tcp_endpoint/package.sh'
[5.693s] INFO:colcon.colcon_core.shell:Creating package script '/home/phy_ai/.ihub/daksha/install/ros_tcp_endpoint/share/ros_tcp_endpoint/package.bash'
[5.694s] INFO:colcon.colcon_core.shell:Creating package script '/home/phy_ai/.ihub/daksha/install/ros_tcp_endpoint/share/ros_tcp_endpoint/package.zsh'
[5.694s] Level 1:colcon.colcon_core.environment:create_file_with_runtime_dependencies(/home/phy_ai/.ihub/daksha/install/ros_tcp_endpoint/share/colcon-core/packages/ros_tcp_endpoint)
[5.695s] Level 1:colcon.colcon_core.environment:checking '/home/phy_ai/.ihub/daksha/install/daksha_api_bridge_leader' for CMake module files
[5.697s] DEBUG:colcon.colcon_core.event_handler.log_command:Invoked command in '/home/phy_ai/.ihub/daksha/src/global/daksha_api_bridge_leader' returned '0': PYTHONPATH=/home/phy_ai/.ihub/daksha/build/daksha_api_bridge_leader/prefix_override:/usr/lib/python3/dist-packages/colcon_core/task/python/colcon_distutils_commands:/home/phy_ai/.ihub/daksha/install/daksha_api_bridge_leader/lib/python3.10/site-packages:${PYTHONPATH} /usr/bin/python3 -W ignore:setup.py install is deprecated -W ignore:easy_install command is deprecated setup.py egg_info --egg-base ../../../build/daksha_api_bridge_leader build --build-base /home/phy_ai/.ihub/daksha/build/daksha_api_bridge_leader/build install --record /home/phy_ai/.ihub/daksha/build/daksha_api_bridge_leader/install.log --install-scripts $base/lib/daksha_api_bridge_leader --single-version-externally-managed install_data
[5.698s] Level 1:colcon.colcon_core.environment:checking '/home/phy_ai/.ihub/daksha/install/daksha_api_bridge_leader' for CMake config files
[5.699s] Level 1:colcon.colcon_core.environment:checking '/home/phy_ai/.ihub/daksha/install/daksha_api_bridge_leader/lib'
[5.699s] Level 1:colcon.colcon_core.environment:checking '/home/phy_ai/.ihub/daksha/install/daksha_api_bridge_leader/bin'
[5.699s] Level 1:colcon.colcon_core.environment:checking '/home/phy_ai/.ihub/daksha/install/daksha_api_bridge_leader/lib/pkgconfig/daksha_api_bridge_leader.pc'
[5.699s] Level 1:colcon.colcon_core.environment:checking '/home/phy_ai/.ihub/daksha/install/daksha_api_bridge_leader/lib/python3.10/site-packages'
[5.699s] Level 1:colcon.colcon_core.shell:create_environment_hook('daksha_api_bridge_leader', 'pythonpath')
[5.700s] INFO:colcon.colcon_core.shell:Creating environment hook '/home/phy_ai/.ihub/daksha/install/daksha_api_bridge_leader/share/daksha_api_bridge_leader/hook/pythonpath.ps1'
[5.701s] INFO:colcon.colcon_core.shell:Creating environment descriptor '/home/phy_ai/.ihub/daksha/install/daksha_api_bridge_leader/share/daksha_api_bridge_leader/hook/pythonpath.dsv'
[5.701s] INFO:colcon.colcon_core.shell:Creating environment hook '/home/phy_ai/.ihub/daksha/install/daksha_api_bridge_leader/share/daksha_api_bridge_leader/hook/pythonpath.sh'
[5.703s] Level 1:colcon.colcon_core.environment:checking '/home/phy_ai/.ihub/daksha/install/daksha_api_bridge_leader/bin'
[5.703s] Level 1:colcon.colcon_core.environment:create_environment_scripts_only(daksha_api_bridge_leader)
[5.704s] INFO:colcon.colcon_core.shell:Creating package script '/home/phy_ai/.ihub/daksha/install/daksha_api_bridge_leader/share/daksha_api_bridge_leader/package.ps1'
[5.705s] INFO:colcon.colcon_core.shell:Creating package descriptor '/home/phy_ai/.ihub/daksha/install/daksha_api_bridge_leader/share/daksha_api_bridge_leader/package.dsv'
[5.706s] INFO:colcon.colcon_core.shell:Creating package script '/home/phy_ai/.ihub/daksha/install/daksha_api_bridge_leader/share/daksha_api_bridge_leader/package.sh'
[5.706s] INFO:colcon.colcon_core.shell:Creating package script '/home/phy_ai/.ihub/daksha/install/daksha_api_bridge_leader/share/daksha_api_bridge_leader/package.bash'
[5.707s] INFO:colcon.colcon_core.shell:Creating package script '/home/phy_ai/.ihub/daksha/install/daksha_api_bridge_leader/share/daksha_api_bridge_leader/package.zsh'
[5.708s] Level 1:colcon.colcon_core.environment:create_file_with_runtime_dependencies(/home/phy_ai/.ihub/daksha/install/daksha_api_bridge_leader/share/colcon-core/packages/daksha_api_bridge_leader)
[5.709s] Level 1:colcon.colcon_core.environment:checking '/home/phy_ai/.ihub/daksha/install/daksha_api_bridge_follower' for CMake module files
[5.710s] DEBUG:colcon.colcon_core.event_handler.log_command:Invoked command in '/home/phy_ai/.ihub/daksha/src/global/daksha_api_bridge_follower' returned '0': PYTHONPATH=/home/phy_ai/.ihub/daksha/build/daksha_api_bridge_follower/prefix_override:/usr/lib/python3/dist-packages/colcon_core/task/python/colcon_distutils_commands:/home/phy_ai/.ihub/daksha/install/daksha_api_bridge_follower/lib/python3.10/site-packages:${PYTHONPATH} /usr/bin/python3 -W ignore:setup.py install is deprecated -W ignore:easy_install command is deprecated setup.py egg_info --egg-base ../../../build/daksha_api_bridge_follower build --build-base /home/phy_ai/.ihub/daksha/build/daksha_api_bridge_follower/build install --record /home/phy_ai/.ihub/daksha/build/daksha_api_bridge_follower/install.log --install-scripts $base/lib/daksha_api_bridge_follower --single-version-externally-managed install_data
[5.711s] Level 1:colcon.colcon_core.environment:checking '/home/phy_ai/.ihub/daksha/install/daksha_api_bridge_follower' for CMake config files
[5.712s] Level 1:colcon.colcon_core.environment:checking '/home/phy_ai/.ihub/daksha/install/daksha_api_bridge_follower/lib'
[5.712s] Level 1:colcon.colcon_core.environment:checking '/home/phy_ai/.ihub/daksha/install/daksha_api_bridge_follower/bin'
[5.712s] Level 1:colcon.colcon_core.environment:checking '/home/phy_ai/.ihub/daksha/install/daksha_api_bridge_follower/lib/pkgconfig/daksha_api_bridge_follower.pc'
[5.712s] Level 1:colcon.colcon_core.environment:checking '/home/phy_ai/.ihub/daksha/install/daksha_api_bridge_follower/lib/python3.10/site-packages'
[5.712s] Level 1:colcon.colcon_core.shell:create_environment_hook('daksha_api_bridge_follower', 'pythonpath')
[5.712s] INFO:colcon.colcon_core.shell:Creating environment hook '/home/phy_ai/.ihub/daksha/install/daksha_api_bridge_follower/share/daksha_api_bridge_follower/hook/pythonpath.ps1'
[5.713s] INFO:colcon.colcon_core.shell:Creating environment descriptor '/home/phy_ai/.ihub/daksha/install/daksha_api_bridge_follower/share/daksha_api_bridge_follower/hook/pythonpath.dsv'
[5.714s] INFO:colcon.colcon_core.shell:Creating environment hook '/home/phy_ai/.ihub/daksha/install/daksha_api_bridge_follower/share/daksha_api_bridge_follower/hook/pythonpath.sh'
[5.715s] Level 1:colcon.colcon_core.environment:checking '/home/phy_ai/.ihub/daksha/install/daksha_api_bridge_follower/bin'
[5.715s] Level 1:colcon.colcon_core.environment:create_environment_scripts_only(daksha_api_bridge_follower)
[5.715s] INFO:colcon.colcon_core.shell:Creating package script '/home/phy_ai/.ihub/daksha/install/daksha_api_bridge_follower/share/daksha_api_bridge_follower/package.ps1'
[5.716s] INFO:colcon.colcon_core.shell:Creating package descriptor '/home/phy_ai/.ihub/daksha/install/daksha_api_bridge_follower/share/daksha_api_bridge_follower/package.dsv'
[5.717s] INFO:colcon.colcon_core.shell:Creating package script '/home/phy_ai/.ihub/daksha/install/daksha_api_bridge_follower/share/daksha_api_bridge_follower/package.sh'
[5.718s] INFO:colcon.colcon_core.shell:Creating package script '/home/phy_ai/.ihub/daksha/install/daksha_api_bridge_follower/share/daksha_api_bridge_follower/package.bash'
[5.718s] INFO:colcon.colcon_core.shell:Creating package script '/home/phy_ai/.ihub/daksha/install/daksha_api_bridge_follower/share/daksha_api_bridge_follower/package.zsh'
[5.719s] Level 1:colcon.colcon_core.environment:create_file_with_runtime_dependencies(/home/phy_ai/.ihub/daksha/install/daksha_api_bridge_follower/share/colcon-core/packages/daksha_api_bridge_follower)
[5.722s] Level 1:colcon.colcon_core.environment:checking '/home/phy_ai/.ihub/daksha/install/gen2_leader' for CMake module files
[5.723s] DEBUG:colcon.colcon_core.event_handler.log_command:Invoked command in '/home/phy_ai/.ihub/daksha/src/tele/gen2_leader' returned '0': PYTHONPATH=/home/phy_ai/.ihub/daksha/build/gen2_leader/prefix_override:/usr/lib/python3/dist-packages/colcon_core/task/python/colcon_distutils_commands:/home/phy_ai/.ihub/daksha/install/gen2_leader/lib/python3.10/site-packages:${PYTHONPATH} /usr/bin/python3 -W ignore:setup.py install is deprecated -W ignore:easy_install command is deprecated setup.py egg_info --egg-base ../../../build/gen2_leader build --build-base /home/phy_ai/.ihub/daksha/build/gen2_leader/build install --record /home/phy_ai/.ihub/daksha/build/gen2_leader/install.log --install-scripts $base/lib/gen2_leader --single-version-externally-managed install_data
[5.724s] Level 1:colcon.colcon_core.environment:checking '/home/phy_ai/.ihub/daksha/install/gen2_leader' for CMake config files
[5.725s] Level 1:colcon.colcon_core.environment:checking '/home/phy_ai/.ihub/daksha/install/gen2_leader/lib'
[5.725s] Level 1:colcon.colcon_core.environment:checking '/home/phy_ai/.ihub/daksha/install/gen2_leader/bin'
[5.725s] Level 1:colcon.colcon_core.environment:checking '/home/phy_ai/.ihub/daksha/install/gen2_leader/lib/pkgconfig/gen2_leader.pc'
[5.726s] Level 1:colcon.colcon_core.environment:checking '/home/phy_ai/.ihub/daksha/install/gen2_leader/lib/python3.10/site-packages'
[5.726s] Level 1:colcon.colcon_core.shell:create_environment_hook('gen2_leader', 'pythonpath')
[5.726s] INFO:colcon.colcon_core.shell:Creating environment hook '/home/phy_ai/.ihub/daksha/install/gen2_leader/share/gen2_leader/hook/pythonpath.ps1'
[5.727s] INFO:colcon.colcon_core.shell:Creating environment descriptor '/home/phy_ai/.ihub/daksha/install/gen2_leader/share/gen2_leader/hook/pythonpath.dsv'
[5.728s] INFO:colcon.colcon_core.shell:Creating environment hook '/home/phy_ai/.ihub/daksha/install/gen2_leader/share/gen2_leader/hook/pythonpath.sh'
[5.729s] Level 1:colcon.colcon_core.environment:checking '/home/phy_ai/.ihub/daksha/install/gen2_leader/bin'
[5.729s] Level 1:colcon.colcon_core.environment:create_environment_scripts_only(gen2_leader)
[5.730s] INFO:colcon.colcon_core.shell:Creating package script '/home/phy_ai/.ihub/daksha/install/gen2_leader/share/gen2_leader/package.ps1'
[5.731s] INFO:colcon.colcon_core.shell:Creating package descriptor '/home/phy_ai/.ihub/daksha/install/gen2_leader/share/gen2_leader/package.dsv'
[5.732s] INFO:colcon.colcon_core.shell:Creating package script '/home/phy_ai/.ihub/daksha/install/gen2_leader/share/gen2_leader/package.sh'
[5.733s] INFO:colcon.colcon_core.shell:Creating package script '/home/phy_ai/.ihub/daksha/install/gen2_leader/share/gen2_leader/package.bash'
[5.734s] INFO:colcon.colcon_core.shell:Creating package script '/home/phy_ai/.ihub/daksha/install/gen2_leader/share/gen2_leader/package.zsh'
[5.735s] Level 1:colcon.colcon_core.environment:create_file_with_runtime_dependencies(/home/phy_ai/.ihub/daksha/install/gen2_leader/share/colcon-core/packages/gen2_leader)
[5.736s] Level 1:colcon.colcon_core.environment:checking '/home/phy_ai/.ihub/daksha/install/kinematics' for CMake module files
[5.738s] DEBUG:colcon.colcon_core.event_handler.log_command:Invoked command in '/home/phy_ai/.ihub/daksha/src/controllers/kinematics' returned '0': PYTHONPATH=/home/phy_ai/.ihub/daksha/build/kinematics/prefix_override:/usr/lib/python3/dist-packages/colcon_core/task/python/colcon_distutils_commands:/home/phy_ai/.ihub/daksha/install/kinematics/lib/python3.10/site-packages:${PYTHONPATH} /usr/bin/python3 -W ignore:setup.py install is deprecated -W ignore:easy_install command is deprecated setup.py egg_info --egg-base ../../../build/kinematics build --build-base /home/phy_ai/.ihub/daksha/build/kinematics/build install --record /home/phy_ai/.ihub/daksha/build/kinematics/install.log --install-scripts $base/lib/kinematics --single-version-externally-managed install_data
[5.738s] Level 1:colcon.colcon_core.environment:checking '/home/phy_ai/.ihub/daksha/install/kinematics' for CMake config files
[5.739s] Level 1:colcon.colcon_core.environment:checking '/home/phy_ai/.ihub/daksha/install/kinematics/lib'
[5.739s] Level 1:colcon.colcon_core.environment:checking '/home/phy_ai/.ihub/daksha/install/kinematics/bin'
[5.739s] Level 1:colcon.colcon_core.environment:checking '/home/phy_ai/.ihub/daksha/install/kinematics/lib/pkgconfig/kinematics.pc'
[5.740s] Level 1:colcon.colcon_core.environment:checking '/home/phy_ai/.ihub/daksha/install/kinematics/lib/python3.10/site-packages'
[5.740s] Level 1:colcon.colcon_core.shell:create_environment_hook('kinematics', 'pythonpath')
[5.740s] INFO:colcon.colcon_core.shell:Creating environment hook '/home/phy_ai/.ihub/daksha/install/kinematics/share/kinematics/hook/pythonpath.ps1'
[5.741s] INFO:colcon.colcon_core.shell:Creating environment descriptor '/home/phy_ai/.ihub/daksha/install/kinematics/share/kinematics/hook/pythonpath.dsv'
[5.741s] INFO:colcon.colcon_core.shell:Creating environment hook '/home/phy_ai/.ihub/daksha/install/kinematics/share/kinematics/hook/pythonpath.sh'
[5.743s] Level 1:colcon.colcon_core.environment:checking '/home/phy_ai/.ihub/daksha/install/kinematics/bin'
[5.743s] Level 1:colcon.colcon_core.environment:create_environment_scripts_only(kinematics)
[5.744s] INFO:colcon.colcon_core.shell:Creating package script '/home/phy_ai/.ihub/daksha/install/kinematics/share/kinematics/package.ps1'
[5.745s] INFO:colcon.colcon_core.shell:Creating package descriptor '/home/phy_ai/.ihub/daksha/install/kinematics/share/kinematics/package.dsv'
[5.746s] INFO:colcon.colcon_core.shell:Creating package script '/home/phy_ai/.ihub/daksha/install/kinematics/share/kinematics/package.sh'
[5.747s] INFO:colcon.colcon_core.shell:Creating package script '/home/phy_ai/.ihub/daksha/install/kinematics/share/kinematics/package.bash'
[5.748s] INFO:colcon.colcon_core.shell:Creating package script '/home/phy_ai/.ihub/daksha/install/kinematics/share/kinematics/package.zsh'
[5.748s] Level 1:colcon.colcon_core.environment:create_file_with_runtime_dependencies(/home/phy_ai/.ihub/daksha/install/kinematics/share/colcon-core/packages/kinematics)
[5.749s] INFO:colcon.colcon_ros.task.ament_cmake.build:Building ROS package in '/home/phy_ai/.ihub/daksha/src/controllers/collision_management' with build type 'ament_cmake'
[5.749s] INFO:colcon.colcon_cmake.task.cmake.build:Building CMake package in '/home/phy_ai/.ihub/daksha/src/controllers/collision_management'
[5.750s] INFO:colcon.colcon_core.shell:Skip shell extension 'powershell' for command environment: Not usable outside of PowerShell
[5.750s] DEBUG:colcon.colcon_core.shell:Skip shell extension 'dsv' for command environment
[5.762s] INFO:colcon.colcon_ros.task.ament_python.build:Building ROS package in '/home/phy_ai/.ihub/daksha/src/tele/vr_teleop' with build type 'ament_python'
[5.762s] Level 1:colcon.colcon_core.shell:create_environment_hook('vr_teleop', 'ament_prefix_path')
[5.763s] INFO:colcon.colcon_core.shell:Creating environment hook '/home/phy_ai/.ihub/daksha/install/vr_teleop/share/vr_teleop/hook/ament_prefix_path.ps1'
[5.764s] INFO:colcon.colcon_core.shell:Creating environment descriptor '/home/phy_ai/.ihub/daksha/install/vr_teleop/share/vr_teleop/hook/ament_prefix_path.dsv'
[5.765s] INFO:colcon.colcon_core.shell:Creating environment hook '/home/phy_ai/.ihub/daksha/install/vr_teleop/share/vr_teleop/hook/ament_prefix_path.sh'
[5.766s] INFO:colcon.colcon_core.shell:Skip shell extension 'powershell' for command environment: Not usable outside of PowerShell
[5.767s] DEBUG:colcon.colcon_core.shell:Skip shell extension 'dsv' for command environment
[6.371s] INFO:colcon.colcon_core.task.python.build:Building Python package in '/home/phy_ai/.ihub/daksha/src/world_camera_launch'
[6.372s] INFO:colcon.colcon_core.shell:Skip shell extension 'powershell' for command environment: Not usable outside of PowerShell
[6.373s] DEBUG:colcon.colcon_core.shell:Skip shell extension 'dsv' for command environment
[6.386s] Level 1:colcon.colcon_core.environment:checking '/home/phy_ai/.ihub/daksha/install/daksha_final_urdf_description' for CMake module files
[6.388s] DEBUG:colcon.colcon_core.event_handler.log_command:Invoked command in '/home/phy_ai/.ihub/daksha/src/ui/Clients_UI/daksha_final_urdf_description' returned '0': PYTHONPATH=/home/phy_ai/.ihub/daksha/build/daksha_final_urdf_description/prefix_override:/usr/lib/python3/dist-packages/colcon_core/task/python/colcon_distutils_commands:/home/phy_ai/.ihub/daksha/install/daksha_final_urdf_description/lib/python3.10/site-packages:${PYTHONPATH} /usr/bin/python3 -W ignore:setup.py install is deprecated -W ignore:easy_install command is deprecated setup.py egg_info --egg-base ../../../../build/daksha_final_urdf_description build --build-base /home/phy_ai/.ihub/daksha/build/daksha_final_urdf_description/build install --record /home/phy_ai/.ihub/daksha/build/daksha_final_urdf_description/install.log --install-scripts $base/lib/fusion2urdf_ros2 --single-version-externally-managed install_data
[6.389s] Level 1:colcon.colcon_core.environment:checking '/home/phy_ai/.ihub/daksha/install/daksha_final_urdf_description' for CMake config files
[6.390s] Level 1:colcon.colcon_core.environment:checking '/home/phy_ai/.ihub/daksha/install/daksha_final_urdf_description/lib'
[6.391s] Level 1:colcon.colcon_core.environment:checking '/home/phy_ai/.ihub/daksha/install/daksha_final_urdf_description/bin'
[6.391s] Level 1:colcon.colcon_core.environment:checking '/home/phy_ai/.ihub/daksha/install/daksha_final_urdf_description/lib/pkgconfig/daksha_final_urdf_description.pc'
[6.391s] Level 1:colcon.colcon_core.environment:checking '/home/phy_ai/.ihub/daksha/install/daksha_final_urdf_description/lib/python3.10/site-packages'
[6.391s] Level 1:colcon.colcon_core.shell:create_environment_hook('daksha_final_urdf_description', 'pythonpath')
[6.392s] INFO:colcon.colcon_core.shell:Creating environment hook '/home/phy_ai/.ihub/daksha/install/daksha_final_urdf_description/share/daksha_final_urdf_description/hook/pythonpath.ps1'
[6.393s] INFO:colcon.colcon_core.shell:Creating environment descriptor '/home/phy_ai/.ihub/daksha/install/daksha_final_urdf_description/share/daksha_final_urdf_description/hook/pythonpath.dsv'
[6.394s] INFO:colcon.colcon_core.shell:Creating environment hook '/home/phy_ai/.ihub/daksha/install/daksha_final_urdf_description/share/daksha_final_urdf_description/hook/pythonpath.sh'
[6.395s] Level 1:colcon.colcon_core.environment:checking '/home/phy_ai/.ihub/daksha/install/daksha_final_urdf_description/bin'
[6.395s] Level 1:colcon.colcon_core.environment:create_environment_scripts_only(daksha_final_urdf_description)
[6.396s] INFO:colcon.colcon_core.shell:Creating package script '/home/phy_ai/.ihub/daksha/install/daksha_final_urdf_description/share/daksha_final_urdf_description/package.ps1'
[6.397s] INFO:colcon.colcon_core.shell:Creating package descriptor '/home/phy_ai/.ihub/daksha/install/daksha_final_urdf_description/share/daksha_final_urdf_description/package.dsv'
[6.397s] INFO:colcon.colcon_core.shell:Creating package script '/home/phy_ai/.ihub/daksha/install/daksha_final_urdf_description/share/daksha_final_urdf_description/package.sh'
[6.398s] INFO:colcon.colcon_core.shell:Creating package script '/home/phy_ai/.ihub/daksha/install/daksha_final_urdf_description/share/daksha_final_urdf_description/package.bash'
[6.399s] INFO:colcon.colcon_core.shell:Creating package script '/home/phy_ai/.ihub/daksha/install/daksha_final_urdf_description/share/daksha_final_urdf_description/package.zsh'
[6.399s] Level 1:colcon.colcon_core.environment:create_file_with_runtime_dependencies(/home/phy_ai/.ihub/daksha/install/daksha_final_urdf_description/share/colcon-core/packages/daksha_final_urdf_description)
[6.404s] DEBUG:colcon.colcon_core.event_handler.log_command:Invoking command in '/home/phy_ai/.ihub/daksha/build/collision_management': AMENT_PREFIX_PATH=/home/phy_ai/.ihub/daksha/install/kinematics:/home/phy_ai/.ihub/daksha/install/daksha_description_full_body:${AMENT_PREFIX_PATH} CMAKE_PREFIX_PATH=${CMAKE_PREFIX_PATH}:/home/phy_ai/.barani/gen2_full/install/world_camera_launch:/home/phy_ai/.barani/gen2_full/install/gen2:/home/phy_ai/.barani/gen2_full/install/vr_teleop:/home/phy_ai/.barani/gen2_full/install/ros_tcp_endpoint:/home/phy_ai/.barani/gen2_full/install/nav_bringup:/home/phy_ai/.barani/gen2_full/install/nav2_config:/home/phy_ai/.barani/gen2_full/install/kinematics:/home/phy_ai/.barani/gen2_full/install/joint_cmd_logger:/home/phy_ai/.barani/gen2_full/install/joint_analyzer:/home/phy_ai/.barani/gen2_full/install/daksha_data_collection:/home/phy_ai/.barani/gen2_full/install/gen2_leader:/home/phy_ai/.barani/gen2_full/install/amr_bringup:/home/phy_ai/.barani/gen2_full/install/daksha_final_urdf_description:/home/phy_ai/.barani/gen2_full/install/daksha_description_full_body:/home/phy_ai/.barani/gen2_full/install/daksha_base_urdf:/home/phy_ai/.barani/gen2_full/install/daksha_api_bridge_leader:/home/phy_ai/.barani/gen2_full/install/daksha_api_bridge_follower:/opt/ros/humble PYTHONPATH=/home/phy_ai/.ihub/daksha/install/kinematics/lib/python3.10/site-packages:/home/phy_ai/.ihub/daksha/install/daksha_description_full_body/lib/python3.10/site-packages:${PYTHONPATH} /usr/bin/cmake /home/phy_ai/.ihub/daksha/src/controllers/collision_management -DCMAKE_INSTALL_PREFIX=/home/phy_ai/.ihub/daksha/install/collision_management
[7.157s] INFO:colcon.colcon_core.task.python.build:Building Python package in '/home/phy_ai/.ihub/daksha/src/tele/vr_teleop'
[7.158s] INFO:colcon.colcon_core.shell:Skip shell extension 'powershell' for command environment: Not usable outside of PowerShell
[7.158s] DEBUG:colcon.colcon_core.shell:Skip shell extension 'dsv' for command environment
[7.171s] Level 1:colcon.colcon_core.environment:checking '/home/phy_ai/.ihub/daksha/install/vajara' for CMake module files
[7.173s] Level 1:colcon.colcon_core.environment:checking '/home/phy_ai/.ihub/daksha/install/vajara' for CMake config files
[7.172s] DEBUG:colcon.colcon_core.event_handler.log_command:Invoked command in '/home/phy_ai/.ihub/daksha/src/diagnosis/vajara' returned '0': PYTHONPATH=/home/phy_ai/.ihub/daksha/build/vajara/prefix_override:/usr/lib/python3/dist-packages/colcon_core/task/python/colcon_distutils_commands:/home/phy_ai/.ihub/daksha/install/vajara/lib/python3.10/site-packages:${PYTHONPATH} /usr/bin/python3 -W ignore:setup.py install is deprecated -W ignore:easy_install command is deprecated setup.py egg_info --egg-base ../../../build/vajara build --build-base /home/phy_ai/.ihub/daksha/build/vajara/build install --record /home/phy_ai/.ihub/daksha/build/vajara/install.log --install-scripts $base/lib/vajara --single-version-externally-managed install_data
[7.174s] Level 1:colcon.colcon_core.environment:checking '/home/phy_ai/.ihub/daksha/install/vajara/lib'
[7.174s] Level 1:colcon.colcon_core.environment:checking '/home/phy_ai/.ihub/daksha/install/vajara/bin'
[7.174s] Level 1:colcon.colcon_core.environment:checking '/home/phy_ai/.ihub/daksha/install/vajara/lib/pkgconfig/vajara.pc'
[7.175s] Level 1:colcon.colcon_core.environment:checking '/home/phy_ai/.ihub/daksha/install/vajara/lib/python3.10/site-packages'
[7.175s] Level 1:colcon.colcon_core.shell:create_environment_hook('vajara', 'pythonpath')
[7.175s] INFO:colcon.colcon_core.shell:Creating environment hook '/home/phy_ai/.ihub/daksha/install/vajara/share/vajara/hook/pythonpath.ps1'
[7.176s] INFO:colcon.colcon_core.shell:Creating environment descriptor '/home/phy_ai/.ihub/daksha/install/vajara/share/vajara/hook/pythonpath.dsv'
[7.177s] INFO:colcon.colcon_core.shell:Creating environment hook '/home/phy_ai/.ihub/daksha/install/vajara/share/vajara/hook/pythonpath.sh'
[7.179s] Level 1:colcon.colcon_core.environment:checking '/home/phy_ai/.ihub/daksha/install/vajara/bin'
[7.179s] Level 1:colcon.colcon_core.environment:create_environment_scripts_only(vajara)
[7.180s] INFO:colcon.colcon_core.shell:Creating package script '/home/phy_ai/.ihub/daksha/install/vajara/share/vajara/package.ps1'
[7.182s] INFO:colcon.colcon_core.shell:Creating package descriptor '/home/phy_ai/.ihub/daksha/install/vajara/share/vajara/package.dsv'
[7.183s] INFO:colcon.colcon_core.shell:Creating package script '/home/phy_ai/.ihub/daksha/install/vajara/share/vajara/package.sh'
[7.184s] INFO:colcon.colcon_core.shell:Creating package script '/home/phy_ai/.ihub/daksha/install/vajara/share/vajara/package.bash'
[7.186s] INFO:colcon.colcon_core.shell:Creating package script '/home/phy_ai/.ihub/daksha/install/vajara/share/vajara/package.zsh'
[7.187s] Level 1:colcon.colcon_core.environment:create_file_with_runtime_dependencies(/home/phy_ai/.ihub/daksha/install/vajara/share/colcon-core/packages/vajara)
[7.202s] DEBUG:colcon.colcon_core.event_handler.log_command:Invoked command in '/home/phy_ai/.ihub/daksha/build/posveleff_controllers' returned '0': CMAKE_PREFIX_PATH=${CMAKE_PREFIX_PATH}:/home/phy_ai/.barani/gen2_full/install/world_camera_launch:/home/phy_ai/.barani/gen2_full/install/gen2:/home/phy_ai/.barani/gen2_full/install/vr_teleop:/home/phy_ai/.barani/gen2_full/install/ros_tcp_endpoint:/home/phy_ai/.barani/gen2_full/install/nav_bringup:/home/phy_ai/.barani/gen2_full/install/nav2_config:/home/phy_ai/.barani/gen2_full/install/kinematics:/home/phy_ai/.barani/gen2_full/install/joint_cmd_logger:/home/phy_ai/.barani/gen2_full/install/joint_analyzer:/home/phy_ai/.barani/gen2_full/install/daksha_data_collection:/home/phy_ai/.barani/gen2_full/install/gen2_leader:/home/phy_ai/.barani/gen2_full/install/amr_bringup:/home/phy_ai/.barani/gen2_full/install/daksha_final_urdf_description:/home/phy_ai/.barani/gen2_full/install/daksha_description_full_body:/home/phy_ai/.barani/gen2_full/install/daksha_base_urdf:/home/phy_ai/.barani/gen2_full/install/daksha_api_bridge_leader:/home/phy_ai/.barani/gen2_full/install/daksha_api_bridge_follower:/opt/ros/humble /usr/bin/cmake /home/phy_ai/.ihub/daksha/src/controllers/posveleff_controllers -DCMAKE_INSTALL_PREFIX=/home/phy_ai/.ihub/daksha/install/posveleff_controllers
[7.204s] DEBUG:colcon.colcon_core.event_handler.log_command:Invoking command in '/home/phy_ai/.ihub/daksha/build/posveleff_controllers': CMAKE_PREFIX_PATH=${CMAKE_PREFIX_PATH}:/home/phy_ai/.barani/gen2_full/install/world_camera_launch:/home/phy_ai/.barani/gen2_full/install/gen2:/home/phy_ai/.barani/gen2_full/install/vr_teleop:/home/phy_ai/.barani/gen2_full/install/ros_tcp_endpoint:/home/phy_ai/.barani/gen2_full/install/nav_bringup:/home/phy_ai/.barani/gen2_full/install/nav2_config:/home/phy_ai/.barani/gen2_full/install/kinematics:/home/phy_ai/.barani/gen2_full/install/joint_cmd_logger:/home/phy_ai/.barani/gen2_full/install/joint_analyzer:/home/phy_ai/.barani/gen2_full/install/daksha_data_collection:/home/phy_ai/.barani/gen2_full/install/gen2_leader:/home/phy_ai/.barani/gen2_full/install/amr_bringup:/home/phy_ai/.barani/gen2_full/install/daksha_final_urdf_description:/home/phy_ai/.barani/gen2_full/install/daksha_description_full_body:/home/phy_ai/.barani/gen2_full/install/daksha_base_urdf:/home/phy_ai/.barani/gen2_full/install/daksha_api_bridge_leader:/home/phy_ai/.barani/gen2_full/install/daksha_api_bridge_follower:/opt/ros/humble /usr/bin/cmake --build /home/phy_ai/.ihub/daksha/build/posveleff_controllers -- -j16 -l16
[7.205s] DEBUG:colcon.colcon_core.event_handler.log_command:Invoked command in '/home/phy_ai/.ihub/daksha/build/hw_interface' returned '0': CMAKE_PREFIX_PATH=${CMAKE_PREFIX_PATH}:/home/phy_ai/.barani/gen2_full/install/world_camera_launch:/home/phy_ai/.barani/gen2_full/install/gen2:/home/phy_ai/.barani/gen2_full/install/vr_teleop:/home/phy_ai/.barani/gen2_full/install/ros_tcp_endpoint:/home/phy_ai/.barani/gen2_full/install/nav_bringup:/home/phy_ai/.barani/gen2_full/install/nav2_config:/home/phy_ai/.barani/gen2_full/install/kinematics:/home/phy_ai/.barani/gen2_full/install/joint_cmd_logger:/home/phy_ai/.barani/gen2_full/install/joint_analyzer:/home/phy_ai/.barani/gen2_full/install/daksha_data_collection:/home/phy_ai/.barani/gen2_full/install/gen2_leader:/home/phy_ai/.barani/gen2_full/install/amr_bringup:/home/phy_ai/.barani/gen2_full/install/daksha_final_urdf_description:/home/phy_ai/.barani/gen2_full/install/daksha_description_full_body:/home/phy_ai/.barani/gen2_full/install/daksha_base_urdf:/home/phy_ai/.barani/gen2_full/install/daksha_api_bridge_leader:/home/phy_ai/.barani/gen2_full/install/daksha_api_bridge_follower:/opt/ros/humble /usr/bin/cmake /home/phy_ai/.ihub/daksha/src/controllers/hw_interface -DCMAKE_INSTALL_PREFIX=/home/phy_ai/.ihub/daksha/install/hw_interface
[7.209s] DEBUG:colcon.colcon_core.event_handler.log_command:Invoking command in '/home/phy_ai/.ihub/daksha/build/hw_interface': CMAKE_PREFIX_PATH=${CMAKE_PREFIX_PATH}:/home/phy_ai/.barani/gen2_full/install/world_camera_launch:/home/phy_ai/.barani/gen2_full/install/gen2:/home/phy_ai/.barani/gen2_full/install/vr_teleop:/home/phy_ai/.barani/gen2_full/install/ros_tcp_endpoint:/home/phy_ai/.barani/gen2_full/install/nav_bringup:/home/phy_ai/.barani/gen2_full/install/nav2_config:/home/phy_ai/.barani/gen2_full/install/kinematics:/home/phy_ai/.barani/gen2_full/install/joint_cmd_logger:/home/phy_ai/.barani/gen2_full/install/joint_analyzer:/home/phy_ai/.barani/gen2_full/install/daksha_data_collection:/home/phy_ai/.barani/gen2_full/install/gen2_leader:/home/phy_ai/.barani/gen2_full/install/amr_bringup:/home/phy_ai/.barani/gen2_full/install/daksha_final_urdf_description:/home/phy_ai/.barani/gen2_full/install/daksha_description_full_body:/home/phy_ai/.barani/gen2_full/install/daksha_base_urdf:/home/phy_ai/.barani/gen2_full/install/daksha_api_bridge_leader:/home/phy_ai/.barani/gen2_full/install/daksha_api_bridge_follower:/opt/ros/humble /usr/bin/cmake --build /home/phy_ai/.ihub/daksha/build/hw_interface -- -j16 -l16
[7.370s] DEBUG:colcon.colcon_core.event_handler.log_command:Invoked command in '/home/phy_ai/.ihub/daksha/build/web_nav_site' returned '0': CMAKE_PREFIX_PATH=${CMAKE_PREFIX_PATH}:/home/phy_ai/.barani/gen2_full/install/world_camera_launch:/home/phy_ai/.barani/gen2_full/install/gen2:/home/phy_ai/.barani/gen2_full/install/vr_teleop:/home/phy_ai/.barani/gen2_full/install/ros_tcp_endpoint:/home/phy_ai/.barani/gen2_full/install/nav_bringup:/home/phy_ai/.barani/gen2_full/install/nav2_config:/home/phy_ai/.barani/gen2_full/install/kinematics:/home/phy_ai/.barani/gen2_full/install/joint_cmd_logger:/home/phy_ai/.barani/gen2_full/install/joint_analyzer:/home/phy_ai/.barani/gen2_full/install/daksha_data_collection:/home/phy_ai/.barani/gen2_full/install/gen2_leader:/home/phy_ai/.barani/gen2_full/install/amr_bringup:/home/phy_ai/.barani/gen2_full/install/daksha_final_urdf_description:/home/phy_ai/.barani/gen2_full/install/daksha_description_full_body:/home/phy_ai/.barani/gen2_full/install/daksha_base_urdf:/home/phy_ai/.barani/gen2_full/install/daksha_api_bridge_leader:/home/phy_ai/.barani/gen2_full/install/daksha_api_bridge_follower:/opt/ros/humble /usr/bin/cmake /home/phy_ai/.ihub/daksha/src/navigation/web_nav_site -DCMAKE_INSTALL_PREFIX=/home/phy_ai/.ihub/daksha/install/web_nav_site
[7.370s] DEBUG:colcon.colcon_core.event_handler.log_command:Invoking command in '/home/phy_ai/.ihub/daksha/build/web_nav_site': CMAKE_PREFIX_PATH=${CMAKE_PREFIX_PATH}:/home/phy_ai/.barani/gen2_full/install/world_camera_launch:/home/phy_ai/.barani/gen2_full/install/gen2:/home/phy_ai/.barani/gen2_full/install/vr_teleop:/home/phy_ai/.barani/gen2_full/install/ros_tcp_endpoint:/home/phy_ai/.barani/gen2_full/install/nav_bringup:/home/phy_ai/.barani/gen2_full/install/nav2_config:/home/phy_ai/.barani/gen2_full/install/kinematics:/home/phy_ai/.barani/gen2_full/install/joint_cmd_logger:/home/phy_ai/.barani/gen2_full/install/joint_analyzer:/home/phy_ai/.barani/gen2_full/install/daksha_data_collection:/home/phy_ai/.barani/gen2_full/install/gen2_leader:/home/phy_ai/.barani/gen2_full/install/amr_bringup:/home/phy_ai/.barani/gen2_full/install/daksha_final_urdf_description:/home/phy_ai/.barani/gen2_full/install/daksha_description_full_body:/home/phy_ai/.barani/gen2_full/install/daksha_base_urdf:/home/phy_ai/.barani/gen2_full/install/daksha_api_bridge_leader:/home/phy_ai/.barani/gen2_full/install/daksha_api_bridge_follower:/opt/ros/humble /usr/bin/cmake --build /home/phy_ai/.ihub/daksha/build/web_nav_site -- -j16 -l16
[7.423s] DEBUG:colcon.colcon_core.event_handler.log_command:Invoked command in '/home/phy_ai/.ihub/daksha/build/gesture_management' returned '0': CMAKE_PREFIX_PATH=${CMAKE_PREFIX_PATH}:/home/phy_ai/.barani/gen2_full/install/world_camera_launch:/home/phy_ai/.barani/gen2_full/install/gen2:/home/phy_ai/.barani/gen2_full/install/vr_teleop:/home/phy_ai/.barani/gen2_full/install/ros_tcp_endpoint:/home/phy_ai/.barani/gen2_full/install/nav_bringup:/home/phy_ai/.barani/gen2_full/install/nav2_config:/home/phy_ai/.barani/gen2_full/install/kinematics:/home/phy_ai/.barani/gen2_full/install/joint_cmd_logger:/home/phy_ai/.barani/gen2_full/install/joint_analyzer:/home/phy_ai/.barani/gen2_full/install/daksha_data_collection:/home/phy_ai/.barani/gen2_full/install/gen2_leader:/home/phy_ai/.barani/gen2_full/install/amr_bringup:/home/phy_ai/.barani/gen2_full/install/daksha_final_urdf_description:/home/phy_ai/.barani/gen2_full/install/daksha_description_full_body:/home/phy_ai/.barani/gen2_full/install/daksha_base_urdf:/home/phy_ai/.barani/gen2_full/install/daksha_api_bridge_leader:/home/phy_ai/.barani/gen2_full/install/daksha_api_bridge_follower:/opt/ros/humble /usr/bin/cmake /home/phy_ai/.ihub/daksha/src/gesture_management -DCMAKE_INSTALL_PREFIX=/home/phy_ai/.ihub/daksha/install/gesture_management
[7.424s] DEBUG:colcon.colcon_core.event_handler.log_command:Invoking command in '/home/phy_ai/.ihub/daksha/build/gesture_management': CMAKE_PREFIX_PATH=${CMAKE_PREFIX_PATH}:/home/phy_ai/.barani/gen2_full/install/world_camera_launch:/home/phy_ai/.barani/gen2_full/install/gen2:/home/phy_ai/.barani/gen2_full/install/vr_teleop:/home/phy_ai/.barani/gen2_full/install/ros_tcp_endpoint:/home/phy_ai/.barani/gen2_full/install/nav_bringup:/home/phy_ai/.barani/gen2_full/install/nav2_config:/home/phy_ai/.barani/gen2_full/install/kinematics:/home/phy_ai/.barani/gen2_full/install/joint_cmd_logger:/home/phy_ai/.barani/gen2_full/install/joint_analyzer:/home/phy_ai/.barani/gen2_full/install/daksha_data_collection:/home/phy_ai/.barani/gen2_full/install/gen2_leader:/home/phy_ai/.barani/gen2_full/install/amr_bringup:/home/phy_ai/.barani/gen2_full/install/daksha_final_urdf_description:/home/phy_ai/.barani/gen2_full/install/daksha_description_full_body:/home/phy_ai/.barani/gen2_full/install/daksha_base_urdf:/home/phy_ai/.barani/gen2_full/install/daksha_api_bridge_leader:/home/phy_ai/.barani/gen2_full/install/daksha_api_bridge_follower:/opt/ros/humble /usr/bin/cmake --build /home/phy_ai/.ihub/daksha/build/gesture_management -- -j16 -l16
[7.506s] DEBUG:colcon.colcon_core.event_handler.log_command:Invoked command in '/home/phy_ai/.ihub/daksha/build/web_nav_site' returned '0': CMAKE_PREFIX_PATH=${CMAKE_PREFIX_PATH}:/home/phy_ai/.barani/gen2_full/install/world_camera_launch:/home/phy_ai/.barani/gen2_full/install/gen2:/home/phy_ai/.barani/gen2_full/install/vr_teleop:/home/phy_ai/.barani/gen2_full/install/ros_tcp_endpoint:/home/phy_ai/.barani/gen2_full/install/nav_bringup:/home/phy_ai/.barani/gen2_full/install/nav2_config:/home/phy_ai/.barani/gen2_full/install/kinematics:/home/phy_ai/.barani/gen2_full/install/joint_cmd_logger:/home/phy_ai/.barani/gen2_full/install/joint_analyzer:/home/phy_ai/.barani/gen2_full/install/daksha_data_collection:/home/phy_ai/.barani/gen2_full/install/gen2_leader:/home/phy_ai/.barani/gen2_full/install/amr_bringup:/home/phy_ai/.barani/gen2_full/install/daksha_final_urdf_description:/home/phy_ai/.barani/gen2_full/install/daksha_description_full_body:/home/phy_ai/.barani/gen2_full/install/daksha_base_urdf:/home/phy_ai/.barani/gen2_full/install/daksha_api_bridge_leader:/home/phy_ai/.barani/gen2_full/install/daksha_api_bridge_follower:/opt/ros/humble /usr/bin/cmake --build /home/phy_ai/.ihub/daksha/build/web_nav_site -- -j16 -l16
[7.507s] DEBUG:colcon.colcon_core.event_handler.log_command:Invoking command in '/home/phy_ai/.ihub/daksha/build/web_nav_site': CMAKE_PREFIX_PATH=${CMAKE_PREFIX_PATH}:/home/phy_ai/.barani/gen2_full/install/world_camera_launch:/home/phy_ai/.barani/gen2_full/install/gen2:/home/phy_ai/.barani/gen2_full/install/vr_teleop:/home/phy_ai/.barani/gen2_full/install/ros_tcp_endpoint:/home/phy_ai/.barani/gen2_full/install/nav_bringup:/home/phy_ai/.barani/gen2_full/install/nav2_config:/home/phy_ai/.barani/gen2_full/install/kinematics:/home/phy_ai/.barani/gen2_full/install/joint_cmd_logger:/home/phy_ai/.barani/gen2_full/install/joint_analyzer:/home/phy_ai/.barani/gen2_full/install/daksha_data_collection:/home/phy_ai/.barani/gen2_full/install/gen2_leader:/home/phy_ai/.barani/gen2_full/install/amr_bringup:/home/phy_ai/.barani/gen2_full/install/daksha_final_urdf_description:/home/phy_ai/.barani/gen2_full/install/daksha_description_full_body:/home/phy_ai/.barani/gen2_full/install/daksha_base_urdf:/home/phy_ai/.barani/gen2_full/install/daksha_api_bridge_leader:/home/phy_ai/.barani/gen2_full/install/daksha_api_bridge_follower:/opt/ros/humble /usr/bin/cmake --install /home/phy_ai/.ihub/daksha/build/web_nav_site
[7.575s] Level 1:colcon.colcon_core.environment:create_environment_scripts_only(web_nav_site)
[7.576s] Level 1:colcon.colcon_core.environment:checking '/home/phy_ai/.ihub/daksha/install/web_nav_site' for CMake module files
[7.577s] DEBUG:colcon.colcon_core.event_handler.log_command:Invoked command in '/home/phy_ai/.ihub/daksha/build/web_nav_site' returned '0': CMAKE_PREFIX_PATH=${CMAKE_PREFIX_PATH}:/home/phy_ai/.barani/gen2_full/install/world_camera_launch:/home/phy_ai/.barani/gen2_full/install/gen2:/home/phy_ai/.barani/gen2_full/install/vr_teleop:/home/phy_ai/.barani/gen2_full/install/ros_tcp_endpoint:/home/phy_ai/.barani/gen2_full/install/nav_bringup:/home/phy_ai/.barani/gen2_full/install/nav2_config:/home/phy_ai/.barani/gen2_full/install/kinematics:/home/phy_ai/.barani/gen2_full/install/joint_cmd_logger:/home/phy_ai/.barani/gen2_full/install/joint_analyzer:/home/phy_ai/.barani/gen2_full/install/daksha_data_collection:/home/phy_ai/.barani/gen2_full/install/gen2_leader:/home/phy_ai/.barani/gen2_full/install/amr_bringup:/home/phy_ai/.barani/gen2_full/install/daksha_final_urdf_description:/home/phy_ai/.barani/gen2_full/install/daksha_description_full_body:/home/phy_ai/.barani/gen2_full/install/daksha_base_urdf:/home/phy_ai/.barani/gen2_full/install/daksha_api_bridge_leader:/home/phy_ai/.barani/gen2_full/install/daksha_api_bridge_follower:/opt/ros/humble /usr/bin/cmake --install /home/phy_ai/.ihub/daksha/build/web_nav_site
[7.581s] Level 1:colcon.colcon_core.environment:checking '/home/phy_ai/.ihub/daksha/install/web_nav_site' for CMake config files
[7.582s] Level 1:colcon.colcon_core.shell:create_environment_hook('web_nav_site', 'cmake_prefix_path')
[7.582s] INFO:colcon.colcon_core.shell:Creating environment hook '/home/phy_ai/.ihub/daksha/install/web_nav_site/share/web_nav_site/hook/cmake_prefix_path.ps1'
[7.583s] INFO:colcon.colcon_core.shell:Creating environment descriptor '/home/phy_ai/.ihub/daksha/install/web_nav_site/share/web_nav_site/hook/cmake_prefix_path.dsv'
[7.587s] INFO:colcon.colcon_core.shell:Creating environment hook '/home/phy_ai/.ihub/daksha/install/web_nav_site/share/web_nav_site/hook/cmake_prefix_path.sh'
[7.589s] Level 1:colcon.colcon_core.environment:checking '/home/phy_ai/.ihub/daksha/install/web_nav_site/lib'
[7.590s] Level 1:colcon.colcon_core.environment:checking '/home/phy_ai/.ihub/daksha/install/web_nav_site/bin'
[7.590s] Level 1:colcon.colcon_core.environment:checking '/home/phy_ai/.ihub/daksha/install/web_nav_site/lib/pkgconfig/web_nav_site.pc'
[7.593s] Level 1:colcon.colcon_core.environment:checking '/home/phy_ai/.ihub/daksha/install/web_nav_site/lib/python3.10/site-packages'
[7.594s] Level 1:colcon.colcon_core.environment:checking '/home/phy_ai/.ihub/daksha/install/web_nav_site/bin'
[7.595s] INFO:colcon.colcon_core.shell:Creating package script '/home/phy_ai/.ihub/daksha/install/web_nav_site/share/web_nav_site/package.ps1'
[7.596s] INFO:colcon.colcon_core.shell:Creating package descriptor '/home/phy_ai/.ihub/daksha/install/web_nav_site/share/web_nav_site/package.dsv'
[7.599s] INFO:colcon.colcon_core.shell:Creating package script '/home/phy_ai/.ihub/daksha/install/web_nav_site/share/web_nav_site/package.sh'
[7.600s] INFO:colcon.colcon_core.shell:Creating package script '/home/phy_ai/.ihub/daksha/install/web_nav_site/share/web_nav_site/package.bash'
[7.601s] INFO:colcon.colcon_core.shell:Creating package script '/home/phy_ai/.ihub/daksha/install/web_nav_site/share/web_nav_site/package.zsh'
[7.607s] Level 1:colcon.colcon_core.environment:create_file_with_runtime_dependencies(/home/phy_ai/.ihub/daksha/install/web_nav_site/share/colcon-core/packages/web_nav_site)
[7.608s] Level 1:colcon.colcon_core.environment:create_environment_scripts_only(web_nav_site)
[7.609s] Level 1:colcon.colcon_core.environment:checking '/home/phy_ai/.ihub/daksha/install/web_nav_site' for CMake module files
[7.614s] Level 1:colcon.colcon_core.environment:checking '/home/phy_ai/.ihub/daksha/install/web_nav_site' for CMake config files
[7.614s] Level 1:colcon.colcon_core.shell:create_environment_hook('web_nav_site', 'cmake_prefix_path')
[7.615s] INFO:colcon.colcon_core.shell:Creating environment hook '/home/phy_ai/.ihub/daksha/install/web_nav_site/share/web_nav_site/hook/cmake_prefix_path.ps1'
[7.616s] INFO:colcon.colcon_core.shell:Creating environment descriptor '/home/phy_ai/.ihub/daksha/install/web_nav_site/share/web_nav_site/hook/cmake_prefix_path.dsv'
[7.617s] INFO:colcon.colcon_core.shell:Creating environment hook '/home/phy_ai/.ihub/daksha/install/web_nav_site/share/web_nav_site/hook/cmake_prefix_path.sh'
[7.621s] Level 1:colcon.colcon_core.environment:checking '/home/phy_ai/.ihub/daksha/install/web_nav_site/lib'
[7.621s] Level 1:colcon.colcon_core.environment:checking '/home/phy_ai/.ihub/daksha/install/web_nav_site/bin'
[7.622s] Level 1:colcon.colcon_core.environment:checking '/home/phy_ai/.ihub/daksha/install/web_nav_site/lib/pkgconfig/web_nav_site.pc'
[7.622s] Level 1:colcon.colcon_core.environment:checking '/home/phy_ai/.ihub/daksha/install/web_nav_site/lib/python3.10/site-packages'
[7.623s] Level 1:colcon.colcon_core.environment:checking '/home/phy_ai/.ihub/daksha/install/web_nav_site/bin'
[7.624s] INFO:colcon.colcon_core.shell:Creating package script '/home/phy_ai/.ihub/daksha/install/web_nav_site/share/web_nav_site/package.ps1'
[7.625s] INFO:colcon.colcon_core.shell:Creating package descriptor '/home/phy_ai/.ihub/daksha/install/web_nav_site/share/web_nav_site/package.dsv'
[7.627s] INFO:colcon.colcon_core.shell:Creating package script '/home/phy_ai/.ihub/daksha/install/web_nav_site/share/web_nav_site/package.sh'
[7.628s] INFO:colcon.colcon_core.shell:Creating package script '/home/phy_ai/.ihub/daksha/install/web_nav_site/share/web_nav_site/package.bash'
[7.629s] INFO:colcon.colcon_core.shell:Creating package script '/home/phy_ai/.ihub/daksha/install/web_nav_site/share/web_nav_site/package.zsh'
[7.630s] Level 1:colcon.colcon_core.environment:create_file_with_runtime_dependencies(/home/phy_ai/.ihub/daksha/install/web_nav_site/share/colcon-core/packages/web_nav_site)
[8.200s] DEBUG:colcon.colcon_core.task.python.build:Available setuptools commands: install_scripts, register, bdist, build_clib, rotate, update_catalog, easy_install, install_egg_info, build_scripts, develop, dist_info, compile_catalog, sdist, clean, upload_docs, build_py, install_headers, setopt, check, upload, init_catalog, install_data, bdist_dumb, build_ext, symlink_data, extract_messages, bdist_wheel, bdist_egg, egg_info, test, install, bdist_rpm, saveopts, install_lib, alias, build
[8.214s] DEBUG:colcon.colcon_core.event_handler.log_command:Invoking command in '/home/phy_ai/.ihub/daksha/src/tele/vr_teleop': AMENT_PREFIX_PATH=/home/phy_ai/.ihub/daksha/install/kinematics:${AMENT_PREFIX_PATH} PYTHONPATH=/home/phy_ai/.ihub/daksha/build/vr_teleop/prefix_override:/usr/lib/python3/dist-packages/colcon_core/task/python/colcon_distutils_commands:/home/phy_ai/.ihub/daksha/install/vr_teleop/lib/python3.10/site-packages:/home/phy_ai/.ihub/daksha/install/kinematics/lib/python3.10/site-packages:${PYTHONPATH} /usr/bin/python3 -W ignore:setup.py install is deprecated -W ignore:easy_install command is deprecated setup.py egg_info --egg-base ../../../build/vr_teleop build --build-base /home/phy_ai/.ihub/daksha/build/vr_teleop/build install --record /home/phy_ai/.ihub/daksha/build/vr_teleop/install.log --install-scripts $base/lib/vr_teleop --single-version-externally-managed install_data
[8.260s] DEBUG:colcon.colcon_core.task.python.build:Available setuptools commands: install_scripts, register, bdist, build_clib, rotate, update_catalog, easy_install, install_egg_info, build_scripts, develop, dist_info, compile_catalog, sdist, clean, upload_docs, build_py, install_headers, setopt, check, upload, init_catalog, install_data, bdist_dumb, build_ext, symlink_data, extract_messages, bdist_wheel, bdist_egg, egg_info, test, install, bdist_rpm, saveopts, install_lib, alias, build
[8.269s] DEBUG:colcon.colcon_core.event_handler.log_command:Invoking command in '/home/phy_ai/.ihub/daksha/src/world_camera_launch': PYTHONPATH=/home/phy_ai/.ihub/daksha/build/world_camera_launch/prefix_override:/usr/lib/python3/dist-packages/colcon_core/task/python/colcon_distutils_commands:/home/phy_ai/.ihub/daksha/install/world_camera_launch/lib/python3.10/site-packages:${PYTHONPATH} /usr/bin/python3 -W ignore:setup.py install is deprecated -W ignore:easy_install command is deprecated setup.py egg_info --egg-base ../../build/world_camera_launch build --build-base /home/phy_ai/.ihub/daksha/build/world_camera_launch/build install --record /home/phy_ai/.ihub/daksha/build/world_camera_launch/install.log --install-scripts $base/lib/world_camera_launch --single-version-externally-managed install_data
[9.104s] Level 1:colcon.colcon_core.environment:checking '/home/phy_ai/.ihub/daksha/install/vr_teleop' for CMake module files
[9.108s] Level 1:colcon.colcon_core.environment:checking '/home/phy_ai/.ihub/daksha/install/vr_teleop' for CMake config files
[9.104s] DEBUG:colcon.colcon_core.event_handler.log_command:Invoked command in '/home/phy_ai/.ihub/daksha/src/tele/vr_teleop' returned '0': AMENT_PREFIX_PATH=/home/phy_ai/.ihub/daksha/install/kinematics:${AMENT_PREFIX_PATH} PYTHONPATH=/home/phy_ai/.ihub/daksha/build/vr_teleop/prefix_override:/usr/lib/python3/dist-packages/colcon_core/task/python/colcon_distutils_commands:/home/phy_ai/.ihub/daksha/install/vr_teleop/lib/python3.10/site-packages:/home/phy_ai/.ihub/daksha/install/kinematics/lib/python3.10/site-packages:${PYTHONPATH} /usr/bin/python3 -W ignore:setup.py install is deprecated -W ignore:easy_install command is deprecated setup.py egg_info --egg-base ../../../build/vr_teleop build --build-base /home/phy_ai/.ihub/daksha/build/vr_teleop/build install --record /home/phy_ai/.ihub/daksha/build/vr_teleop/install.log --install-scripts $base/lib/vr_teleop --single-version-externally-managed install_data
[9.109s] Level 1:colcon.colcon_core.environment:checking '/home/phy_ai/.ihub/daksha/install/vr_teleop/lib'
[9.109s] Level 1:colcon.colcon_core.environment:checking '/home/phy_ai/.ihub/daksha/install/vr_teleop/bin'
[9.109s] Level 1:colcon.colcon_core.environment:checking '/home/phy_ai/.ihub/daksha/install/vr_teleop/lib/pkgconfig/vr_teleop.pc'
[9.110s] Level 1:colcon.colcon_core.environment:checking '/home/phy_ai/.ihub/daksha/install/vr_teleop/lib/python3.10/site-packages'
[9.110s] Level 1:colcon.colcon_core.shell:create_environment_hook('vr_teleop', 'pythonpath')
[9.111s] INFO:colcon.colcon_core.shell:Creating environment hook '/home/phy_ai/.ihub/daksha/install/vr_teleop/share/vr_teleop/hook/pythonpath.ps1'
[9.115s] INFO:colcon.colcon_core.shell:Creating environment descriptor '/home/phy_ai/.ihub/daksha/install/vr_teleop/share/vr_teleop/hook/pythonpath.dsv'
[9.115s] INFO:colcon.colcon_core.shell:Creating environment hook '/home/phy_ai/.ihub/daksha/install/vr_teleop/share/vr_teleop/hook/pythonpath.sh'
[9.120s] Level 1:colcon.colcon_core.environment:checking '/home/phy_ai/.ihub/daksha/install/vr_teleop/bin'
[9.120s] Level 1:colcon.colcon_core.environment:create_environment_scripts_only(vr_teleop)
[9.121s] INFO:colcon.colcon_core.shell:Creating package script '/home/phy_ai/.ihub/daksha/install/vr_teleop/share/vr_teleop/package.ps1'
[9.123s] INFO:colcon.colcon_core.shell:Creating package descriptor '/home/phy_ai/.ihub/daksha/install/vr_teleop/share/vr_teleop/package.dsv'
[9.127s] INFO:colcon.colcon_core.shell:Creating package script '/home/phy_ai/.ihub/daksha/install/vr_teleop/share/vr_teleop/package.sh'
[9.128s] INFO:colcon.colcon_core.shell:Creating package script '/home/phy_ai/.ihub/daksha/install/vr_teleop/share/vr_teleop/package.bash'
[9.132s] INFO:colcon.colcon_core.shell:Creating package script '/home/phy_ai/.ihub/daksha/install/vr_teleop/share/vr_teleop/package.zsh'
[9.137s] Level 1:colcon.colcon_core.environment:create_file_with_runtime_dependencies(/home/phy_ai/.ihub/daksha/install/vr_teleop/share/colcon-core/packages/vr_teleop)
[9.169s] Level 1:colcon.colcon_core.environment:checking '/home/phy_ai/.ihub/daksha/install/world_camera_launch' for CMake module files
[9.170s] Level 1:colcon.colcon_core.environment:checking '/home/phy_ai/.ihub/daksha/install/world_camera_launch' for CMake config files
[9.171s] Level 1:colcon.colcon_core.environment:checking '/home/phy_ai/.ihub/daksha/install/world_camera_launch/lib'
[9.171s] Level 1:colcon.colcon_core.environment:checking '/home/phy_ai/.ihub/daksha/install/world_camera_launch/bin'
[9.171s] Level 1:colcon.colcon_core.environment:checking '/home/phy_ai/.ihub/daksha/install/world_camera_launch/lib/pkgconfig/world_camera_launch.pc'
[9.172s] Level 1:colcon.colcon_core.environment:checking '/home/phy_ai/.ihub/daksha/install/world_camera_launch/lib/python3.10/site-packages'
[9.174s] Level 1:colcon.colcon_core.shell:create_environment_hook('world_camera_launch', 'pythonpath')
[9.175s] DEBUG:colcon.colcon_core.event_handler.log_command:Invoked command in '/home/phy_ai/.ihub/daksha/src/world_camera_launch' returned '0': PYTHONPATH=/home/phy_ai/.ihub/daksha/build/world_camera_launch/prefix_override:/usr/lib/python3/dist-packages/colcon_core/task/python/colcon_distutils_commands:/home/phy_ai/.ihub/daksha/install/world_camera_launch/lib/python3.10/site-packages:${PYTHONPATH} /usr/bin/python3 -W ignore:setup.py install is deprecated -W ignore:easy_install command is deprecated setup.py egg_info --egg-base ../../build/world_camera_launch build --build-base /home/phy_ai/.ihub/daksha/build/world_camera_launch/build install --record /home/phy_ai/.ihub/daksha/build/world_camera_launch/install.log --install-scripts $base/lib/world_camera_launch --single-version-externally-managed install_data
[9.178s] INFO:colcon.colcon_core.shell:Creating environment hook '/home/phy_ai/.ihub/daksha/install/world_camera_launch/share/world_camera_launch/hook/pythonpath.ps1'
[9.180s] INFO:colcon.colcon_core.shell:Creating environment descriptor '/home/phy_ai/.ihub/daksha/install/world_camera_launch/share/world_camera_launch/hook/pythonpath.dsv'
[9.181s] INFO:colcon.colcon_core.shell:Creating environment hook '/home/phy_ai/.ihub/daksha/install/world_camera_launch/share/world_camera_launch/hook/pythonpath.sh'
[9.182s] Level 1:colcon.colcon_core.environment:checking '/home/phy_ai/.ihub/daksha/install/world_camera_launch/bin'
[9.182s] Level 1:colcon.colcon_core.environment:create_environment_scripts_only(world_camera_launch)
[9.183s] INFO:colcon.colcon_core.shell:Creating package script '/home/phy_ai/.ihub/daksha/install/world_camera_launch/share/world_camera_launch/package.ps1'
[9.184s] INFO:colcon.colcon_core.shell:Creating package descriptor '/home/phy_ai/.ihub/daksha/install/world_camera_launch/share/world_camera_launch/package.dsv'
[9.185s] INFO:colcon.colcon_core.shell:Creating package script '/home/phy_ai/.ihub/daksha/install/world_camera_launch/share/world_camera_launch/package.sh'
[9.186s] INFO:colcon.colcon_core.shell:Creating package script '/home/phy_ai/.ihub/daksha/install/world_camera_launch/share/world_camera_launch/package.bash'
[9.187s] INFO:colcon.colcon_core.shell:Creating package script '/home/phy_ai/.ihub/daksha/install/world_camera_launch/share/world_camera_launch/package.zsh'
[9.187s] Level 1:colcon.colcon_core.environment:create_file_with_runtime_dependencies(/home/phy_ai/.ihub/daksha/install/world_camera_launch/share/colcon-core/packages/world_camera_launch)
[10.905s] DEBUG:colcon.colcon_core.event_handler.log_command:Invoked command in '/home/phy_ai/.ihub/daksha/build/daksha_msgs' returned '0': CMAKE_PREFIX_PATH=${CMAKE_PREFIX_PATH}:/home/phy_ai/.barani/gen2_full/install/world_camera_launch:/home/phy_ai/.barani/gen2_full/install/gen2:/home/phy_ai/.barani/gen2_full/install/vr_teleop:/home/phy_ai/.barani/gen2_full/install/ros_tcp_endpoint:/home/phy_ai/.barani/gen2_full/install/nav_bringup:/home/phy_ai/.barani/gen2_full/install/nav2_config:/home/phy_ai/.barani/gen2_full/install/kinematics:/home/phy_ai/.barani/gen2_full/install/joint_cmd_logger:/home/phy_ai/.barani/gen2_full/install/joint_analyzer:/home/phy_ai/.barani/gen2_full/install/daksha_data_collection:/home/phy_ai/.barani/gen2_full/install/gen2_leader:/home/phy_ai/.barani/gen2_full/install/amr_bringup:/home/phy_ai/.barani/gen2_full/install/daksha_final_urdf_description:/home/phy_ai/.barani/gen2_full/install/daksha_description_full_body:/home/phy_ai/.barani/gen2_full/install/daksha_base_urdf:/home/phy_ai/.barani/gen2_full/install/daksha_api_bridge_leader:/home/phy_ai/.barani/gen2_full/install/daksha_api_bridge_follower:/opt/ros/humble /usr/bin/cmake --build /home/phy_ai/.ihub/daksha/build/daksha_msgs -- -j16 -l16
[10.908s] DEBUG:colcon.colcon_core.event_handler.log_command:Invoking command in '/home/phy_ai/.ihub/daksha/build/daksha_msgs': CMAKE_PREFIX_PATH=${CMAKE_PREFIX_PATH}:/home/phy_ai/.barani/gen2_full/install/world_camera_launch:/home/phy_ai/.barani/gen2_full/install/gen2:/home/phy_ai/.barani/gen2_full/install/vr_teleop:/home/phy_ai/.barani/gen2_full/install/ros_tcp_endpoint:/home/phy_ai/.barani/gen2_full/install/nav_bringup:/home/phy_ai/.barani/gen2_full/install/nav2_config:/home/phy_ai/.barani/gen2_full/install/kinematics:/home/phy_ai/.barani/gen2_full/install/joint_cmd_logger:/home/phy_ai/.barani/gen2_full/install/joint_analyzer:/home/phy_ai/.barani/gen2_full/install/daksha_data_collection:/home/phy_ai/.barani/gen2_full/install/gen2_leader:/home/phy_ai/.barani/gen2_full/install/amr_bringup:/home/phy_ai/.barani/gen2_full/install/daksha_final_urdf_description:/home/phy_ai/.barani/gen2_full/install/daksha_description_full_body:/home/phy_ai/.barani/gen2_full/install/daksha_base_urdf:/home/phy_ai/.barani/gen2_full/install/daksha_api_bridge_leader:/home/phy_ai/.barani/gen2_full/install/daksha_api_bridge_follower:/opt/ros/humble /usr/bin/cmake --install /home/phy_ai/.ihub/daksha/build/daksha_msgs
[11.135s] Level 1:colcon.colcon_core.environment:create_environment_scripts_only(daksha_msgs)
[11.137s] Level 1:colcon.colcon_core.environment:checking '/home/phy_ai/.ihub/daksha/install/daksha_msgs' for CMake module files
[11.139s] Level 1:colcon.colcon_core.environment:checking '/home/phy_ai/.ihub/daksha/install/daksha_msgs' for CMake config files
[11.139s] Level 1:colcon.colcon_core.shell:create_environment_hook('daksha_msgs', 'cmake_prefix_path')
[11.140s] INFO:colcon.colcon_core.shell:Creating environment hook '/home/phy_ai/.ihub/daksha/install/daksha_msgs/share/daksha_msgs/hook/cmake_prefix_path.ps1'
[11.140s] DEBUG:colcon.colcon_core.event_handler.log_command:Invoked command in '/home/phy_ai/.ihub/daksha/build/daksha_msgs' returned '0': CMAKE_PREFIX_PATH=${CMAKE_PREFIX_PATH}:/home/phy_ai/.barani/gen2_full/install/world_camera_launch:/home/phy_ai/.barani/gen2_full/install/gen2:/home/phy_ai/.barani/gen2_full/install/vr_teleop:/home/phy_ai/.barani/gen2_full/install/ros_tcp_endpoint:/home/phy_ai/.barani/gen2_full/install/nav_bringup:/home/phy_ai/.barani/gen2_full/install/nav2_config:/home/phy_ai/.barani/gen2_full/install/kinematics:/home/phy_ai/.barani/gen2_full/install/joint_cmd_logger:/home/phy_ai/.barani/gen2_full/install/joint_analyzer:/home/phy_ai/.barani/gen2_full/install/daksha_data_collection:/home/phy_ai/.barani/gen2_full/install/gen2_leader:/home/phy_ai/.barani/gen2_full/install/amr_bringup:/home/phy_ai/.barani/gen2_full/install/daksha_final_urdf_description:/home/phy_ai/.barani/gen2_full/install/daksha_description_full_body:/home/phy_ai/.barani/gen2_full/install/daksha_base_urdf:/home/phy_ai/.barani/gen2_full/install/daksha_api_bridge_leader:/home/phy_ai/.barani/gen2_full/install/daksha_api_bridge_follower:/opt/ros/humble /usr/bin/cmake --install /home/phy_ai/.ihub/daksha/build/daksha_msgs
[11.145s] INFO:colcon.colcon_core.shell:Creating environment descriptor '/home/phy_ai/.ihub/daksha/install/daksha_msgs/share/daksha_msgs/hook/cmake_prefix_path.dsv'
[11.145s] INFO:colcon.colcon_core.shell:Creating environment hook '/home/phy_ai/.ihub/daksha/install/daksha_msgs/share/daksha_msgs/hook/cmake_prefix_path.sh'
[11.146s] Level 1:colcon.colcon_core.environment:checking '/home/phy_ai/.ihub/daksha/install/daksha_msgs/lib'
[11.147s] Level 1:colcon.colcon_core.shell:create_environment_hook('daksha_msgs', 'ld_library_path_lib')
[11.150s] INFO:colcon.colcon_core.shell:Creating environment hook '/home/phy_ai/.ihub/daksha/install/daksha_msgs/share/daksha_msgs/hook/ld_library_path_lib.ps1'
[11.151s] INFO:colcon.colcon_core.shell:Creating environment descriptor '/home/phy_ai/.ihub/daksha/install/daksha_msgs/share/daksha_msgs/hook/ld_library_path_lib.dsv'
[11.152s] INFO:colcon.colcon_core.shell:Creating environment hook '/home/phy_ai/.ihub/daksha/install/daksha_msgs/share/daksha_msgs/hook/ld_library_path_lib.sh'
[11.156s] Level 1:colcon.colcon_core.environment:checking '/home/phy_ai/.ihub/daksha/install/daksha_msgs/bin'
[11.156s] Level 1:colcon.colcon_core.environment:checking '/home/phy_ai/.ihub/daksha/install/daksha_msgs/lib/pkgconfig/daksha_msgs.pc'
[11.157s] Level 1:colcon.colcon_core.environment:checking '/home/phy_ai/.ihub/daksha/install/daksha_msgs/lib/python3.10/site-packages'
[11.158s] Level 1:colcon.colcon_core.environment:checking '/home/phy_ai/.ihub/daksha/install/daksha_msgs/bin'
[11.159s] INFO:colcon.colcon_core.shell:Creating package script '/home/phy_ai/.ihub/daksha/install/daksha_msgs/share/daksha_msgs/package.ps1'
[11.163s] INFO:colcon.colcon_core.shell:Creating package descriptor '/home/phy_ai/.ihub/daksha/install/daksha_msgs/share/daksha_msgs/package.dsv'
[11.164s] INFO:colcon.colcon_core.shell:Creating package script '/home/phy_ai/.ihub/daksha/install/daksha_msgs/share/daksha_msgs/package.sh'
[11.168s] INFO:colcon.colcon_core.shell:Creating package script '/home/phy_ai/.ihub/daksha/install/daksha_msgs/share/daksha_msgs/package.bash'
[11.169s] INFO:colcon.colcon_core.shell:Creating package script '/home/phy_ai/.ihub/daksha/install/daksha_msgs/share/daksha_msgs/package.zsh'
[11.170s] Level 1:colcon.colcon_core.environment:create_file_with_runtime_dependencies(/home/phy_ai/.ihub/daksha/install/daksha_msgs/share/colcon-core/packages/daksha_msgs)
[11.174s] Level 1:colcon.colcon_core.environment:create_environment_scripts_only(daksha_msgs)
[11.175s] Level 1:colcon.colcon_core.environment:checking '/home/phy_ai/.ihub/daksha/install/daksha_msgs' for CMake module files
[11.176s] Level 1:colcon.colcon_core.environment:checking '/home/phy_ai/.ihub/daksha/install/daksha_msgs' for CMake config files
[11.180s] Level 1:colcon.colcon_core.shell:create_environment_hook('daksha_msgs', 'cmake_prefix_path')
[11.181s] INFO:colcon.colcon_core.shell:Creating environment hook '/home/phy_ai/.ihub/daksha/install/daksha_msgs/share/daksha_msgs/hook/cmake_prefix_path.ps1'
[11.181s] INFO:colcon.colcon_core.shell:Creating environment descriptor '/home/phy_ai/.ihub/daksha/install/daksha_msgs/share/daksha_msgs/hook/cmake_prefix_path.dsv'
[11.186s] INFO:colcon.colcon_core.shell:Creating environment hook '/home/phy_ai/.ihub/daksha/install/daksha_msgs/share/daksha_msgs/hook/cmake_prefix_path.sh'
[11.188s] Level 1:colcon.colcon_core.environment:checking '/home/phy_ai/.ihub/daksha/install/daksha_msgs/lib'
[11.188s] Level 1:colcon.colcon_core.shell:create_environment_hook('daksha_msgs', 'ld_library_path_lib')
[11.188s] INFO:colcon.colcon_core.shell:Creating environment hook '/home/phy_ai/.ihub/daksha/install/daksha_msgs/share/daksha_msgs/hook/ld_library_path_lib.ps1'
[11.193s] INFO:colcon.colcon_core.shell:Creating environment descriptor '/home/phy_ai/.ihub/daksha/install/daksha_msgs/share/daksha_msgs/hook/ld_library_path_lib.dsv'
[11.195s] INFO:colcon.colcon_core.shell:Creating environment hook '/home/phy_ai/.ihub/daksha/install/daksha_msgs/share/daksha_msgs/hook/ld_library_path_lib.sh'
[11.196s] Level 1:colcon.colcon_core.environment:checking '/home/phy_ai/.ihub/daksha/install/daksha_msgs/bin'
[11.196s] Level 1:colcon.colcon_core.environment:checking '/home/phy_ai/.ihub/daksha/install/daksha_msgs/lib/pkgconfig/daksha_msgs.pc'
[11.197s] Level 1:colcon.colcon_core.environment:checking '/home/phy_ai/.ihub/daksha/install/daksha_msgs/lib/python3.10/site-packages'
[11.197s] Level 1:colcon.colcon_core.environment:checking '/home/phy_ai/.ihub/daksha/install/daksha_msgs/bin'
[11.201s] INFO:colcon.colcon_core.shell:Creating package script '/home/phy_ai/.ihub/daksha/install/daksha_msgs/share/daksha_msgs/package.ps1'
[11.203s] INFO:colcon.colcon_core.shell:Creating package descriptor '/home/phy_ai/.ihub/daksha/install/daksha_msgs/share/daksha_msgs/package.dsv'
[11.207s] INFO:colcon.colcon_core.shell:Creating package script '/home/phy_ai/.ihub/daksha/install/daksha_msgs/share/daksha_msgs/package.sh'
[11.208s] INFO:colcon.colcon_core.shell:Creating package script '/home/phy_ai/.ihub/daksha/install/daksha_msgs/share/daksha_msgs/package.bash'
[11.213s] INFO:colcon.colcon_core.shell:Creating package script '/home/phy_ai/.ihub/daksha/install/daksha_msgs/share/daksha_msgs/package.zsh'
[11.214s] Level 1:colcon.colcon_core.environment:create_file_with_runtime_dependencies(/home/phy_ai/.ihub/daksha/install/daksha_msgs/share/colcon-core/packages/daksha_msgs)
[14.668s] DEBUG:colcon.colcon_core.event_handler.log_command:Invoked command in '/home/phy_ai/.ihub/daksha/build/collision_management' returned '0': AMENT_PREFIX_PATH=/home/phy_ai/.ihub/daksha/install/kinematics:/home/phy_ai/.ihub/daksha/install/daksha_description_full_body:${AMENT_PREFIX_PATH} CMAKE_PREFIX_PATH=${CMAKE_PREFIX_PATH}:/home/phy_ai/.barani/gen2_full/install/world_camera_launch:/home/phy_ai/.barani/gen2_full/install/gen2:/home/phy_ai/.barani/gen2_full/install/vr_teleop:/home/phy_ai/.barani/gen2_full/install/ros_tcp_endpoint:/home/phy_ai/.barani/gen2_full/install/nav_bringup:/home/phy_ai/.barani/gen2_full/install/nav2_config:/home/phy_ai/.barani/gen2_full/install/kinematics:/home/phy_ai/.barani/gen2_full/install/joint_cmd_logger:/home/phy_ai/.barani/gen2_full/install/joint_analyzer:/home/phy_ai/.barani/gen2_full/install/daksha_data_collection:/home/phy_ai/.barani/gen2_full/install/gen2_leader:/home/phy_ai/.barani/gen2_full/install/amr_bringup:/home/phy_ai/.barani/gen2_full/install/daksha_final_urdf_description:/home/phy_ai/.barani/gen2_full/install/daksha_description_full_body:/home/phy_ai/.barani/gen2_full/install/daksha_base_urdf:/home/phy_ai/.barani/gen2_full/install/daksha_api_bridge_leader:/home/phy_ai/.barani/gen2_full/install/daksha_api_bridge_follower:/opt/ros/humble PYTHONPATH=/home/phy_ai/.ihub/daksha/install/kinematics/lib/python3.10/site-packages:/home/phy_ai/.ihub/daksha/install/daksha_description_full_body/lib/python3.10/site-packages:${PYTHONPATH} /usr/bin/cmake /home/phy_ai/.ihub/daksha/src/controllers/collision_management -DCMAKE_INSTALL_PREFIX=/home/phy_ai/.ihub/daksha/install/collision_management
[14.671s] DEBUG:colcon.colcon_core.event_handler.log_command:Invoking command in '/home/phy_ai/.ihub/daksha/build/collision_management': AMENT_PREFIX_PATH=/home/phy_ai/.ihub/daksha/install/kinematics:/home/phy_ai/.ihub/daksha/install/daksha_description_full_body:${AMENT_PREFIX_PATH} CMAKE_PREFIX_PATH=${CMAKE_PREFIX_PATH}:/home/phy_ai/.barani/gen2_full/install/world_camera_launch:/home/phy_ai/.barani/gen2_full/install/gen2:/home/phy_ai/.barani/gen2_full/install/vr_teleop:/home/phy_ai/.barani/gen2_full/install/ros_tcp_endpoint:/home/phy_ai/.barani/gen2_full/install/nav_bringup:/home/phy_ai/.barani/gen2_full/install/nav2_config:/home/phy_ai/.barani/gen2_full/install/kinematics:/home/phy_ai/.barani/gen2_full/install/joint_cmd_logger:/home/phy_ai/.barani/gen2_full/install/joint_analyzer:/home/phy_ai/.barani/gen2_full/install/daksha_data_collection:/home/phy_ai/.barani/gen2_full/install/gen2_leader:/home/phy_ai/.barani/gen2_full/install/amr_bringup:/home/phy_ai/.barani/gen2_full/install/daksha_final_urdf_description:/home/phy_ai/.barani/gen2_full/install/daksha_description_full_body:/home/phy_ai/.barani/gen2_full/install/daksha_base_urdf:/home/phy_ai/.barani/gen2_full/install/daksha_api_bridge_leader:/home/phy_ai/.barani/gen2_full/install/daksha_api_bridge_follower:/opt/ros/humble PYTHONPATH=/home/phy_ai/.ihub/daksha/install/kinematics/lib/python3.10/site-packages:/home/phy_ai/.ihub/daksha/install/daksha_description_full_body/lib/python3.10/site-packages:${PYTHONPATH} /usr/bin/cmake --build /home/phy_ai/.ihub/daksha/build/collision_management -- -j16 -l16
[16.789s] DEBUG:colcon.colcon_core.event_handler.log_command:Invoked command in '/home/phy_ai/.ihub/daksha/build/gesture_management' returned '0': CMAKE_PREFIX_PATH=${CMAKE_PREFIX_PATH}:/home/phy_ai/.barani/gen2_full/install/world_camera_launch:/home/phy_ai/.barani/gen2_full/install/gen2:/home/phy_ai/.barani/gen2_full/install/vr_teleop:/home/phy_ai/.barani/gen2_full/install/ros_tcp_endpoint:/home/phy_ai/.barani/gen2_full/install/nav_bringup:/home/phy_ai/.barani/gen2_full/install/nav2_config:/home/phy_ai/.barani/gen2_full/install/kinematics:/home/phy_ai/.barani/gen2_full/install/joint_cmd_logger:/home/phy_ai/.barani/gen2_full/install/joint_analyzer:/home/phy_ai/.barani/gen2_full/install/daksha_data_collection:/home/phy_ai/.barani/gen2_full/install/gen2_leader:/home/phy_ai/.barani/gen2_full/install/amr_bringup:/home/phy_ai/.barani/gen2_full/install/daksha_final_urdf_description:/home/phy_ai/.barani/gen2_full/install/daksha_description_full_body:/home/phy_ai/.barani/gen2_full/install/daksha_base_urdf:/home/phy_ai/.barani/gen2_full/install/daksha_api_bridge_leader:/home/phy_ai/.barani/gen2_full/install/daksha_api_bridge_follower:/opt/ros/humble /usr/bin/cmake --build /home/phy_ai/.ihub/daksha/build/gesture_management -- -j16 -l16
[16.792s] DEBUG:colcon.colcon_core.event_handler.log_command:Invoking command in '/home/phy_ai/.ihub/daksha/build/gesture_management': CMAKE_PREFIX_PATH=${CMAKE_PREFIX_PATH}:/home/phy_ai/.barani/gen2_full/install/world_camera_launch:/home/phy_ai/.barani/gen2_full/install/gen2:/home/phy_ai/.barani/gen2_full/install/vr_teleop:/home/phy_ai/.barani/gen2_full/install/ros_tcp_endpoint:/home/phy_ai/.barani/gen2_full/install/nav_bringup:/home/phy_ai/.barani/gen2_full/install/nav2_config:/home/phy_ai/.barani/gen2_full/install/kinematics:/home/phy_ai/.barani/gen2_full/install/joint_cmd_logger:/home/phy_ai/.barani/gen2_full/install/joint_analyzer:/home/phy_ai/.barani/gen2_full/install/daksha_data_collection:/home/phy_ai/.barani/gen2_full/install/gen2_leader:/home/phy_ai/.barani/gen2_full/install/amr_bringup:/home/phy_ai/.barani/gen2_full/install/daksha_final_urdf_description:/home/phy_ai/.barani/gen2_full/install/daksha_description_full_body:/home/phy_ai/.barani/gen2_full/install/daksha_base_urdf:/home/phy_ai/.barani/gen2_full/install/daksha_api_bridge_leader:/home/phy_ai/.barani/gen2_full/install/daksha_api_bridge_follower:/opt/ros/humble /usr/bin/cmake --install /home/phy_ai/.ihub/daksha/build/gesture_management
[16.966s] Level 1:colcon.colcon_core.environment:create_environment_scripts_only(gesture_management)
[16.966s] Level 1:colcon.colcon_core.environment:checking '/home/phy_ai/.ihub/daksha/install/gesture_management' for CMake module files
[16.967s] DEBUG:colcon.colcon_core.event_handler.log_command:Invoked command in '/home/phy_ai/.ihub/daksha/build/gesture_management' returned '0': CMAKE_PREFIX_PATH=${CMAKE_PREFIX_PATH}:/home/phy_ai/.barani/gen2_full/install/world_camera_launch:/home/phy_ai/.barani/gen2_full/install/gen2:/home/phy_ai/.barani/gen2_full/install/vr_teleop:/home/phy_ai/.barani/gen2_full/install/ros_tcp_endpoint:/home/phy_ai/.barani/gen2_full/install/nav_bringup:/home/phy_ai/.barani/gen2_full/install/nav2_config:/home/phy_ai/.barani/gen2_full/install/kinematics:/home/phy_ai/.barani/gen2_full/install/joint_cmd_logger:/home/phy_ai/.barani/gen2_full/install/joint_analyzer:/home/phy_ai/.barani/gen2_full/install/daksha_data_collection:/home/phy_ai/.barani/gen2_full/install/gen2_leader:/home/phy_ai/.barani/gen2_full/install/amr_bringup:/home/phy_ai/.barani/gen2_full/install/daksha_final_urdf_description:/home/phy_ai/.barani/gen2_full/install/daksha_description_full_body:/home/phy_ai/.barani/gen2_full/install/daksha_base_urdf:/home/phy_ai/.barani/gen2_full/install/daksha_api_bridge_leader:/home/phy_ai/.barani/gen2_full/install/daksha_api_bridge_follower:/opt/ros/humble /usr/bin/cmake --install /home/phy_ai/.ihub/daksha/build/gesture_management
[16.968s] Level 1:colcon.colcon_core.environment:checking '/home/phy_ai/.ihub/daksha/install/gesture_management' for CMake config files
[16.968s] Level 1:colcon.colcon_core.shell:create_environment_hook('gesture_management', 'cmake_prefix_path')
[16.969s] INFO:colcon.colcon_core.shell:Creating environment hook '/home/phy_ai/.ihub/daksha/install/gesture_management/share/gesture_management/hook/cmake_prefix_path.ps1'
[16.969s] INFO:colcon.colcon_core.shell:Creating environment descriptor '/home/phy_ai/.ihub/daksha/install/gesture_management/share/gesture_management/hook/cmake_prefix_path.dsv'
[16.970s] INFO:colcon.colcon_core.shell:Creating environment hook '/home/phy_ai/.ihub/daksha/install/gesture_management/share/gesture_management/hook/cmake_prefix_path.sh'
[16.970s] Level 1:colcon.colcon_core.environment:checking '/home/phy_ai/.ihub/daksha/install/gesture_management/lib'
[16.970s] Level 1:colcon.colcon_core.shell:create_environment_hook('gesture_management', 'ld_library_path_lib')
[16.970s] INFO:colcon.colcon_core.shell:Creating environment hook '/home/phy_ai/.ihub/daksha/install/gesture_management/share/gesture_management/hook/ld_library_path_lib.ps1'
[16.971s] INFO:colcon.colcon_core.shell:Creating environment descriptor '/home/phy_ai/.ihub/daksha/install/gesture_management/share/gesture_management/hook/ld_library_path_lib.dsv'
[16.971s] INFO:colcon.colcon_core.shell:Creating environment hook '/home/phy_ai/.ihub/daksha/install/gesture_management/share/gesture_management/hook/ld_library_path_lib.sh'
[16.972s] Level 1:colcon.colcon_core.environment:checking '/home/phy_ai/.ihub/daksha/install/gesture_management/bin'
[16.972s] Level 1:colcon.colcon_core.environment:checking '/home/phy_ai/.ihub/daksha/install/gesture_management/lib/pkgconfig/gesture_management.pc'
[16.972s] Level 1:colcon.colcon_core.environment:checking '/home/phy_ai/.ihub/daksha/install/gesture_management/lib/python3.10/site-packages'
[16.972s] Level 1:colcon.colcon_core.environment:checking '/home/phy_ai/.ihub/daksha/install/gesture_management/bin'
[16.973s] INFO:colcon.colcon_core.shell:Creating package script '/home/phy_ai/.ihub/daksha/install/gesture_management/share/gesture_management/package.ps1'
[16.973s] INFO:colcon.colcon_core.shell:Creating package descriptor '/home/phy_ai/.ihub/daksha/install/gesture_management/share/gesture_management/package.dsv'
[16.974s] INFO:colcon.colcon_core.shell:Creating package script '/home/phy_ai/.ihub/daksha/install/gesture_management/share/gesture_management/package.sh'
[16.974s] INFO:colcon.colcon_core.shell:Creating package script '/home/phy_ai/.ihub/daksha/install/gesture_management/share/gesture_management/package.bash'
[16.975s] INFO:colcon.colcon_core.shell:Creating package script '/home/phy_ai/.ihub/daksha/install/gesture_management/share/gesture_management/package.zsh'
[16.975s] Level 1:colcon.colcon_core.environment:create_file_with_runtime_dependencies(/home/phy_ai/.ihub/daksha/install/gesture_management/share/colcon-core/packages/gesture_management)
[16.976s] Level 1:colcon.colcon_core.environment:create_environment_scripts_only(gesture_management)
[16.976s] Level 1:colcon.colcon_core.environment:checking '/home/phy_ai/.ihub/daksha/install/gesture_management' for CMake module files
[16.977s] Level 1:colcon.colcon_core.environment:checking '/home/phy_ai/.ihub/daksha/install/gesture_management' for CMake config files
[16.977s] Level 1:colcon.colcon_core.shell:create_environment_hook('gesture_management', 'cmake_prefix_path')
[16.977s] INFO:colcon.colcon_core.shell:Creating environment hook '/home/phy_ai/.ihub/daksha/install/gesture_management/share/gesture_management/hook/cmake_prefix_path.ps1'
[16.978s] INFO:colcon.colcon_core.shell:Creating environment descriptor '/home/phy_ai/.ihub/daksha/install/gesture_management/share/gesture_management/hook/cmake_prefix_path.dsv'
[16.978s] INFO:colcon.colcon_core.shell:Creating environment hook '/home/phy_ai/.ihub/daksha/install/gesture_management/share/gesture_management/hook/cmake_prefix_path.sh'
[16.978s] Level 1:colcon.colcon_core.environment:checking '/home/phy_ai/.ihub/daksha/install/gesture_management/lib'
[16.979s] Level 1:colcon.colcon_core.shell:create_environment_hook('gesture_management', 'ld_library_path_lib')
[16.979s] INFO:colcon.colcon_core.shell:Creating environment hook '/home/phy_ai/.ihub/daksha/install/gesture_management/share/gesture_management/hook/ld_library_path_lib.ps1'
[16.979s] INFO:colcon.colcon_core.shell:Creating environment descriptor '/home/phy_ai/.ihub/daksha/install/gesture_management/share/gesture_management/hook/ld_library_path_lib.dsv'
[16.980s] INFO:colcon.colcon_core.shell:Creating environment hook '/home/phy_ai/.ihub/daksha/install/gesture_management/share/gesture_management/hook/ld_library_path_lib.sh'
[16.980s] Level 1:colcon.colcon_core.environment:checking '/home/phy_ai/.ihub/daksha/install/gesture_management/bin'
[16.980s] Level 1:colcon.colcon_core.environment:checking '/home/phy_ai/.ihub/daksha/install/gesture_management/lib/pkgconfig/gesture_management.pc'
[16.980s] Level 1:colcon.colcon_core.environment:checking '/home/phy_ai/.ihub/daksha/install/gesture_management/lib/python3.10/site-packages'
[16.981s] Level 1:colcon.colcon_core.environment:checking '/home/phy_ai/.ihub/daksha/install/gesture_management/bin'
[16.981s] INFO:colcon.colcon_core.shell:Creating package script '/home/phy_ai/.ihub/daksha/install/gesture_management/share/gesture_management/package.ps1'
[16.982s] INFO:colcon.colcon_core.shell:Creating package descriptor '/home/phy_ai/.ihub/daksha/install/gesture_management/share/gesture_management/package.dsv'
[16.983s] INFO:colcon.colcon_core.shell:Creating package script '/home/phy_ai/.ihub/daksha/install/gesture_management/share/gesture_management/package.sh'
[16.983s] INFO:colcon.colcon_core.shell:Creating package script '/home/phy_ai/.ihub/daksha/install/gesture_management/share/gesture_management/package.bash'
[16.984s] INFO:colcon.colcon_core.shell:Creating package script '/home/phy_ai/.ihub/daksha/install/gesture_management/share/gesture_management/package.zsh'
[16.984s] Level 1:colcon.colcon_core.environment:create_file_with_runtime_dependencies(/home/phy_ai/.ihub/daksha/install/gesture_management/share/colcon-core/packages/gesture_management)
[17.742s] DEBUG:colcon.colcon_core.event_handler.log_command:Invoked command in '/home/phy_ai/.ihub/daksha/build/collision_management' returned '0': AMENT_PREFIX_PATH=/home/phy_ai/.ihub/daksha/install/kinematics:/home/phy_ai/.ihub/daksha/install/daksha_description_full_body:${AMENT_PREFIX_PATH} CMAKE_PREFIX_PATH=${CMAKE_PREFIX_PATH}:/home/phy_ai/.barani/gen2_full/install/world_camera_launch:/home/phy_ai/.barani/gen2_full/install/gen2:/home/phy_ai/.barani/gen2_full/install/vr_teleop:/home/phy_ai/.barani/gen2_full/install/ros_tcp_endpoint:/home/phy_ai/.barani/gen2_full/install/nav_bringup:/home/phy_ai/.barani/gen2_full/install/nav2_config:/home/phy_ai/.barani/gen2_full/install/kinematics:/home/phy_ai/.barani/gen2_full/install/joint_cmd_logger:/home/phy_ai/.barani/gen2_full/install/joint_analyzer:/home/phy_ai/.barani/gen2_full/install/daksha_data_collection:/home/phy_ai/.barani/gen2_full/install/gen2_leader:/home/phy_ai/.barani/gen2_full/install/amr_bringup:/home/phy_ai/.barani/gen2_full/install/daksha_final_urdf_description:/home/phy_ai/.barani/gen2_full/install/daksha_description_full_body:/home/phy_ai/.barani/gen2_full/install/daksha_base_urdf:/home/phy_ai/.barani/gen2_full/install/daksha_api_bridge_leader:/home/phy_ai/.barani/gen2_full/install/daksha_api_bridge_follower:/opt/ros/humble PYTHONPATH=/home/phy_ai/.ihub/daksha/install/kinematics/lib/python3.10/site-packages:/home/phy_ai/.ihub/daksha/install/daksha_description_full_body/lib/python3.10/site-packages:${PYTHONPATH} /usr/bin/cmake --build /home/phy_ai/.ihub/daksha/build/collision_management -- -j16 -l16
[17.745s] DEBUG:colcon.colcon_core.event_handler.log_command:Invoking command in '/home/phy_ai/.ihub/daksha/build/collision_management': AMENT_PREFIX_PATH=/home/phy_ai/.ihub/daksha/install/kinematics:/home/phy_ai/.ihub/daksha/install/daksha_description_full_body:${AMENT_PREFIX_PATH} CMAKE_PREFIX_PATH=${CMAKE_PREFIX_PATH}:/home/phy_ai/.barani/gen2_full/install/world_camera_launch:/home/phy_ai/.barani/gen2_full/install/gen2:/home/phy_ai/.barani/gen2_full/install/vr_teleop:/home/phy_ai/.barani/gen2_full/install/ros_tcp_endpoint:/home/phy_ai/.barani/gen2_full/install/nav_bringup:/home/phy_ai/.barani/gen2_full/install/nav2_config:/home/phy_ai/.barani/gen2_full/install/kinematics:/home/phy_ai/.barani/gen2_full/install/joint_cmd_logger:/home/phy_ai/.barani/gen2_full/install/joint_analyzer:/home/phy_ai/.barani/gen2_full/install/daksha_data_collection:/home/phy_ai/.barani/gen2_full/install/gen2_leader:/home/phy_ai/.barani/gen2_full/install/amr_bringup:/home/phy_ai/.barani/gen2_full/install/daksha_final_urdf_description:/home/phy_ai/.barani/gen2_full/install/daksha_description_full_body:/home/phy_ai/.barani/gen2_full/install/daksha_base_urdf:/home/phy_ai/.barani/gen2_full/install/daksha_api_bridge_leader:/home/phy_ai/.barani/gen2_full/install/daksha_api_bridge_follower:/opt/ros/humble PYTHONPATH=/home/phy_ai/.ihub/daksha/install/kinematics/lib/python3.10/site-packages:/home/phy_ai/.ihub/daksha/install/daksha_description_full_body/lib/python3.10/site-packages:${PYTHONPATH} /usr/bin/cmake --install /home/phy_ai/.ihub/daksha/build/collision_management
[17.848s] Level 1:colcon.colcon_core.environment:create_environment_scripts_only(collision_management)
[17.848s] Level 1:colcon.colcon_core.environment:checking '/home/phy_ai/.ihub/daksha/install/collision_management' for CMake module files
[17.849s] DEBUG:colcon.colcon_core.event_handler.log_command:Invoked command in '/home/phy_ai/.ihub/daksha/build/collision_management' returned '0': AMENT_PREFIX_PATH=/home/phy_ai/.ihub/daksha/install/kinematics:/home/phy_ai/.ihub/daksha/install/daksha_description_full_body:${AMENT_PREFIX_PATH} CMAKE_PREFIX_PATH=${CMAKE_PREFIX_PATH}:/home/phy_ai/.barani/gen2_full/install/world_camera_launch:/home/phy_ai/.barani/gen2_full/install/gen2:/home/phy_ai/.barani/gen2_full/install/vr_teleop:/home/phy_ai/.barani/gen2_full/install/ros_tcp_endpoint:/home/phy_ai/.barani/gen2_full/install/nav_bringup:/home/phy_ai/.barani/gen2_full/install/nav2_config:/home/phy_ai/.barani/gen2_full/install/kinematics:/home/phy_ai/.barani/gen2_full/install/joint_cmd_logger:/home/phy_ai/.barani/gen2_full/install/joint_analyzer:/home/phy_ai/.barani/gen2_full/install/daksha_data_collection:/home/phy_ai/.barani/gen2_full/install/gen2_leader:/home/phy_ai/.barani/gen2_full/install/amr_bringup:/home/phy_ai/.barani/gen2_full/install/daksha_final_urdf_description:/home/phy_ai/.barani/gen2_full/install/daksha_description_full_body:/home/phy_ai/.barani/gen2_full/install/daksha_base_urdf:/home/phy_ai/.barani/gen2_full/install/daksha_api_bridge_leader:/home/phy_ai/.barani/gen2_full/install/daksha_api_bridge_follower:/opt/ros/humble PYTHONPATH=/home/phy_ai/.ihub/daksha/install/kinematics/lib/python3.10/site-packages:/home/phy_ai/.ihub/daksha/install/daksha_description_full_body/lib/python3.10/site-packages:${PYTHONPATH} /usr/bin/cmake --install /home/phy_ai/.ihub/daksha/build/collision_management
[17.850s] Level 1:colcon.colcon_core.environment:checking '/home/phy_ai/.ihub/daksha/install/collision_management' for CMake config files
[17.850s] Level 1:colcon.colcon_core.shell:create_environment_hook('collision_management', 'cmake_prefix_path')
[17.850s] INFO:colcon.colcon_core.shell:Creating environment hook '/home/phy_ai/.ihub/daksha/install/collision_management/share/collision_management/hook/cmake_prefix_path.ps1'
[17.851s] INFO:colcon.colcon_core.shell:Creating environment descriptor '/home/phy_ai/.ihub/daksha/install/collision_management/share/collision_management/hook/cmake_prefix_path.dsv'
[17.851s] INFO:colcon.colcon_core.shell:Creating environment hook '/home/phy_ai/.ihub/daksha/install/collision_management/share/collision_management/hook/cmake_prefix_path.sh'
[17.852s] Level 1:colcon.colcon_core.environment:checking '/home/phy_ai/.ihub/daksha/install/collision_management/lib'
[17.852s] Level 1:colcon.colcon_core.shell:create_environment_hook('collision_management', 'ld_library_path_lib')
[17.852s] INFO:colcon.colcon_core.shell:Creating environment hook '/home/phy_ai/.ihub/daksha/install/collision_management/share/collision_management/hook/ld_library_path_lib.ps1'
[17.853s] INFO:colcon.colcon_core.shell:Creating environment descriptor '/home/phy_ai/.ihub/daksha/install/collision_management/share/collision_management/hook/ld_library_path_lib.dsv'
[17.853s] INFO:colcon.colcon_core.shell:Creating environment hook '/home/phy_ai/.ihub/daksha/install/collision_management/share/collision_management/hook/ld_library_path_lib.sh'
[17.853s] Level 1:colcon.colcon_core.environment:checking '/home/phy_ai/.ihub/daksha/install/collision_management/bin'
[17.854s] Level 1:colcon.colcon_core.environment:checking '/home/phy_ai/.ihub/daksha/install/collision_management/lib/pkgconfig/collision_management.pc'
[17.854s] Level 1:colcon.colcon_core.environment:checking '/home/phy_ai/.ihub/daksha/install/collision_management/lib/python3.10/site-packages'
[17.854s] Level 1:colcon.colcon_core.environment:checking '/home/phy_ai/.ihub/daksha/install/collision_management/bin'
[17.854s] INFO:colcon.colcon_core.shell:Creating package script '/home/phy_ai/.ihub/daksha/install/collision_management/share/collision_management/package.ps1'
[17.855s] INFO:colcon.colcon_core.shell:Creating package descriptor '/home/phy_ai/.ihub/daksha/install/collision_management/share/collision_management/package.dsv'
[17.856s] INFO:colcon.colcon_core.shell:Creating package script '/home/phy_ai/.ihub/daksha/install/collision_management/share/collision_management/package.sh'
[17.856s] INFO:colcon.colcon_core.shell:Creating package script '/home/phy_ai/.ihub/daksha/install/collision_management/share/collision_management/package.bash'
[17.856s] INFO:colcon.colcon_core.shell:Creating package script '/home/phy_ai/.ihub/daksha/install/collision_management/share/collision_management/package.zsh'
[17.857s] Level 1:colcon.colcon_core.environment:create_file_with_runtime_dependencies(/home/phy_ai/.ihub/daksha/install/collision_management/share/colcon-core/packages/collision_management)
[17.857s] Level 1:colcon.colcon_core.environment:create_environment_scripts_only(collision_management)
[17.858s] Level 1:colcon.colcon_core.environment:checking '/home/phy_ai/.ihub/daksha/install/collision_management' for CMake module files
[17.858s] Level 1:colcon.colcon_core.environment:checking '/home/phy_ai/.ihub/daksha/install/collision_management' for CMake config files
[17.859s] Level 1:colcon.colcon_core.shell:create_environment_hook('collision_management', 'cmake_prefix_path')
[17.859s] INFO:colcon.colcon_core.shell:Creating environment hook '/home/phy_ai/.ihub/daksha/install/collision_management/share/collision_management/hook/cmake_prefix_path.ps1'
[17.860s] INFO:colcon.colcon_core.shell:Creating environment descriptor '/home/phy_ai/.ihub/daksha/install/collision_management/share/collision_management/hook/cmake_prefix_path.dsv'
[17.860s] INFO:colcon.colcon_core.shell:Creating environment hook '/home/phy_ai/.ihub/daksha/install/collision_management/share/collision_management/hook/cmake_prefix_path.sh'
[17.861s] Level 1:colcon.colcon_core.environment:checking '/home/phy_ai/.ihub/daksha/install/collision_management/lib'
[17.861s] Level 1:colcon.colcon_core.shell:create_environment_hook('collision_management', 'ld_library_path_lib')
[17.861s] INFO:colcon.colcon_core.shell:Creating environment hook '/home/phy_ai/.ihub/daksha/install/collision_management/share/collision_management/hook/ld_library_path_lib.ps1'
[17.862s] INFO:colcon.colcon_core.shell:Creating environment descriptor '/home/phy_ai/.ihub/daksha/install/collision_management/share/collision_management/hook/ld_library_path_lib.dsv'
[17.862s] INFO:colcon.colcon_core.shell:Creating environment hook '/home/phy_ai/.ihub/daksha/install/collision_management/share/collision_management/hook/ld_library_path_lib.sh'
[17.863s] Level 1:colcon.colcon_core.environment:checking '/home/phy_ai/.ihub/daksha/install/collision_management/bin'
[17.863s] Level 1:colcon.colcon_core.environment:checking '/home/phy_ai/.ihub/daksha/install/collision_management/lib/pkgconfig/collision_management.pc'
[17.863s] Level 1:colcon.colcon_core.environment:checking '/home/phy_ai/.ihub/daksha/install/collision_management/lib/python3.10/site-packages'
[17.863s] Level 1:colcon.colcon_core.environment:checking '/home/phy_ai/.ihub/daksha/install/collision_management/bin'
[17.864s] INFO:colcon.colcon_core.shell:Creating package script '/home/phy_ai/.ihub/daksha/install/collision_management/share/collision_management/package.ps1'
[17.864s] INFO:colcon.colcon_core.shell:Creating package descriptor '/home/phy_ai/.ihub/daksha/install/collision_management/share/collision_management/package.dsv'
[17.865s] INFO:colcon.colcon_core.shell:Creating package script '/home/phy_ai/.ihub/daksha/install/collision_management/share/collision_management/package.sh'
[17.866s] INFO:colcon.colcon_core.shell:Creating package script '/home/phy_ai/.ihub/daksha/install/collision_management/share/collision_management/package.bash'
[17.866s] INFO:colcon.colcon_core.shell:Creating package script '/home/phy_ai/.ihub/daksha/install/collision_management/share/collision_management/package.zsh'
[17.867s] Level 1:colcon.colcon_core.environment:create_file_with_runtime_dependencies(/home/phy_ai/.ihub/daksha/install/collision_management/share/colcon-core/packages/collision_management)
[17.867s] INFO:colcon.colcon_ros.task.ament_cmake.build:Building ROS package in '/home/phy_ai/.ihub/daksha/src/controllers/moveit_collision_management' with build type 'ament_cmake'
[17.868s] INFO:colcon.colcon_cmake.task.cmake.build:Building CMake package in '/home/phy_ai/.ihub/daksha/src/controllers/moveit_collision_management'
[17.868s] INFO:colcon.colcon_core.shell:Skip shell extension 'powershell' for command environment: Not usable outside of PowerShell
[17.868s] DEBUG:colcon.colcon_core.shell:Skip shell extension 'dsv' for command environment
[17.898s] DEBUG:colcon.colcon_core.event_handler.log_command:Invoking command in '/home/phy_ai/.ihub/daksha/build/moveit_collision_management': AMENT_PREFIX_PATH=/home/phy_ai/.ihub/daksha/install/collision_management:/home/phy_ai/.ihub/daksha/install/kinematics:/home/phy_ai/.ihub/daksha/install/daksha_description_full_body:${AMENT_PREFIX_PATH} CMAKE_PREFIX_PATH=/home/phy_ai/.ihub/daksha/install/collision_management:/home/phy_ai/.barani/gen2_full/install/web_nav_site:/home/phy_ai/.barani/gen2_full/install/trajectory_planning:/home/phy_ai/.barani/gen2_full/install/sllidar_ros2:/home/phy_ai/.barani/gen2_full/install/posveleff_controllers:/home/phy_ai/.barani/gen2_full/install/moveit_collision_management:/home/phy_ai/.barani/gen2_full/install/collision_management:/home/phy_ai/.barani/gen2_full/install/hw_interface:/home/phy_ai/.barani/gen2_full/install/gesture_management:/home/phy_ai/.barani/gen2_full/install/dynamics:/home/phy_ai/.barani/gen2_full/install/drax_hardware:/home/phy_ai/.barani/gen2_full/install/daksha_ui:/home/phy_ai/.barani/gen2_full/install/daksha_msgs:/home/phy_ai/.barani/gen2_full/install/automation:/home/phy_ai/.barani/gen2_full/install/world_camera_launch:/home/phy_ai/.barani/gen2_full/install/gen2:/home/phy_ai/.barani/gen2_full/install/vr_teleop:/home/phy_ai/.barani/gen2_full/install/ros_tcp_endpoint:/home/phy_ai/.barani/gen2_full/install/nav_bringup:/home/phy_ai/.barani/gen2_full/install/nav2_config:/home/phy_ai/.barani/gen2_full/install/kinematics:/home/phy_ai/.barani/gen2_full/install/joint_cmd_logger:/home/phy_ai/.barani/gen2_full/install/joint_analyzer:/home/phy_ai/.barani/gen2_full/install/daksha_data_collection:/home/phy_ai/.barani/gen2_full/install/gen2_leader:/home/phy_ai/.barani/gen2_full/install/amr_bringup:/home/phy_ai/.barani/gen2_full/install/daksha_final_urdf_description:/home/phy_ai/.barani/gen2_full/install/daksha_description_full_body:/home/phy_ai/.barani/gen2_full/install/daksha_base_urdf:/home/phy_ai/.barani/gen2_full/install/daksha_api_bridge_leader:/home/phy_ai/.barani/gen2_full/install/daksha_api_bridge_follower:/opt/ros/humble LD_LIBRARY_PATH=/home/phy_ai/.ihub/daksha/install/collision_management/lib:${LD_LIBRARY_PATH} PYTHONPATH=/home/phy_ai/.ihub/daksha/install/collision_management/local/lib/python3.10/dist-packages:/home/phy_ai/.ihub/daksha/install/kinematics/lib/python3.10/site-packages:/home/phy_ai/.ihub/daksha/install/daksha_description_full_body/lib/python3.10/site-packages:${PYTHONPATH} /usr/bin/cmake /home/phy_ai/.ihub/daksha/src/controllers/moveit_collision_management -DCMAKE_INSTALL_PREFIX=/home/phy_ai/.ihub/daksha/install/moveit_collision_management
[21.136s] DEBUG:colcon.colcon_core.event_handler.log_command:Invoked command in '/home/phy_ai/.ihub/daksha/build/moveit_collision_management' returned '0': AMENT_PREFIX_PATH=/home/phy_ai/.ihub/daksha/install/collision_management:/home/phy_ai/.ihub/daksha/install/kinematics:/home/phy_ai/.ihub/daksha/install/daksha_description_full_body:${AMENT_PREFIX_PATH} CMAKE_PREFIX_PATH=/home/phy_ai/.ihub/daksha/install/collision_management:/home/phy_ai/.barani/gen2_full/install/web_nav_site:/home/phy_ai/.barani/gen2_full/install/trajectory_planning:/home/phy_ai/.barani/gen2_full/install/sllidar_ros2:/home/phy_ai/.barani/gen2_full/install/posveleff_controllers:/home/phy_ai/.barani/gen2_full/install/moveit_collision_management:/home/phy_ai/.barani/gen2_full/install/collision_management:/home/phy_ai/.barani/gen2_full/install/hw_interface:/home/phy_ai/.barani/gen2_full/install/gesture_management:/home/phy_ai/.barani/gen2_full/install/dynamics:/home/phy_ai/.barani/gen2_full/install/drax_hardware:/home/phy_ai/.barani/gen2_full/install/daksha_ui:/home/phy_ai/.barani/gen2_full/install/daksha_msgs:/home/phy_ai/.barani/gen2_full/install/automation:/home/phy_ai/.barani/gen2_full/install/world_camera_launch:/home/phy_ai/.barani/gen2_full/install/gen2:/home/phy_ai/.barani/gen2_full/install/vr_teleop:/home/phy_ai/.barani/gen2_full/install/ros_tcp_endpoint:/home/phy_ai/.barani/gen2_full/install/nav_bringup:/home/phy_ai/.barani/gen2_full/install/nav2_config:/home/phy_ai/.barani/gen2_full/install/kinematics:/home/phy_ai/.barani/gen2_full/install/joint_cmd_logger:/home/phy_ai/.barani/gen2_full/install/joint_analyzer:/home/phy_ai/.barani/gen2_full/install/daksha_data_collection:/home/phy_ai/.barani/gen2_full/install/gen2_leader:/home/phy_ai/.barani/gen2_full/install/amr_bringup:/home/phy_ai/.barani/gen2_full/install/daksha_final_urdf_description:/home/phy_ai/.barani/gen2_full/install/daksha_description_full_body:/home/phy_ai/.barani/gen2_full/install/daksha_base_urdf:/home/phy_ai/.barani/gen2_full/install/daksha_api_bridge_leader:/home/phy_ai/.barani/gen2_full/install/daksha_api_bridge_follower:/opt/ros/humble LD_LIBRARY_PATH=/home/phy_ai/.ihub/daksha/install/collision_management/lib:${LD_LIBRARY_PATH} PYTHONPATH=/home/phy_ai/.ihub/daksha/install/collision_management/local/lib/python3.10/dist-packages:/home/phy_ai/.ihub/daksha/install/kinematics/lib/python3.10/site-packages:/home/phy_ai/.ihub/daksha/install/daksha_description_full_body/lib/python3.10/site-packages:${PYTHONPATH} /usr/bin/cmake /home/phy_ai/.ihub/daksha/src/controllers/moveit_collision_management -DCMAKE_INSTALL_PREFIX=/home/phy_ai/.ihub/daksha/install/moveit_collision_management
[21.140s] DEBUG:colcon.colcon_core.event_handler.log_command:Invoking command in '/home/phy_ai/.ihub/daksha/build/moveit_collision_management': AMENT_PREFIX_PATH=/home/phy_ai/.ihub/daksha/install/collision_management:/home/phy_ai/.ihub/daksha/install/kinematics:/home/phy_ai/.ihub/daksha/install/daksha_description_full_body:${AMENT_PREFIX_PATH} CMAKE_PREFIX_PATH=/home/phy_ai/.ihub/daksha/install/collision_management:/home/phy_ai/.barani/gen2_full/install/web_nav_site:/home/phy_ai/.barani/gen2_full/install/trajectory_planning:/home/phy_ai/.barani/gen2_full/install/sllidar_ros2:/home/phy_ai/.barani/gen2_full/install/posveleff_controllers:/home/phy_ai/.barani/gen2_full/install/moveit_collision_management:/home/phy_ai/.barani/gen2_full/install/collision_management:/home/phy_ai/.barani/gen2_full/install/hw_interface:/home/phy_ai/.barani/gen2_full/install/gesture_management:/home/phy_ai/.barani/gen2_full/install/dynamics:/home/phy_ai/.barani/gen2_full/install/drax_hardware:/home/phy_ai/.barani/gen2_full/install/daksha_ui:/home/phy_ai/.barani/gen2_full/install/daksha_msgs:/home/phy_ai/.barani/gen2_full/install/automation:/home/phy_ai/.barani/gen2_full/install/world_camera_launch:/home/phy_ai/.barani/gen2_full/install/gen2:/home/phy_ai/.barani/gen2_full/install/vr_teleop:/home/phy_ai/.barani/gen2_full/install/ros_tcp_endpoint:/home/phy_ai/.barani/gen2_full/install/nav_bringup:/home/phy_ai/.barani/gen2_full/install/nav2_config:/home/phy_ai/.barani/gen2_full/install/kinematics:/home/phy_ai/.barani/gen2_full/install/joint_cmd_logger:/home/phy_ai/.barani/gen2_full/install/joint_analyzer:/home/phy_ai/.barani/gen2_full/install/daksha_data_collection:/home/phy_ai/.barani/gen2_full/install/gen2_leader:/home/phy_ai/.barani/gen2_full/install/amr_bringup:/home/phy_ai/.barani/gen2_full/install/daksha_final_urdf_description:/home/phy_ai/.barani/gen2_full/install/daksha_description_full_body:/home/phy_ai/.barani/gen2_full/install/daksha_base_urdf:/home/phy_ai/.barani/gen2_full/install/daksha_api_bridge_leader:/home/phy_ai/.barani/gen2_full/install/daksha_api_bridge_follower:/opt/ros/humble LD_LIBRARY_PATH=/home/phy_ai/.ihub/daksha/install/collision_management/lib:${LD_LIBRARY_PATH} PYTHONPATH=/home/phy_ai/.ihub/daksha/install/collision_management/local/lib/python3.10/dist-packages:/home/phy_ai/.ihub/daksha/install/kinematics/lib/python3.10/site-packages:/home/phy_ai/.ihub/daksha/install/daksha_description_full_body/lib/python3.10/site-packages:${PYTHONPATH} /usr/bin/cmake --build /home/phy_ai/.ihub/daksha/build/moveit_collision_management -- -j16 -l16
[21.515s] DEBUG:colcon.colcon_core.event_handler.log_command:Invoked command in '/home/phy_ai/.ihub/daksha/build/daksha_ui' returned '0': CMAKE_PREFIX_PATH=${CMAKE_PREFIX_PATH}:/home/phy_ai/.barani/gen2_full/install/world_camera_launch:/home/phy_ai/.barani/gen2_full/install/gen2:/home/phy_ai/.barani/gen2_full/install/vr_teleop:/home/phy_ai/.barani/gen2_full/install/ros_tcp_endpoint:/home/phy_ai/.barani/gen2_full/install/nav_bringup:/home/phy_ai/.barani/gen2_full/install/nav2_config:/home/phy_ai/.barani/gen2_full/install/kinematics:/home/phy_ai/.barani/gen2_full/install/joint_cmd_logger:/home/phy_ai/.barani/gen2_full/install/joint_analyzer:/home/phy_ai/.barani/gen2_full/install/daksha_data_collection:/home/phy_ai/.barani/gen2_full/install/gen2_leader:/home/phy_ai/.barani/gen2_full/install/amr_bringup:/home/phy_ai/.barani/gen2_full/install/daksha_final_urdf_description:/home/phy_ai/.barani/gen2_full/install/daksha_description_full_body:/home/phy_ai/.barani/gen2_full/install/daksha_base_urdf:/home/phy_ai/.barani/gen2_full/install/daksha_api_bridge_leader:/home/phy_ai/.barani/gen2_full/install/daksha_api_bridge_follower:/opt/ros/humble /usr/bin/cmake --build /home/phy_ai/.ihub/daksha/build/daksha_ui -- -j16 -l16
[21.518s] DEBUG:colcon.colcon_core.event_handler.log_command:Invoking command in '/home/phy_ai/.ihub/daksha/build/daksha_ui': CMAKE_PREFIX_PATH=${CMAKE_PREFIX_PATH}:/home/phy_ai/.barani/gen2_full/install/world_camera_launch:/home/phy_ai/.barani/gen2_full/install/gen2:/home/phy_ai/.barani/gen2_full/install/vr_teleop:/home/phy_ai/.barani/gen2_full/install/ros_tcp_endpoint:/home/phy_ai/.barani/gen2_full/install/nav_bringup:/home/phy_ai/.barani/gen2_full/install/nav2_config:/home/phy_ai/.barani/gen2_full/install/kinematics:/home/phy_ai/.barani/gen2_full/install/joint_cmd_logger:/home/phy_ai/.barani/gen2_full/install/joint_analyzer:/home/phy_ai/.barani/gen2_full/install/daksha_data_collection:/home/phy_ai/.barani/gen2_full/install/gen2_leader:/home/phy_ai/.barani/gen2_full/install/amr_bringup:/home/phy_ai/.barani/gen2_full/install/daksha_final_urdf_description:/home/phy_ai/.barani/gen2_full/install/daksha_description_full_body:/home/phy_ai/.barani/gen2_full/install/daksha_base_urdf:/home/phy_ai/.barani/gen2_full/install/daksha_api_bridge_leader:/home/phy_ai/.barani/gen2_full/install/daksha_api_bridge_follower:/opt/ros/humble /usr/bin/cmake --install /home/phy_ai/.ihub/daksha/build/daksha_ui
[21.543s] Level 1:colcon.colcon_core.environment:create_environment_scripts_only(daksha_ui)
[21.544s] DEBUG:colcon.colcon_core.event_handler.log_command:Invoked command in '/home/phy_ai/.ihub/daksha/build/daksha_ui' returned '0': CMAKE_PREFIX_PATH=${CMAKE_PREFIX_PATH}:/home/phy_ai/.barani/gen2_full/install/world_camera_launch:/home/phy_ai/.barani/gen2_full/install/gen2:/home/phy_ai/.barani/gen2_full/install/vr_teleop:/home/phy_ai/.barani/gen2_full/install/ros_tcp_endpoint:/home/phy_ai/.barani/gen2_full/install/nav_bringup:/home/phy_ai/.barani/gen2_full/install/nav2_config:/home/phy_ai/.barani/gen2_full/install/kinematics:/home/phy_ai/.barani/gen2_full/install/joint_cmd_logger:/home/phy_ai/.barani/gen2_full/install/joint_analyzer:/home/phy_ai/.barani/gen2_full/install/daksha_data_collection:/home/phy_ai/.barani/gen2_full/install/gen2_leader:/home/phy_ai/.barani/gen2_full/install/amr_bringup:/home/phy_ai/.barani/gen2_full/install/daksha_final_urdf_description:/home/phy_ai/.barani/gen2_full/install/daksha_description_full_body:/home/phy_ai/.barani/gen2_full/install/daksha_base_urdf:/home/phy_ai/.barani/gen2_full/install/daksha_api_bridge_leader:/home/phy_ai/.barani/gen2_full/install/daksha_api_bridge_follower:/opt/ros/humble /usr/bin/cmake --install /home/phy_ai/.ihub/daksha/build/daksha_ui
[21.544s] Level 1:colcon.colcon_core.environment:checking '/home/phy_ai/.ihub/daksha/install/daksha_ui' for CMake module files
[21.546s] Level 1:colcon.colcon_core.environment:checking '/home/phy_ai/.ihub/daksha/install/daksha_ui' for CMake config files
[21.546s] Level 1:colcon.colcon_core.shell:create_environment_hook('daksha_ui', 'cmake_prefix_path')
[21.547s] INFO:colcon.colcon_core.shell:Creating environment hook '/home/phy_ai/.ihub/daksha/install/daksha_ui/share/daksha_ui/hook/cmake_prefix_path.ps1'
[21.548s] INFO:colcon.colcon_core.shell:Creating environment descriptor '/home/phy_ai/.ihub/daksha/install/daksha_ui/share/daksha_ui/hook/cmake_prefix_path.dsv'
[21.548s] INFO:colcon.colcon_core.shell:Creating environment hook '/home/phy_ai/.ihub/daksha/install/daksha_ui/share/daksha_ui/hook/cmake_prefix_path.sh'
[21.550s] Level 1:colcon.colcon_core.environment:checking '/home/phy_ai/.ihub/daksha/install/daksha_ui/lib'
[21.550s] Level 1:colcon.colcon_core.environment:checking '/home/phy_ai/.ihub/daksha/install/daksha_ui/bin'
[21.550s] Level 1:colcon.colcon_core.environment:checking '/home/phy_ai/.ihub/daksha/install/daksha_ui/lib/pkgconfig/daksha_ui.pc'
[21.550s] Level 1:colcon.colcon_core.environment:checking '/home/phy_ai/.ihub/daksha/install/daksha_ui/lib/python3.10/site-packages'
[21.551s] Level 1:colcon.colcon_core.environment:checking '/home/phy_ai/.ihub/daksha/install/daksha_ui/bin'
[21.551s] INFO:colcon.colcon_core.shell:Creating package script '/home/phy_ai/.ihub/daksha/install/daksha_ui/share/daksha_ui/package.ps1'
[21.552s] INFO:colcon.colcon_core.shell:Creating package descriptor '/home/phy_ai/.ihub/daksha/install/daksha_ui/share/daksha_ui/package.dsv'
[21.553s] INFO:colcon.colcon_core.shell:Creating package script '/home/phy_ai/.ihub/daksha/install/daksha_ui/share/daksha_ui/package.sh'
[21.554s] INFO:colcon.colcon_core.shell:Creating package script '/home/phy_ai/.ihub/daksha/install/daksha_ui/share/daksha_ui/package.bash'
[21.554s] INFO:colcon.colcon_core.shell:Creating package script '/home/phy_ai/.ihub/daksha/install/daksha_ui/share/daksha_ui/package.zsh'
[21.555s] Level 1:colcon.colcon_core.environment:create_file_with_runtime_dependencies(/home/phy_ai/.ihub/daksha/install/daksha_ui/share/colcon-core/packages/daksha_ui)
[21.556s] Level 1:colcon.colcon_core.environment:create_environment_scripts_only(daksha_ui)
[21.557s] Level 1:colcon.colcon_core.environment:checking '/home/phy_ai/.ihub/daksha/install/daksha_ui' for CMake module files
[21.557s] Level 1:colcon.colcon_core.environment:checking '/home/phy_ai/.ihub/daksha/install/daksha_ui' for CMake config files
[21.558s] Level 1:colcon.colcon_core.shell:create_environment_hook('daksha_ui', 'cmake_prefix_path')
[21.558s] INFO:colcon.colcon_core.shell:Creating environment hook '/home/phy_ai/.ihub/daksha/install/daksha_ui/share/daksha_ui/hook/cmake_prefix_path.ps1'
[21.559s] INFO:colcon.colcon_core.shell:Creating environment descriptor '/home/phy_ai/.ihub/daksha/install/daksha_ui/share/daksha_ui/hook/cmake_prefix_path.dsv'
[21.560s] INFO:colcon.colcon_core.shell:Creating environment hook '/home/phy_ai/.ihub/daksha/install/daksha_ui/share/daksha_ui/hook/cmake_prefix_path.sh'
[21.561s] Level 1:colcon.colcon_core.environment:checking '/home/phy_ai/.ihub/daksha/install/daksha_ui/lib'
[21.561s] Level 1:colcon.colcon_core.environment:checking '/home/phy_ai/.ihub/daksha/install/daksha_ui/bin'
[21.562s] Level 1:colcon.colcon_core.environment:checking '/home/phy_ai/.ihub/daksha/install/daksha_ui/lib/pkgconfig/daksha_ui.pc'
[21.562s] Level 1:colcon.colcon_core.environment:checking '/home/phy_ai/.ihub/daksha/install/daksha_ui/lib/python3.10/site-packages'
[21.563s] Level 1:colcon.colcon_core.environment:checking '/home/phy_ai/.ihub/daksha/install/daksha_ui/bin'
[21.563s] INFO:colcon.colcon_core.shell:Creating package script '/home/phy_ai/.ihub/daksha/install/daksha_ui/share/daksha_ui/package.ps1'
[21.565s] INFO:colcon.colcon_core.shell:Creating package descriptor '/home/phy_ai/.ihub/daksha/install/daksha_ui/share/daksha_ui/package.dsv'
[21.566s] INFO:colcon.colcon_core.shell:Creating package script '/home/phy_ai/.ihub/daksha/install/daksha_ui/share/daksha_ui/package.sh'
[21.567s] INFO:colcon.colcon_core.shell:Creating package script '/home/phy_ai/.ihub/daksha/install/daksha_ui/share/daksha_ui/package.bash'
[21.567s] INFO:colcon.colcon_core.shell:Creating package script '/home/phy_ai/.ihub/daksha/install/daksha_ui/share/daksha_ui/package.zsh'
[21.568s] Level 1:colcon.colcon_core.environment:create_file_with_runtime_dependencies(/home/phy_ai/.ihub/daksha/install/daksha_ui/share/colcon-core/packages/daksha_ui)
[22.010s] DEBUG:colcon.colcon_core.event_handler.log_command:Invoked command in '/home/phy_ai/.ihub/daksha/build/dynamics' returned '0': CMAKE_PREFIX_PATH=${CMAKE_PREFIX_PATH}:/home/phy_ai/.barani/gen2_full/install/world_camera_launch:/home/phy_ai/.barani/gen2_full/install/gen2:/home/phy_ai/.barani/gen2_full/install/vr_teleop:/home/phy_ai/.barani/gen2_full/install/ros_tcp_endpoint:/home/phy_ai/.barani/gen2_full/install/nav_bringup:/home/phy_ai/.barani/gen2_full/install/nav2_config:/home/phy_ai/.barani/gen2_full/install/kinematics:/home/phy_ai/.barani/gen2_full/install/joint_cmd_logger:/home/phy_ai/.barani/gen2_full/install/joint_analyzer:/home/phy_ai/.barani/gen2_full/install/daksha_data_collection:/home/phy_ai/.barani/gen2_full/install/gen2_leader:/home/phy_ai/.barani/gen2_full/install/amr_bringup:/home/phy_ai/.barani/gen2_full/install/daksha_final_urdf_description:/home/phy_ai/.barani/gen2_full/install/daksha_description_full_body:/home/phy_ai/.barani/gen2_full/install/daksha_base_urdf:/home/phy_ai/.barani/gen2_full/install/daksha_api_bridge_leader:/home/phy_ai/.barani/gen2_full/install/daksha_api_bridge_follower:/opt/ros/humble /usr/bin/cmake --build /home/phy_ai/.ihub/daksha/build/dynamics -- -j16 -l16
[22.012s] DEBUG:colcon.colcon_core.event_handler.log_command:Invoking command in '/home/phy_ai/.ihub/daksha/build/dynamics': CMAKE_PREFIX_PATH=${CMAKE_PREFIX_PATH}:/home/phy_ai/.barani/gen2_full/install/world_camera_launch:/home/phy_ai/.barani/gen2_full/install/gen2:/home/phy_ai/.barani/gen2_full/install/vr_teleop:/home/phy_ai/.barani/gen2_full/install/ros_tcp_endpoint:/home/phy_ai/.barani/gen2_full/install/nav_bringup:/home/phy_ai/.barani/gen2_full/install/nav2_config:/home/phy_ai/.barani/gen2_full/install/kinematics:/home/phy_ai/.barani/gen2_full/install/joint_cmd_logger:/home/phy_ai/.barani/gen2_full/install/joint_analyzer:/home/phy_ai/.barani/gen2_full/install/daksha_data_collection:/home/phy_ai/.barani/gen2_full/install/gen2_leader:/home/phy_ai/.barani/gen2_full/install/amr_bringup:/home/phy_ai/.barani/gen2_full/install/daksha_final_urdf_description:/home/phy_ai/.barani/gen2_full/install/daksha_description_full_body:/home/phy_ai/.barani/gen2_full/install/daksha_base_urdf:/home/phy_ai/.barani/gen2_full/install/daksha_api_bridge_leader:/home/phy_ai/.barani/gen2_full/install/daksha_api_bridge_follower:/opt/ros/humble /usr/bin/cmake --install /home/phy_ai/.ihub/daksha/build/dynamics
[22.041s] Level 1:colcon.colcon_core.environment:create_environment_scripts_only(dynamics)
[22.042s] Level 1:colcon.colcon_core.environment:checking '/home/phy_ai/.ihub/daksha/install/dynamics' for CMake module files
[22.043s] DEBUG:colcon.colcon_core.event_handler.log_command:Invoked command in '/home/phy_ai/.ihub/daksha/build/dynamics' returned '0': CMAKE_PREFIX_PATH=${CMAKE_PREFIX_PATH}:/home/phy_ai/.barani/gen2_full/install/world_camera_launch:/home/phy_ai/.barani/gen2_full/install/gen2:/home/phy_ai/.barani/gen2_full/install/vr_teleop:/home/phy_ai/.barani/gen2_full/install/ros_tcp_endpoint:/home/phy_ai/.barani/gen2_full/install/nav_bringup:/home/phy_ai/.barani/gen2_full/install/nav2_config:/home/phy_ai/.barani/gen2_full/install/kinematics:/home/phy_ai/.barani/gen2_full/install/joint_cmd_logger:/home/phy_ai/.barani/gen2_full/install/joint_analyzer:/home/phy_ai/.barani/gen2_full/install/daksha_data_collection:/home/phy_ai/.barani/gen2_full/install/gen2_leader:/home/phy_ai/.barani/gen2_full/install/amr_bringup:/home/phy_ai/.barani/gen2_full/install/daksha_final_urdf_description:/home/phy_ai/.barani/gen2_full/install/daksha_description_full_body:/home/phy_ai/.barani/gen2_full/install/daksha_base_urdf:/home/phy_ai/.barani/gen2_full/install/daksha_api_bridge_leader:/home/phy_ai/.barani/gen2_full/install/daksha_api_bridge_follower:/opt/ros/humble /usr/bin/cmake --install /home/phy_ai/.ihub/daksha/build/dynamics
[22.043s] Level 1:colcon.colcon_core.environment:checking '/home/phy_ai/.ihub/daksha/install/dynamics' for CMake config files
[22.044s] Level 1:colcon.colcon_core.shell:create_environment_hook('dynamics', 'cmake_prefix_path')
[22.044s] INFO:colcon.colcon_core.shell:Creating environment hook '/home/phy_ai/.ihub/daksha/install/dynamics/share/dynamics/hook/cmake_prefix_path.ps1'
[22.045s] INFO:colcon.colcon_core.shell:Creating environment descriptor '/home/phy_ai/.ihub/daksha/install/dynamics/share/dynamics/hook/cmake_prefix_path.dsv'
[22.046s] INFO:colcon.colcon_core.shell:Creating environment hook '/home/phy_ai/.ihub/daksha/install/dynamics/share/dynamics/hook/cmake_prefix_path.sh'
[22.047s] Level 1:colcon.colcon_core.environment:checking '/home/phy_ai/.ihub/daksha/install/dynamics/lib'
[22.047s] Level 1:colcon.colcon_core.environment:checking '/home/phy_ai/.ihub/daksha/install/dynamics/bin'
[22.047s] Level 1:colcon.colcon_core.environment:checking '/home/phy_ai/.ihub/daksha/install/dynamics/lib/pkgconfig/dynamics.pc'
[22.048s] Level 1:colcon.colcon_core.environment:checking '/home/phy_ai/.ihub/daksha/install/dynamics/lib/python3.10/site-packages'
[22.048s] Level 1:colcon.colcon_core.environment:checking '/home/phy_ai/.ihub/daksha/install/dynamics/bin'
[22.049s] INFO:colcon.colcon_core.shell:Creating package script '/home/phy_ai/.ihub/daksha/install/dynamics/share/dynamics/package.ps1'
[22.050s] INFO:colcon.colcon_core.shell:Creating package descriptor '/home/phy_ai/.ihub/daksha/install/dynamics/share/dynamics/package.dsv'
[22.051s] INFO:colcon.colcon_core.shell:Creating package script '/home/phy_ai/.ihub/daksha/install/dynamics/share/dynamics/package.sh'
[22.051s] INFO:colcon.colcon_core.shell:Creating package script '/home/phy_ai/.ihub/daksha/install/dynamics/share/dynamics/package.bash'
[22.052s] INFO:colcon.colcon_core.shell:Creating package script '/home/phy_ai/.ihub/daksha/install/dynamics/share/dynamics/package.zsh'
[22.052s] Level 1:colcon.colcon_core.environment:create_file_with_runtime_dependencies(/home/phy_ai/.ihub/daksha/install/dynamics/share/colcon-core/packages/dynamics)
[22.053s] Level 1:colcon.colcon_core.environment:create_environment_scripts_only(dynamics)
[22.054s] Level 1:colcon.colcon_core.environment:checking '/home/phy_ai/.ihub/daksha/install/dynamics' for CMake module files
[22.055s] Level 1:colcon.colcon_core.environment:checking '/home/phy_ai/.ihub/daksha/install/dynamics' for CMake config files
[22.055s] Level 1:colcon.colcon_core.shell:create_environment_hook('dynamics', 'cmake_prefix_path')
[22.055s] INFO:colcon.colcon_core.shell:Creating environment hook '/home/phy_ai/.ihub/daksha/install/dynamics/share/dynamics/hook/cmake_prefix_path.ps1'
[22.056s] INFO:colcon.colcon_core.shell:Creating environment descriptor '/home/phy_ai/.ihub/daksha/install/dynamics/share/dynamics/hook/cmake_prefix_path.dsv'
[22.057s] INFO:colcon.colcon_core.shell:Creating environment hook '/home/phy_ai/.ihub/daksha/install/dynamics/share/dynamics/hook/cmake_prefix_path.sh'
[22.058s] Level 1:colcon.colcon_core.environment:checking '/home/phy_ai/.ihub/daksha/install/dynamics/lib'
[22.058s] Level 1:colcon.colcon_core.environment:checking '/home/phy_ai/.ihub/daksha/install/dynamics/bin'
[22.058s] Level 1:colcon.colcon_core.environment:checking '/home/phy_ai/.ihub/daksha/install/dynamics/lib/pkgconfig/dynamics.pc'
[22.058s] Level 1:colcon.colcon_core.environment:checking '/home/phy_ai/.ihub/daksha/install/dynamics/lib/python3.10/site-packages'
[22.059s] Level 1:colcon.colcon_core.environment:checking '/home/phy_ai/.ihub/daksha/install/dynamics/bin'
[22.060s] INFO:colcon.colcon_core.shell:Creating package script '/home/phy_ai/.ihub/daksha/install/dynamics/share/dynamics/package.ps1'
[22.061s] INFO:colcon.colcon_core.shell:Creating package descriptor '/home/phy_ai/.ihub/daksha/install/dynamics/share/dynamics/package.dsv'
[22.062s] INFO:colcon.colcon_core.shell:Creating package script '/home/phy_ai/.ihub/daksha/install/dynamics/share/dynamics/package.sh'
[22.063s] INFO:colcon.colcon_core.shell:Creating package script '/home/phy_ai/.ihub/daksha/install/dynamics/share/dynamics/package.bash'
[22.064s] INFO:colcon.colcon_core.shell:Creating package script '/home/phy_ai/.ihub/daksha/install/dynamics/share/dynamics/package.zsh'
[22.065s] Level 1:colcon.colcon_core.environment:create_file_with_runtime_dependencies(/home/phy_ai/.ihub/daksha/install/dynamics/share/colcon-core/packages/dynamics)
[22.233s] DEBUG:colcon.colcon_core.event_handler.log_command:Invoked command in '/home/phy_ai/.ihub/daksha/build/hw_interface' returned '0': CMAKE_PREFIX_PATH=${CMAKE_PREFIX_PATH}:/home/phy_ai/.barani/gen2_full/install/world_camera_launch:/home/phy_ai/.barani/gen2_full/install/gen2:/home/phy_ai/.barani/gen2_full/install/vr_teleop:/home/phy_ai/.barani/gen2_full/install/ros_tcp_endpoint:/home/phy_ai/.barani/gen2_full/install/nav_bringup:/home/phy_ai/.barani/gen2_full/install/nav2_config:/home/phy_ai/.barani/gen2_full/install/kinematics:/home/phy_ai/.barani/gen2_full/install/joint_cmd_logger:/home/phy_ai/.barani/gen2_full/install/joint_analyzer:/home/phy_ai/.barani/gen2_full/install/daksha_data_collection:/home/phy_ai/.barani/gen2_full/install/gen2_leader:/home/phy_ai/.barani/gen2_full/install/amr_bringup:/home/phy_ai/.barani/gen2_full/install/daksha_final_urdf_description:/home/phy_ai/.barani/gen2_full/install/daksha_description_full_body:/home/phy_ai/.barani/gen2_full/install/daksha_base_urdf:/home/phy_ai/.barani/gen2_full/install/daksha_api_bridge_leader:/home/phy_ai/.barani/gen2_full/install/daksha_api_bridge_follower:/opt/ros/humble /usr/bin/cmake --build /home/phy_ai/.ihub/daksha/build/hw_interface -- -j16 -l16
[22.236s] DEBUG:colcon.colcon_core.event_handler.log_command:Invoking command in '/home/phy_ai/.ihub/daksha/build/hw_interface': CMAKE_PREFIX_PATH=${CMAKE_PREFIX_PATH}:/home/phy_ai/.barani/gen2_full/install/world_camera_launch:/home/phy_ai/.barani/gen2_full/install/gen2:/home/phy_ai/.barani/gen2_full/install/vr_teleop:/home/phy_ai/.barani/gen2_full/install/ros_tcp_endpoint:/home/phy_ai/.barani/gen2_full/install/nav_bringup:/home/phy_ai/.barani/gen2_full/install/nav2_config:/home/phy_ai/.barani/gen2_full/install/kinematics:/home/phy_ai/.barani/gen2_full/install/joint_cmd_logger:/home/phy_ai/.barani/gen2_full/install/joint_analyzer:/home/phy_ai/.barani/gen2_full/install/daksha_data_collection:/home/phy_ai/.barani/gen2_full/install/gen2_leader:/home/phy_ai/.barani/gen2_full/install/amr_bringup:/home/phy_ai/.barani/gen2_full/install/daksha_final_urdf_description:/home/phy_ai/.barani/gen2_full/install/daksha_description_full_body:/home/phy_ai/.barani/gen2_full/install/daksha_base_urdf:/home/phy_ai/.barani/gen2_full/install/daksha_api_bridge_leader:/home/phy_ai/.barani/gen2_full/install/daksha_api_bridge_follower:/opt/ros/humble /usr/bin/cmake --install /home/phy_ai/.ihub/daksha/build/hw_interface
[22.336s] DEBUG:colcon.colcon_core.event_handler.log_command:Invoked command in '/home/phy_ai/.ihub/daksha/build/posveleff_controllers' returned '0': CMAKE_PREFIX_PATH=${CMAKE_PREFIX_PATH}:/home/phy_ai/.barani/gen2_full/install/world_camera_launch:/home/phy_ai/.barani/gen2_full/install/gen2:/home/phy_ai/.barani/gen2_full/install/vr_teleop:/home/phy_ai/.barani/gen2_full/install/ros_tcp_endpoint:/home/phy_ai/.barani/gen2_full/install/nav_bringup:/home/phy_ai/.barani/gen2_full/install/nav2_config:/home/phy_ai/.barani/gen2_full/install/kinematics:/home/phy_ai/.barani/gen2_full/install/joint_cmd_logger:/home/phy_ai/.barani/gen2_full/install/joint_analyzer:/home/phy_ai/.barani/gen2_full/install/daksha_data_collection:/home/phy_ai/.barani/gen2_full/install/gen2_leader:/home/phy_ai/.barani/gen2_full/install/amr_bringup:/home/phy_ai/.barani/gen2_full/install/daksha_final_urdf_description:/home/phy_ai/.barani/gen2_full/install/daksha_description_full_body:/home/phy_ai/.barani/gen2_full/install/daksha_base_urdf:/home/phy_ai/.barani/gen2_full/install/daksha_api_bridge_leader:/home/phy_ai/.barani/gen2_full/install/daksha_api_bridge_follower:/opt/ros/humble /usr/bin/cmake --build /home/phy_ai/.ihub/daksha/build/posveleff_controllers -- -j16 -l16
[22.338s] DEBUG:colcon.colcon_core.event_handler.log_command:Invoking command in '/home/phy_ai/.ihub/daksha/build/posveleff_controllers': CMAKE_PREFIX_PATH=${CMAKE_PREFIX_PATH}:/home/phy_ai/.barani/gen2_full/install/world_camera_launch:/home/phy_ai/.barani/gen2_full/install/gen2:/home/phy_ai/.barani/gen2_full/install/vr_teleop:/home/phy_ai/.barani/gen2_full/install/ros_tcp_endpoint:/home/phy_ai/.barani/gen2_full/install/nav_bringup:/home/phy_ai/.barani/gen2_full/install/nav2_config:/home/phy_ai/.barani/gen2_full/install/kinematics:/home/phy_ai/.barani/gen2_full/install/joint_cmd_logger:/home/phy_ai/.barani/gen2_full/install/joint_analyzer:/home/phy_ai/.barani/gen2_full/install/daksha_data_collection:/home/phy_ai/.barani/gen2_full/install/gen2_leader:/home/phy_ai/.barani/gen2_full/install/amr_bringup:/home/phy_ai/.barani/gen2_full/install/daksha_final_urdf_description:/home/phy_ai/.barani/gen2_full/install/daksha_description_full_body:/home/phy_ai/.barani/gen2_full/install/daksha_base_urdf:/home/phy_ai/.barani/gen2_full/install/daksha_api_bridge_leader:/home/phy_ai/.barani/gen2_full/install/daksha_api_bridge_follower:/opt/ros/humble /usr/bin/cmake --install /home/phy_ai/.ihub/daksha/build/posveleff_controllers
[22.340s] Level 1:colcon.colcon_core.environment:create_environment_scripts_only(hw_interface)
[22.341s] Level 1:colcon.colcon_core.environment:checking '/home/phy_ai/.ihub/daksha/install/hw_interface' for CMake module files
[22.341s] DEBUG:colcon.colcon_core.event_handler.log_command:Invoked command in '/home/phy_ai/.ihub/daksha/build/hw_interface' returned '0': CMAKE_PREFIX_PATH=${CMAKE_PREFIX_PATH}:/home/phy_ai/.barani/gen2_full/install/world_camera_launch:/home/phy_ai/.barani/gen2_full/install/gen2:/home/phy_ai/.barani/gen2_full/install/vr_teleop:/home/phy_ai/.barani/gen2_full/install/ros_tcp_endpoint:/home/phy_ai/.barani/gen2_full/install/nav_bringup:/home/phy_ai/.barani/gen2_full/install/nav2_config:/home/phy_ai/.barani/gen2_full/install/kinematics:/home/phy_ai/.barani/gen2_full/install/joint_cmd_logger:/home/phy_ai/.barani/gen2_full/install/joint_analyzer:/home/phy_ai/.barani/gen2_full/install/daksha_data_collection:/home/phy_ai/.barani/gen2_full/install/gen2_leader:/home/phy_ai/.barani/gen2_full/install/amr_bringup:/home/phy_ai/.barani/gen2_full/install/daksha_final_urdf_description:/home/phy_ai/.barani/gen2_full/install/daksha_description_full_body:/home/phy_ai/.barani/gen2_full/install/daksha_base_urdf:/home/phy_ai/.barani/gen2_full/install/daksha_api_bridge_leader:/home/phy_ai/.barani/gen2_full/install/daksha_api_bridge_follower:/opt/ros/humble /usr/bin/cmake --install /home/phy_ai/.ihub/daksha/build/hw_interface
[22.342s] Level 1:colcon.colcon_core.environment:checking '/home/phy_ai/.ihub/daksha/install/hw_interface' for CMake config files
[22.343s] Level 1:colcon.colcon_core.shell:create_environment_hook('hw_interface', 'cmake_prefix_path')
[22.344s] INFO:colcon.colcon_core.shell:Creating environment hook '/home/phy_ai/.ihub/daksha/install/hw_interface/share/hw_interface/hook/cmake_prefix_path.ps1'
[22.345s] INFO:colcon.colcon_core.shell:Creating environment descriptor '/home/phy_ai/.ihub/daksha/install/hw_interface/share/hw_interface/hook/cmake_prefix_path.dsv'
[22.345s] INFO:colcon.colcon_core.shell:Creating environment hook '/home/phy_ai/.ihub/daksha/install/hw_interface/share/hw_interface/hook/cmake_prefix_path.sh'
[22.346s] Level 1:colcon.colcon_core.environment:checking '/home/phy_ai/.ihub/daksha/install/hw_interface/lib'
[22.346s] Level 1:colcon.colcon_core.shell:create_environment_hook('hw_interface', 'ld_library_path_lib')
[22.347s] INFO:colcon.colcon_core.shell:Creating environment hook '/home/phy_ai/.ihub/daksha/install/hw_interface/share/hw_interface/hook/ld_library_path_lib.ps1'
[22.347s] INFO:colcon.colcon_core.shell:Creating environment descriptor '/home/phy_ai/.ihub/daksha/install/hw_interface/share/hw_interface/hook/ld_library_path_lib.dsv'
[22.348s] INFO:colcon.colcon_core.shell:Creating environment hook '/home/phy_ai/.ihub/daksha/install/hw_interface/share/hw_interface/hook/ld_library_path_lib.sh'
[22.348s] Level 1:colcon.colcon_core.environment:checking '/home/phy_ai/.ihub/daksha/install/hw_interface/bin'
[22.349s] Level 1:colcon.colcon_core.environment:checking '/home/phy_ai/.ihub/daksha/install/hw_interface/lib/pkgconfig/hw_interface.pc'
[22.349s] Level 1:colcon.colcon_core.environment:checking '/home/phy_ai/.ihub/daksha/install/hw_interface/lib/python3.10/site-packages'
[22.349s] Level 1:colcon.colcon_core.environment:checking '/home/phy_ai/.ihub/daksha/install/hw_interface/bin'
[22.350s] INFO:colcon.colcon_core.shell:Creating package script '/home/phy_ai/.ihub/daksha/install/hw_interface/share/hw_interface/package.ps1'
[22.352s] INFO:colcon.colcon_core.shell:Creating package descriptor '/home/phy_ai/.ihub/daksha/install/hw_interface/share/hw_interface/package.dsv'
[22.353s] INFO:colcon.colcon_core.shell:Creating package script '/home/phy_ai/.ihub/daksha/install/hw_interface/share/hw_interface/package.sh'
[22.353s] INFO:colcon.colcon_core.shell:Creating package script '/home/phy_ai/.ihub/daksha/install/hw_interface/share/hw_interface/package.bash'
[22.354s] INFO:colcon.colcon_core.shell:Creating package script '/home/phy_ai/.ihub/daksha/install/hw_interface/share/hw_interface/package.zsh'
[22.355s] Level 1:colcon.colcon_core.environment:create_file_with_runtime_dependencies(/home/phy_ai/.ihub/daksha/install/hw_interface/share/colcon-core/packages/hw_interface)
[22.356s] Level 1:colcon.colcon_core.environment:create_environment_scripts_only(hw_interface)
[22.356s] Level 1:colcon.colcon_core.environment:checking '/home/phy_ai/.ihub/daksha/install/hw_interface' for CMake module files
[22.357s] Level 1:colcon.colcon_core.environment:checking '/home/phy_ai/.ihub/daksha/install/hw_interface' for CMake config files
[22.358s] Level 1:colcon.colcon_core.shell:create_environment_hook('hw_interface', 'cmake_prefix_path')
[22.358s] INFO:colcon.colcon_core.shell:Creating environment hook '/home/phy_ai/.ihub/daksha/install/hw_interface/share/hw_interface/hook/cmake_prefix_path.ps1'
[22.359s] INFO:colcon.colcon_core.shell:Creating environment descriptor '/home/phy_ai/.ihub/daksha/install/hw_interface/share/hw_interface/hook/cmake_prefix_path.dsv'
[22.360s] INFO:colcon.colcon_core.shell:Creating environment hook '/home/phy_ai/.ihub/daksha/install/hw_interface/share/hw_interface/hook/cmake_prefix_path.sh'
[22.361s] Level 1:colcon.colcon_core.environment:checking '/home/phy_ai/.ihub/daksha/install/hw_interface/lib'
[22.361s] Level 1:colcon.colcon_core.shell:create_environment_hook('hw_interface', 'ld_library_path_lib')
[22.361s] INFO:colcon.colcon_core.shell:Creating environment hook '/home/phy_ai/.ihub/daksha/install/hw_interface/share/hw_interface/hook/ld_library_path_lib.ps1'
[22.362s] INFO:colcon.colcon_core.shell:Creating environment descriptor '/home/phy_ai/.ihub/daksha/install/hw_interface/share/hw_interface/hook/ld_library_path_lib.dsv'
[22.363s] INFO:colcon.colcon_core.shell:Creating environment hook '/home/phy_ai/.ihub/daksha/install/hw_interface/share/hw_interface/hook/ld_library_path_lib.sh'
[22.364s] Level 1:colcon.colcon_core.environment:checking '/home/phy_ai/.ihub/daksha/install/hw_interface/bin'
[22.364s] Level 1:colcon.colcon_core.environment:checking '/home/phy_ai/.ihub/daksha/install/hw_interface/lib/pkgconfig/hw_interface.pc'
[22.364s] Level 1:colcon.colcon_core.environment:checking '/home/phy_ai/.ihub/daksha/install/hw_interface/lib/python3.10/site-packages'
[22.365s] Level 1:colcon.colcon_core.environment:checking '/home/phy_ai/.ihub/daksha/install/hw_interface/bin'
[22.365s] INFO:colcon.colcon_core.shell:Creating package script '/home/phy_ai/.ihub/daksha/install/hw_interface/share/hw_interface/package.ps1'
[22.367s] INFO:colcon.colcon_core.shell:Creating package descriptor '/home/phy_ai/.ihub/daksha/install/hw_interface/share/hw_interface/package.dsv'
[22.369s] INFO:colcon.colcon_core.shell:Creating package script '/home/phy_ai/.ihub/daksha/install/hw_interface/share/hw_interface/package.sh'
[22.370s] INFO:colcon.colcon_core.shell:Creating package script '/home/phy_ai/.ihub/daksha/install/hw_interface/share/hw_interface/package.bash'
[22.371s] INFO:colcon.colcon_core.shell:Creating package script '/home/phy_ai/.ihub/daksha/install/hw_interface/share/hw_interface/package.zsh'
[22.373s] Level 1:colcon.colcon_core.environment:create_file_with_runtime_dependencies(/home/phy_ai/.ihub/daksha/install/hw_interface/share/colcon-core/packages/hw_interface)
[22.374s] INFO:colcon.colcon_ros.task.ament_python.build:Building ROS package in '/home/phy_ai/.ihub/daksha/src/ui/Clients_UI/daksha_data_collection' with build type 'ament_python'
[22.374s] Level 1:colcon.colcon_core.shell:create_environment_hook('daksha_data_collection', 'ament_prefix_path')
[22.374s] INFO:colcon.colcon_core.shell:Creating environment hook '/home/phy_ai/.ihub/daksha/install/daksha_data_collection/share/daksha_data_collection/hook/ament_prefix_path.ps1'
[22.377s] INFO:colcon.colcon_core.shell:Creating environment descriptor '/home/phy_ai/.ihub/daksha/install/daksha_data_collection/share/daksha_data_collection/hook/ament_prefix_path.dsv'
[22.378s] INFO:colcon.colcon_core.shell:Creating environment hook '/home/phy_ai/.ihub/daksha/install/daksha_data_collection/share/daksha_data_collection/hook/ament_prefix_path.sh'
[22.379s] INFO:colcon.colcon_core.shell:Skip shell extension 'powershell' for command environment: Not usable outside of PowerShell
[22.379s] DEBUG:colcon.colcon_core.shell:Skip shell extension 'dsv' for command environment
[22.390s] INFO:colcon.colcon_ros.task.ament_python.build:Building ROS package in '/home/phy_ai/.ihub/daksha/src/gen2' with build type 'ament_python'
[22.390s] Level 1:colcon.colcon_core.shell:create_environment_hook('gen2', 'ament_prefix_path')
[22.390s] INFO:colcon.colcon_core.shell:Creating environment hook '/home/phy_ai/.ihub/daksha/install/gen2/share/gen2/hook/ament_prefix_path.ps1'
[22.392s] INFO:colcon.colcon_core.shell:Creating environment descriptor '/home/phy_ai/.ihub/daksha/install/gen2/share/gen2/hook/ament_prefix_path.dsv'
[22.393s] INFO:colcon.colcon_core.shell:Creating environment hook '/home/phy_ai/.ihub/daksha/install/gen2/share/gen2/hook/ament_prefix_path.sh'
[22.394s] INFO:colcon.colcon_core.shell:Skip shell extension 'powershell' for command environment: Not usable outside of PowerShell
[22.394s] DEBUG:colcon.colcon_core.shell:Skip shell extension 'dsv' for command environment
[22.403s] Level 1:colcon.colcon_core.environment:create_environment_scripts_only(posveleff_controllers)
[22.403s] Level 1:colcon.colcon_core.environment:checking '/home/phy_ai/.ihub/daksha/install/posveleff_controllers' for CMake module files
[22.404s] DEBUG:colcon.colcon_core.event_handler.log_command:Invoked command in '/home/phy_ai/.ihub/daksha/build/posveleff_controllers' returned '0': CMAKE_PREFIX_PATH=${CMAKE_PREFIX_PATH}:/home/phy_ai/.barani/gen2_full/install/world_camera_launch:/home/phy_ai/.barani/gen2_full/install/gen2:/home/phy_ai/.barani/gen2_full/install/vr_teleop:/home/phy_ai/.barani/gen2_full/install/ros_tcp_endpoint:/home/phy_ai/.barani/gen2_full/install/nav_bringup:/home/phy_ai/.barani/gen2_full/install/nav2_config:/home/phy_ai/.barani/gen2_full/install/kinematics:/home/phy_ai/.barani/gen2_full/install/joint_cmd_logger:/home/phy_ai/.barani/gen2_full/install/joint_analyzer:/home/phy_ai/.barani/gen2_full/install/daksha_data_collection:/home/phy_ai/.barani/gen2_full/install/gen2_leader:/home/phy_ai/.barani/gen2_full/install/amr_bringup:/home/phy_ai/.barani/gen2_full/install/daksha_final_urdf_description:/home/phy_ai/.barani/gen2_full/install/daksha_description_full_body:/home/phy_ai/.barani/gen2_full/install/daksha_base_urdf:/home/phy_ai/.barani/gen2_full/install/daksha_api_bridge_leader:/home/phy_ai/.barani/gen2_full/install/daksha_api_bridge_follower:/opt/ros/humble /usr/bin/cmake --install /home/phy_ai/.ihub/daksha/build/posveleff_controllers
[22.404s] Level 1:colcon.colcon_core.environment:checking '/home/phy_ai/.ihub/daksha/install/posveleff_controllers' for CMake config files
[22.404s] Level 1:colcon.colcon_core.shell:create_environment_hook('posveleff_controllers', 'cmake_prefix_path')
[22.405s] INFO:colcon.colcon_core.shell:Creating environment hook '/home/phy_ai/.ihub/daksha/install/posveleff_controllers/share/posveleff_controllers/hook/cmake_prefix_path.ps1'
[22.405s] INFO:colcon.colcon_core.shell:Creating environment descriptor '/home/phy_ai/.ihub/daksha/install/posveleff_controllers/share/posveleff_controllers/hook/cmake_prefix_path.dsv'
[22.406s] INFO:colcon.colcon_core.shell:Creating environment hook '/home/phy_ai/.ihub/daksha/install/posveleff_controllers/share/posveleff_controllers/hook/cmake_prefix_path.sh'
[22.406s] Level 1:colcon.colcon_core.environment:checking '/home/phy_ai/.ihub/daksha/install/posveleff_controllers/lib'
[22.406s] Level 1:colcon.colcon_core.shell:create_environment_hook('posveleff_controllers', 'ld_library_path_lib')
[22.406s] INFO:colcon.colcon_core.shell:Creating environment hook '/home/phy_ai/.ihub/daksha/install/posveleff_controllers/share/posveleff_controllers/hook/ld_library_path_lib.ps1'
[22.407s] INFO:colcon.colcon_core.shell:Creating environment descriptor '/home/phy_ai/.ihub/daksha/install/posveleff_controllers/share/posveleff_controllers/hook/ld_library_path_lib.dsv'
[22.407s] INFO:colcon.colcon_core.shell:Creating environment hook '/home/phy_ai/.ihub/daksha/install/posveleff_controllers/share/posveleff_controllers/hook/ld_library_path_lib.sh'
[22.407s] Level 1:colcon.colcon_core.environment:checking '/home/phy_ai/.ihub/daksha/install/posveleff_controllers/bin'
[22.407s] Level 1:colcon.colcon_core.environment:checking '/home/phy_ai/.ihub/daksha/install/posveleff_controllers/lib/pkgconfig/posveleff_controllers.pc'
[22.408s] Level 1:colcon.colcon_core.environment:checking '/home/phy_ai/.ihub/daksha/install/posveleff_controllers/lib/python3.10/site-packages'
[22.408s] Level 1:colcon.colcon_core.environment:checking '/home/phy_ai/.ihub/daksha/install/posveleff_controllers/bin'
[22.408s] INFO:colcon.colcon_core.shell:Creating package script '/home/phy_ai/.ihub/daksha/install/posveleff_controllers/share/posveleff_controllers/package.ps1'
[22.409s] INFO:colcon.colcon_core.shell:Creating package descriptor '/home/phy_ai/.ihub/daksha/install/posveleff_controllers/share/posveleff_controllers/package.dsv'
[22.410s] INFO:colcon.colcon_core.shell:Creating package script '/home/phy_ai/.ihub/daksha/install/posveleff_controllers/share/posveleff_controllers/package.sh'
[22.410s] INFO:colcon.colcon_core.shell:Creating package script '/home/phy_ai/.ihub/daksha/install/posveleff_controllers/share/posveleff_controllers/package.bash'
[22.410s] INFO:colcon.colcon_core.shell:Creating package script '/home/phy_ai/.ihub/daksha/install/posveleff_controllers/share/posveleff_controllers/package.zsh'
[22.411s] Level 1:colcon.colcon_core.environment:create_file_with_runtime_dependencies(/home/phy_ai/.ihub/daksha/install/posveleff_controllers/share/colcon-core/packages/posveleff_controllers)
[22.411s] Level 1:colcon.colcon_core.environment:create_environment_scripts_only(posveleff_controllers)
[22.411s] Level 1:colcon.colcon_core.environment:checking '/home/phy_ai/.ihub/daksha/install/posveleff_controllers' for CMake module files
[22.412s] Level 1:colcon.colcon_core.environment:checking '/home/phy_ai/.ihub/daksha/install/posveleff_controllers' for CMake config files
[22.412s] Level 1:colcon.colcon_core.shell:create_environment_hook('posveleff_controllers', 'cmake_prefix_path')
[22.412s] INFO:colcon.colcon_core.shell:Creating environment hook '/home/phy_ai/.ihub/daksha/install/posveleff_controllers/share/posveleff_controllers/hook/cmake_prefix_path.ps1'
[22.413s] INFO:colcon.colcon_core.shell:Creating environment descriptor '/home/phy_ai/.ihub/daksha/install/posveleff_controllers/share/posveleff_controllers/hook/cmake_prefix_path.dsv'
[22.413s] INFO:colcon.colcon_core.shell:Creating environment hook '/home/phy_ai/.ihub/daksha/install/posveleff_controllers/share/posveleff_controllers/hook/cmake_prefix_path.sh'
[22.413s] Level 1:colcon.colcon_core.environment:checking '/home/phy_ai/.ihub/daksha/install/posveleff_controllers/lib'
[22.414s] Level 1:colcon.colcon_core.shell:create_environment_hook('posveleff_controllers', 'ld_library_path_lib')
[22.414s] INFO:colcon.colcon_core.shell:Creating environment hook '/home/phy_ai/.ihub/daksha/install/posveleff_controllers/share/posveleff_controllers/hook/ld_library_path_lib.ps1'
[22.414s] INFO:colcon.colcon_core.shell:Creating environment descriptor '/home/phy_ai/.ihub/daksha/install/posveleff_controllers/share/posveleff_controllers/hook/ld_library_path_lib.dsv'
[22.415s] INFO:colcon.colcon_core.shell:Creating environment hook '/home/phy_ai/.ihub/daksha/install/posveleff_controllers/share/posveleff_controllers/hook/ld_library_path_lib.sh'
[22.415s] Level 1:colcon.colcon_core.environment:checking '/home/phy_ai/.ihub/daksha/install/posveleff_controllers/bin'
[22.415s] Level 1:colcon.colcon_core.environment:checking '/home/phy_ai/.ihub/daksha/install/posveleff_controllers/lib/pkgconfig/posveleff_controllers.pc'
[22.415s] Level 1:colcon.colcon_core.environment:checking '/home/phy_ai/.ihub/daksha/install/posveleff_controllers/lib/python3.10/site-packages'
[22.415s] Level 1:colcon.colcon_core.environment:checking '/home/phy_ai/.ihub/daksha/install/posveleff_controllers/bin'
[22.416s] INFO:colcon.colcon_core.shell:Creating package script '/home/phy_ai/.ihub/daksha/install/posveleff_controllers/share/posveleff_controllers/package.ps1'
[22.416s] INFO:colcon.colcon_core.shell:Creating package descriptor '/home/phy_ai/.ihub/daksha/install/posveleff_controllers/share/posveleff_controllers/package.dsv'
[22.417s] INFO:colcon.colcon_core.shell:Creating package script '/home/phy_ai/.ihub/daksha/install/posveleff_controllers/share/posveleff_controllers/package.sh'
[22.417s] INFO:colcon.colcon_core.shell:Creating package script '/home/phy_ai/.ihub/daksha/install/posveleff_controllers/share/posveleff_controllers/package.bash'
[22.418s] INFO:colcon.colcon_core.shell:Creating package script '/home/phy_ai/.ihub/daksha/install/posveleff_controllers/share/posveleff_controllers/package.zsh'
[22.418s] Level 1:colcon.colcon_core.environment:create_file_with_runtime_dependencies(/home/phy_ai/.ihub/daksha/install/posveleff_controllers/share/colcon-core/packages/posveleff_controllers)
[22.695s] INFO:colcon.colcon_core.task.python.build:Building Python package in '/home/phy_ai/.ihub/daksha/src/ui/Clients_UI/daksha_data_collection'
[22.695s] INFO:colcon.colcon_core.shell:Skip shell extension 'powershell' for command environment: Not usable outside of PowerShell
[22.695s] DEBUG:colcon.colcon_core.shell:Skip shell extension 'dsv' for command environment
[22.982s] INFO:colcon.colcon_core.task.python.build:Building Python package in '/home/phy_ai/.ihub/daksha/src/gen2'
[22.982s] INFO:colcon.colcon_core.shell:Skip shell extension 'powershell' for command environment: Not usable outside of PowerShell
[22.982s] DEBUG:colcon.colcon_core.shell:Skip shell extension 'dsv' for command environment
[23.376s] DEBUG:colcon.colcon_core.task.python.build:Available setuptools commands: install_scripts, register, bdist, build_clib, rotate, update_catalog, easy_install, install_egg_info, build_scripts, develop, dist_info, compile_catalog, sdist, clean, upload_docs, build_py, install_headers, setopt, check, upload, init_catalog, install_data, bdist_dumb, build_ext, symlink_data, extract_messages, bdist_wheel, bdist_egg, egg_info, test, install, bdist_rpm, saveopts, install_lib, alias, build
[23.380s] DEBUG:colcon.colcon_core.event_handler.log_command:Invoking command in '/home/phy_ai/.ihub/daksha/src/ui/Clients_UI/daksha_data_collection': AMENT_PREFIX_PATH=/home/phy_ai/.ihub/daksha/install/hw_interface:/home/phy_ai/.ihub/daksha/install/daksha_msgs:${AMENT_PREFIX_PATH} CMAKE_PREFIX_PATH=/home/phy_ai/.ihub/daksha/install/hw_interface:/home/phy_ai/.ihub/daksha/install/daksha_msgs:${CMAKE_PREFIX_PATH} LD_LIBRARY_PATH=/home/phy_ai/.ihub/daksha/install/hw_interface/lib:/home/phy_ai/.ihub/daksha/install/daksha_msgs/lib:${LD_LIBRARY_PATH} PYTHONPATH=/home/phy_ai/.ihub/daksha/build/daksha_data_collection/prefix_override:/usr/lib/python3/dist-packages/colcon_core/task/python/colcon_distutils_commands:/home/phy_ai/.ihub/daksha/install/daksha_data_collection/lib/python3.10/site-packages:/home/phy_ai/.ihub/daksha/install/hw_interface/local/lib/python3.10/dist-packages:/home/phy_ai/.ihub/daksha/install/daksha_msgs/local/lib/python3.10/dist-packages:${PYTHONPATH} /usr/bin/python3 -W ignore:setup.py install is deprecated -W ignore:easy_install command is deprecated setup.py egg_info --egg-base ../../../../build/daksha_data_collection build --build-base /home/phy_ai/.ihub/daksha/build/daksha_data_collection/build install --record /home/phy_ai/.ihub/daksha/build/daksha_data_collection/install.log --install-scripts $base/lib/daksha_data_collection --single-version-externally-managed install_data
[23.408s] DEBUG:colcon.colcon_core.task.python.build:Available setuptools commands: install_scripts, register, bdist, build_clib, rotate, update_catalog, easy_install, install_egg_info, build_scripts, develop, dist_info, compile_catalog, sdist, clean, upload_docs, build_py, install_headers, setopt, check, upload, init_catalog, install_data, bdist_dumb, build_ext, symlink_data, extract_messages, bdist_wheel, bdist_egg, egg_info, test, install, bdist_rpm, saveopts, install_lib, alias, build
[23.411s] DEBUG:colcon.colcon_core.event_handler.log_command:Invoking command in '/home/phy_ai/.ihub/daksha/src/gen2': AMENT_PREFIX_PATH=/home/phy_ai/.ihub/daksha/install/vr_teleop:/home/phy_ai/.ihub/daksha/install/kinematics:/home/phy_ai/.ihub/daksha/install/hw_interface:${AMENT_PREFIX_PATH} CMAKE_PREFIX_PATH=/home/phy_ai/.ihub/daksha/install/hw_interface:${CMAKE_PREFIX_PATH} LD_LIBRARY_PATH=/home/phy_ai/.ihub/daksha/install/hw_interface/lib:${LD_LIBRARY_PATH} PYTHONPATH=/home/phy_ai/.ihub/daksha/build/gen2/prefix_override:/usr/lib/python3/dist-packages/colcon_core/task/python/colcon_distutils_commands:/home/phy_ai/.ihub/daksha/install/gen2/lib/python3.10/site-packages:/home/phy_ai/.ihub/daksha/install/vr_teleop/lib/python3.10/site-packages:/home/phy_ai/.ihub/daksha/install/kinematics/lib/python3.10/site-packages:/home/phy_ai/.ihub/daksha/install/hw_interface/local/lib/python3.10/dist-packages:${PYTHONPATH} /usr/bin/python3 -W ignore:setup.py install is deprecated -W ignore:easy_install command is deprecated setup.py egg_info --egg-base ../../build/gen2 build --build-base /home/phy_ai/.ihub/daksha/build/gen2/build install --record /home/phy_ai/.ihub/daksha/build/gen2/install.log --install-scripts $base/lib/gen2 --single-version-externally-managed install_data
[23.741s] Level 1:colcon.colcon_core.environment:checking '/home/phy_ai/.ihub/daksha/install/daksha_data_collection' for CMake module files
[23.742s] DEBUG:colcon.colcon_core.event_handler.log_command:Invoked command in '/home/phy_ai/.ihub/daksha/src/ui/Clients_UI/daksha_data_collection' returned '0': AMENT_PREFIX_PATH=/home/phy_ai/.ihub/daksha/install/hw_interface:/home/phy_ai/.ihub/daksha/install/daksha_msgs:${AMENT_PREFIX_PATH} CMAKE_PREFIX_PATH=/home/phy_ai/.ihub/daksha/install/hw_interface:/home/phy_ai/.ihub/daksha/install/daksha_msgs:${CMAKE_PREFIX_PATH} LD_LIBRARY_PATH=/home/phy_ai/.ihub/daksha/install/hw_interface/lib:/home/phy_ai/.ihub/daksha/install/daksha_msgs/lib:${LD_LIBRARY_PATH} PYTHONPATH=/home/phy_ai/.ihub/daksha/build/daksha_data_collection/prefix_override:/usr/lib/python3/dist-packages/colcon_core/task/python/colcon_distutils_commands:/home/phy_ai/.ihub/daksha/install/daksha_data_collection/lib/python3.10/site-packages:/home/phy_ai/.ihub/daksha/install/hw_interface/local/lib/python3.10/dist-packages:/home/phy_ai/.ihub/daksha/install/daksha_msgs/local/lib/python3.10/dist-packages:${PYTHONPATH} /usr/bin/python3 -W ignore:setup.py install is deprecated -W ignore:easy_install command is deprecated setup.py egg_info --egg-base ../../../../build/daksha_data_collection build --build-base /home/phy_ai/.ihub/daksha/build/daksha_data_collection/build install --record /home/phy_ai/.ihub/daksha/build/daksha_data_collection/install.log --install-scripts $base/lib/daksha_data_collection --single-version-externally-managed install_data
[23.742s] Level 1:colcon.colcon_core.environment:checking '/home/phy_ai/.ihub/daksha/install/daksha_data_collection' for CMake config files
[23.743s] Level 1:colcon.colcon_core.environment:checking '/home/phy_ai/.ihub/daksha/install/daksha_data_collection/lib'
[23.743s] Level 1:colcon.colcon_core.environment:checking '/home/phy_ai/.ihub/daksha/install/daksha_data_collection/bin'
[23.743s] Level 1:colcon.colcon_core.environment:checking '/home/phy_ai/.ihub/daksha/install/daksha_data_collection/lib/pkgconfig/daksha_data_collection.pc'
[23.743s] Level 1:colcon.colcon_core.environment:checking '/home/phy_ai/.ihub/daksha/install/daksha_data_collection/lib/python3.10/site-packages'
[23.743s] Level 1:colcon.colcon_core.shell:create_environment_hook('daksha_data_collection', 'pythonpath')
[23.744s] INFO:colcon.colcon_core.shell:Creating environment hook '/home/phy_ai/.ihub/daksha/install/daksha_data_collection/share/daksha_data_collection/hook/pythonpath.ps1'
[23.744s] INFO:colcon.colcon_core.shell:Creating environment descriptor '/home/phy_ai/.ihub/daksha/install/daksha_data_collection/share/daksha_data_collection/hook/pythonpath.dsv'
[23.744s] INFO:colcon.colcon_core.shell:Creating environment hook '/home/phy_ai/.ihub/daksha/install/daksha_data_collection/share/daksha_data_collection/hook/pythonpath.sh'
[23.745s] Level 1:colcon.colcon_core.environment:checking '/home/phy_ai/.ihub/daksha/install/daksha_data_collection/bin'
[23.745s] Level 1:colcon.colcon_core.environment:create_environment_scripts_only(daksha_data_collection)
[23.745s] INFO:colcon.colcon_core.shell:Creating package script '/home/phy_ai/.ihub/daksha/install/daksha_data_collection/share/daksha_data_collection/package.ps1'
[23.745s] INFO:colcon.colcon_core.shell:Creating package descriptor '/home/phy_ai/.ihub/daksha/install/daksha_data_collection/share/daksha_data_collection/package.dsv'
[23.746s] INFO:colcon.colcon_core.shell:Creating package script '/home/phy_ai/.ihub/daksha/install/daksha_data_collection/share/daksha_data_collection/package.sh'
[23.746s] INFO:colcon.colcon_core.shell:Creating package script '/home/phy_ai/.ihub/daksha/install/daksha_data_collection/share/daksha_data_collection/package.bash'
[23.746s] INFO:colcon.colcon_core.shell:Creating package script '/home/phy_ai/.ihub/daksha/install/daksha_data_collection/share/daksha_data_collection/package.zsh'
[23.746s] Level 1:colcon.colcon_core.environment:create_file_with_runtime_dependencies(/home/phy_ai/.ihub/daksha/install/daksha_data_collection/share/colcon-core/packages/daksha_data_collection)
[23.776s] Level 1:colcon.colcon_core.environment:checking '/home/phy_ai/.ihub/daksha/install/gen2' for CMake module files
[23.777s] DEBUG:colcon.colcon_core.event_handler.log_command:Invoked command in '/home/phy_ai/.ihub/daksha/src/gen2' returned '0': AMENT_PREFIX_PATH=/home/phy_ai/.ihub/daksha/install/vr_teleop:/home/phy_ai/.ihub/daksha/install/kinematics:/home/phy_ai/.ihub/daksha/install/hw_interface:${AMENT_PREFIX_PATH} CMAKE_PREFIX_PATH=/home/phy_ai/.ihub/daksha/install/hw_interface:${CMAKE_PREFIX_PATH} LD_LIBRARY_PATH=/home/phy_ai/.ihub/daksha/install/hw_interface/lib:${LD_LIBRARY_PATH} PYTHONPATH=/home/phy_ai/.ihub/daksha/build/gen2/prefix_override:/usr/lib/python3/dist-packages/colcon_core/task/python/colcon_distutils_commands:/home/phy_ai/.ihub/daksha/install/gen2/lib/python3.10/site-packages:/home/phy_ai/.ihub/daksha/install/vr_teleop/lib/python3.10/site-packages:/home/phy_ai/.ihub/daksha/install/kinematics/lib/python3.10/site-packages:/home/phy_ai/.ihub/daksha/install/hw_interface/local/lib/python3.10/dist-packages:${PYTHONPATH} /usr/bin/python3 -W ignore:setup.py install is deprecated -W ignore:easy_install command is deprecated setup.py egg_info --egg-base ../../build/gen2 build --build-base /home/phy_ai/.ihub/daksha/build/gen2/build install --record /home/phy_ai/.ihub/daksha/build/gen2/install.log --install-scripts $base/lib/gen2 --single-version-externally-managed install_data
[23.778s] Level 1:colcon.colcon_core.environment:checking '/home/phy_ai/.ihub/daksha/install/gen2' for CMake config files
[23.780s] Level 1:colcon.colcon_core.environment:checking '/home/phy_ai/.ihub/daksha/install/gen2/lib'
[23.780s] Level 1:colcon.colcon_core.environment:checking '/home/phy_ai/.ihub/daksha/install/gen2/bin'
[23.780s] Level 1:colcon.colcon_core.environment:checking '/home/phy_ai/.ihub/daksha/install/gen2/lib/pkgconfig/gen2.pc'
[23.780s] Level 1:colcon.colcon_core.environment:checking '/home/phy_ai/.ihub/daksha/install/gen2/lib/python3.10/site-packages'
[23.780s] Level 1:colcon.colcon_core.shell:create_environment_hook('gen2', 'pythonpath')
[23.781s] INFO:colcon.colcon_core.shell:Creating environment hook '/home/phy_ai/.ihub/daksha/install/gen2/share/gen2/hook/pythonpath.ps1'
[23.782s] INFO:colcon.colcon_core.shell:Creating environment descriptor '/home/phy_ai/.ihub/daksha/install/gen2/share/gen2/hook/pythonpath.dsv'
[23.782s] INFO:colcon.colcon_core.shell:Creating environment hook '/home/phy_ai/.ihub/daksha/install/gen2/share/gen2/hook/pythonpath.sh'
[23.784s] Level 1:colcon.colcon_core.environment:checking '/home/phy_ai/.ihub/daksha/install/gen2/bin'
[23.784s] Level 1:colcon.colcon_core.environment:create_environment_scripts_only(gen2)
[23.784s] INFO:colcon.colcon_core.shell:Creating package script '/home/phy_ai/.ihub/daksha/install/gen2/share/gen2/package.ps1'
[23.786s] INFO:colcon.colcon_core.shell:Creating package descriptor '/home/phy_ai/.ihub/daksha/install/gen2/share/gen2/package.dsv'
[23.786s] INFO:colcon.colcon_core.shell:Creating package script '/home/phy_ai/.ihub/daksha/install/gen2/share/gen2/package.sh'
[23.787s] INFO:colcon.colcon_core.shell:Creating package script '/home/phy_ai/.ihub/daksha/install/gen2/share/gen2/package.bash'
[23.788s] INFO:colcon.colcon_core.shell:Creating package script '/home/phy_ai/.ihub/daksha/install/gen2/share/gen2/package.zsh'
[23.789s] Level 1:colcon.colcon_core.environment:create_file_with_runtime_dependencies(/home/phy_ai/.ihub/daksha/install/gen2/share/colcon-core/packages/gen2)
[34.798s] DEBUG:colcon.colcon_core.event_handler.log_command:Invoked command in '/home/phy_ai/.ihub/daksha/build/moveit_collision_management' returned '0': AMENT_PREFIX_PATH=/home/phy_ai/.ihub/daksha/install/collision_management:/home/phy_ai/.ihub/daksha/install/kinematics:/home/phy_ai/.ihub/daksha/install/daksha_description_full_body:${AMENT_PREFIX_PATH} CMAKE_PREFIX_PATH=/home/phy_ai/.ihub/daksha/install/collision_management:/home/phy_ai/.barani/gen2_full/install/web_nav_site:/home/phy_ai/.barani/gen2_full/install/trajectory_planning:/home/phy_ai/.barani/gen2_full/install/sllidar_ros2:/home/phy_ai/.barani/gen2_full/install/posveleff_controllers:/home/phy_ai/.barani/gen2_full/install/moveit_collision_management:/home/phy_ai/.barani/gen2_full/install/collision_management:/home/phy_ai/.barani/gen2_full/install/hw_interface:/home/phy_ai/.barani/gen2_full/install/gesture_management:/home/phy_ai/.barani/gen2_full/install/dynamics:/home/phy_ai/.barani/gen2_full/install/drax_hardware:/home/phy_ai/.barani/gen2_full/install/daksha_ui:/home/phy_ai/.barani/gen2_full/install/daksha_msgs:/home/phy_ai/.barani/gen2_full/install/automation:/home/phy_ai/.barani/gen2_full/install/world_camera_launch:/home/phy_ai/.barani/gen2_full/install/gen2:/home/phy_ai/.barani/gen2_full/install/vr_teleop:/home/phy_ai/.barani/gen2_full/install/ros_tcp_endpoint:/home/phy_ai/.barani/gen2_full/install/nav_bringup:/home/phy_ai/.barani/gen2_full/install/nav2_config:/home/phy_ai/.barani/gen2_full/install/kinematics:/home/phy_ai/.barani/gen2_full/install/joint_cmd_logger:/home/phy_ai/.barani/gen2_full/install/joint_analyzer:/home/phy_ai/.barani/gen2_full/install/daksha_data_collection:/home/phy_ai/.barani/gen2_full/install/gen2_leader:/home/phy_ai/.barani/gen2_full/install/amr_bringup:/home/phy_ai/.barani/gen2_full/install/daksha_final_urdf_description:/home/phy_ai/.barani/gen2_full/install/daksha_description_full_body:/home/phy_ai/.barani/gen2_full/install/daksha_base_urdf:/home/phy_ai/.barani/gen2_full/install/daksha_api_bridge_leader:/home/phy_ai/.barani/gen2_full/install/daksha_api_bridge_follower:/opt/ros/humble LD_LIBRARY_PATH=/home/phy_ai/.ihub/daksha/install/collision_management/lib:${LD_LIBRARY_PATH} PYTHONPATH=/home/phy_ai/.ihub/daksha/install/collision_management/local/lib/python3.10/dist-packages:/home/phy_ai/.ihub/daksha/install/kinematics/lib/python3.10/site-packages:/home/phy_ai/.ihub/daksha/install/daksha_description_full_body/lib/python3.10/site-packages:${PYTHONPATH} /usr/bin/cmake --build /home/phy_ai/.ihub/daksha/build/moveit_collision_management -- -j16 -l16
[34.801s] DEBUG:colcon.colcon_core.event_handler.log_command:Invoking command in '/home/phy_ai/.ihub/daksha/build/moveit_collision_management': AMENT_PREFIX_PATH=/home/phy_ai/.ihub/daksha/install/collision_management:/home/phy_ai/.ihub/daksha/install/kinematics:/home/phy_ai/.ihub/daksha/install/daksha_description_full_body:${AMENT_PREFIX_PATH} CMAKE_PREFIX_PATH=/home/phy_ai/.ihub/daksha/install/collision_management:/home/phy_ai/.barani/gen2_full/install/web_nav_site:/home/phy_ai/.barani/gen2_full/install/trajectory_planning:/home/phy_ai/.barani/gen2_full/install/sllidar_ros2:/home/phy_ai/.barani/gen2_full/install/posveleff_controllers:/home/phy_ai/.barani/gen2_full/install/moveit_collision_management:/home/phy_ai/.barani/gen2_full/install/collision_management:/home/phy_ai/.barani/gen2_full/install/hw_interface:/home/phy_ai/.barani/gen2_full/install/gesture_management:/home/phy_ai/.barani/gen2_full/install/dynamics:/home/phy_ai/.barani/gen2_full/install/drax_hardware:/home/phy_ai/.barani/gen2_full/install/daksha_ui:/home/phy_ai/.barani/gen2_full/install/daksha_msgs:/home/phy_ai/.barani/gen2_full/install/automation:/home/phy_ai/.barani/gen2_full/install/world_camera_launch:/home/phy_ai/.barani/gen2_full/install/gen2:/home/phy_ai/.barani/gen2_full/install/vr_teleop:/home/phy_ai/.barani/gen2_full/install/ros_tcp_endpoint:/home/phy_ai/.barani/gen2_full/install/nav_bringup:/home/phy_ai/.barani/gen2_full/install/nav2_config:/home/phy_ai/.barani/gen2_full/install/kinematics:/home/phy_ai/.barani/gen2_full/install/joint_cmd_logger:/home/phy_ai/.barani/gen2_full/install/joint_analyzer:/home/phy_ai/.barani/gen2_full/install/daksha_data_collection:/home/phy_ai/.barani/gen2_full/install/gen2_leader:/home/phy_ai/.barani/gen2_full/install/amr_bringup:/home/phy_ai/.barani/gen2_full/install/daksha_final_urdf_description:/home/phy_ai/.barani/gen2_full/install/daksha_description_full_body:/home/phy_ai/.barani/gen2_full/install/daksha_base_urdf:/home/phy_ai/.barani/gen2_full/install/daksha_api_bridge_leader:/home/phy_ai/.barani/gen2_full/install/daksha_api_bridge_follower:/opt/ros/humble LD_LIBRARY_PATH=/home/phy_ai/.ihub/daksha/install/collision_management/lib:${LD_LIBRARY_PATH} PYTHONPATH=/home/phy_ai/.ihub/daksha/install/collision_management/local/lib/python3.10/dist-packages:/home/phy_ai/.ihub/daksha/install/kinematics/lib/python3.10/site-packages:/home/phy_ai/.ihub/daksha/install/daksha_description_full_body/lib/python3.10/site-packages:${PYTHONPATH} /usr/bin/cmake --install /home/phy_ai/.ihub/daksha/build/moveit_collision_management
[34.819s] Level 1:colcon.colcon_core.environment:create_environment_scripts_only(moveit_collision_management)
[34.820s] Level 1:colcon.colcon_core.environment:checking '/home/phy_ai/.ihub/daksha/install/moveit_collision_management' for CMake module files
[34.821s] DEBUG:colcon.colcon_core.event_handler.log_command:Invoked command in '/home/phy_ai/.ihub/daksha/build/moveit_collision_management' returned '0': AMENT_PREFIX_PATH=/home/phy_ai/.ihub/daksha/install/collision_management:/home/phy_ai/.ihub/daksha/install/kinematics:/home/phy_ai/.ihub/daksha/install/daksha_description_full_body:${AMENT_PREFIX_PATH} CMAKE_PREFIX_PATH=/home/phy_ai/.ihub/daksha/install/collision_management:/home/phy_ai/.barani/gen2_full/install/web_nav_site:/home/phy_ai/.barani/gen2_full/install/trajectory_planning:/home/phy_ai/.barani/gen2_full/install/sllidar_ros2:/home/phy_ai/.barani/gen2_full/install/posveleff_controllers:/home/phy_ai/.barani/gen2_full/install/moveit_collision_management:/home/phy_ai/.barani/gen2_full/install/collision_management:/home/phy_ai/.barani/gen2_full/install/hw_interface:/home/phy_ai/.barani/gen2_full/install/gesture_management:/home/phy_ai/.barani/gen2_full/install/dynamics:/home/phy_ai/.barani/gen2_full/install/drax_hardware:/home/phy_ai/.barani/gen2_full/install/daksha_ui:/home/phy_ai/.barani/gen2_full/install/daksha_msgs:/home/phy_ai/.barani/gen2_full/install/automation:/home/phy_ai/.barani/gen2_full/install/world_camera_launch:/home/phy_ai/.barani/gen2_full/install/gen2:/home/phy_ai/.barani/gen2_full/install/vr_teleop:/home/phy_ai/.barani/gen2_full/install/ros_tcp_endpoint:/home/phy_ai/.barani/gen2_full/install/nav_bringup:/home/phy_ai/.barani/gen2_full/install/nav2_config:/home/phy_ai/.barani/gen2_full/install/kinematics:/home/phy_ai/.barani/gen2_full/install/joint_cmd_logger:/home/phy_ai/.barani/gen2_full/install/joint_analyzer:/home/phy_ai/.barani/gen2_full/install/daksha_data_collection:/home/phy_ai/.barani/gen2_full/install/gen2_leader:/home/phy_ai/.barani/gen2_full/install/amr_bringup:/home/phy_ai/.barani/gen2_full/install/daksha_final_urdf_description:/home/phy_ai/.barani/gen2_full/install/daksha_description_full_body:/home/phy_ai/.barani/gen2_full/install/daksha_base_urdf:/home/phy_ai/.barani/gen2_full/install/daksha_api_bridge_leader:/home/phy_ai/.barani/gen2_full/install/daksha_api_bridge_follower:/opt/ros/humble LD_LIBRARY_PATH=/home/phy_ai/.ihub/daksha/install/collision_management/lib:${LD_LIBRARY_PATH} PYTHONPATH=/home/phy_ai/.ihub/daksha/install/collision_management/local/lib/python3.10/dist-packages:/home/phy_ai/.ihub/daksha/install/kinematics/lib/python3.10/site-packages:/home/phy_ai/.ihub/daksha/install/daksha_description_full_body/lib/python3.10/site-packages:${PYTHONPATH} /usr/bin/cmake --install /home/phy_ai/.ihub/daksha/build/moveit_collision_management
[34.821s] Level 1:colcon.colcon_core.environment:checking '/home/phy_ai/.ihub/daksha/install/moveit_collision_management' for CMake config files
[34.822s] Level 1:colcon.colcon_core.shell:create_environment_hook('moveit_collision_management', 'cmake_prefix_path')
[34.822s] INFO:colcon.colcon_core.shell:Creating environment hook '/home/phy_ai/.ihub/daksha/install/moveit_collision_management/share/moveit_collision_management/hook/cmake_prefix_path.ps1'
[34.823s] INFO:colcon.colcon_core.shell:Creating environment descriptor '/home/phy_ai/.ihub/daksha/install/moveit_collision_management/share/moveit_collision_management/hook/cmake_prefix_path.dsv'
[34.823s] INFO:colcon.colcon_core.shell:Creating environment hook '/home/phy_ai/.ihub/daksha/install/moveit_collision_management/share/moveit_collision_management/hook/cmake_prefix_path.sh'
[34.824s] Level 1:colcon.colcon_core.environment:checking '/home/phy_ai/.ihub/daksha/install/moveit_collision_management/lib'
[34.825s] Level 1:colcon.colcon_core.environment:checking '/home/phy_ai/.ihub/daksha/install/moveit_collision_management/bin'
[34.825s] Level 1:colcon.colcon_core.environment:checking '/home/phy_ai/.ihub/daksha/install/moveit_collision_management/lib/pkgconfig/moveit_collision_management.pc'
[34.825s] Level 1:colcon.colcon_core.environment:checking '/home/phy_ai/.ihub/daksha/install/moveit_collision_management/lib/python3.10/site-packages'
[34.826s] Level 1:colcon.colcon_core.environment:checking '/home/phy_ai/.ihub/daksha/install/moveit_collision_management/bin'
[34.827s] INFO:colcon.colcon_core.shell:Creating package script '/home/phy_ai/.ihub/daksha/install/moveit_collision_management/share/moveit_collision_management/package.ps1'
[34.828s] INFO:colcon.colcon_core.shell:Creating package descriptor '/home/phy_ai/.ihub/daksha/install/moveit_collision_management/share/moveit_collision_management/package.dsv'
[34.828s] INFO:colcon.colcon_core.shell:Creating package script '/home/phy_ai/.ihub/daksha/install/moveit_collision_management/share/moveit_collision_management/package.sh'
[34.829s] INFO:colcon.colcon_core.shell:Creating package script '/home/phy_ai/.ihub/daksha/install/moveit_collision_management/share/moveit_collision_management/package.bash'
[34.830s] INFO:colcon.colcon_core.shell:Creating package script '/home/phy_ai/.ihub/daksha/install/moveit_collision_management/share/moveit_collision_management/package.zsh'
[34.830s] Level 1:colcon.colcon_core.environment:create_file_with_runtime_dependencies(/home/phy_ai/.ihub/daksha/install/moveit_collision_management/share/colcon-core/packages/moveit_collision_management)
[34.832s] Level 1:colcon.colcon_core.environment:create_environment_scripts_only(moveit_collision_management)
[34.832s] Level 1:colcon.colcon_core.environment:checking '/home/phy_ai/.ihub/daksha/install/moveit_collision_management' for CMake module files
[34.833s] Level 1:colcon.colcon_core.environment:checking '/home/phy_ai/.ihub/daksha/install/moveit_collision_management' for CMake config files
[34.834s] Level 1:colcon.colcon_core.shell:create_environment_hook('moveit_collision_management', 'cmake_prefix_path')
[34.834s] INFO:colcon.colcon_core.shell:Creating environment hook '/home/phy_ai/.ihub/daksha/install/moveit_collision_management/share/moveit_collision_management/hook/cmake_prefix_path.ps1'
[34.835s] INFO:colcon.colcon_core.shell:Creating environment descriptor '/home/phy_ai/.ihub/daksha/install/moveit_collision_management/share/moveit_collision_management/hook/cmake_prefix_path.dsv'
[34.836s] INFO:colcon.colcon_core.shell:Creating environment hook '/home/phy_ai/.ihub/daksha/install/moveit_collision_management/share/moveit_collision_management/hook/cmake_prefix_path.sh'
[34.837s] Level 1:colcon.colcon_core.environment:checking '/home/phy_ai/.ihub/daksha/install/moveit_collision_management/lib'
[34.837s] Level 1:colcon.colcon_core.environment:checking '/home/phy_ai/.ihub/daksha/install/moveit_collision_management/bin'
[34.837s] Level 1:colcon.colcon_core.environment:checking '/home/phy_ai/.ihub/daksha/install/moveit_collision_management/lib/pkgconfig/moveit_collision_management.pc'
[34.838s] Level 1:colcon.colcon_core.environment:checking '/home/phy_ai/.ihub/daksha/install/moveit_collision_management/lib/python3.10/site-packages'
[34.838s] Level 1:colcon.colcon_core.environment:checking '/home/phy_ai/.ihub/daksha/install/moveit_collision_management/bin'
[34.839s] INFO:colcon.colcon_core.shell:Creating package script '/home/phy_ai/.ihub/daksha/install/moveit_collision_management/share/moveit_collision_management/package.ps1'
[34.840s] INFO:colcon.colcon_core.shell:Creating package descriptor '/home/phy_ai/.ihub/daksha/install/moveit_collision_management/share/moveit_collision_management/package.dsv'
[34.841s] INFO:colcon.colcon_core.shell:Creating package script '/home/phy_ai/.ihub/daksha/install/moveit_collision_management/share/moveit_collision_management/package.sh'
[34.842s] INFO:colcon.colcon_core.shell:Creating package script '/home/phy_ai/.ihub/daksha/install/moveit_collision_management/share/moveit_collision_management/package.bash'
[34.843s] INFO:colcon.colcon_core.shell:Creating package script '/home/phy_ai/.ihub/daksha/install/moveit_collision_management/share/moveit_collision_management/package.zsh'
[34.844s] Level 1:colcon.colcon_core.environment:create_file_with_runtime_dependencies(/home/phy_ai/.ihub/daksha/install/moveit_collision_management/share/colcon-core/packages/moveit_collision_management)
[34.844s] DEBUG:colcon.colcon_parallel_executor.executor.parallel:closing loop
[34.845s] DEBUG:colcon.colcon_parallel_executor.executor.parallel:loop closed
[34.845s] DEBUG:colcon.colcon_parallel_executor.executor.parallel:run_until_complete finished with '0'
[34.845s] DEBUG:colcon.colcon_core.event_reactor:joining thread
[34.848s] DEBUG:colcon.colcon_core.event_reactor:joined thread
[34.849s] INFO:colcon.colcon_core.shell:Creating prefix script '/home/phy_ai/.ihub/daksha/install/local_setup.ps1'
[34.851s] INFO:colcon.colcon_core.shell:Creating prefix util module '/home/phy_ai/.ihub/daksha/install/_local_setup_util_ps1.py'
[34.854s] INFO:colcon.colcon_core.shell:Creating prefix chain script '/home/phy_ai/.ihub/daksha/install/setup.ps1'
[34.860s] INFO:colcon.colcon_core.shell:Creating prefix script '/home/phy_ai/.ihub/daksha/install/local_setup.sh'
[34.862s] INFO:colcon.colcon_core.shell:Creating prefix util module '/home/phy_ai/.ihub/daksha/install/_local_setup_util_sh.py'
[34.863s] INFO:colcon.colcon_core.shell:Creating prefix chain script '/home/phy_ai/.ihub/daksha/install/setup.sh'
[34.868s] INFO:colcon.colcon_core.shell:Creating prefix script '/home/phy_ai/.ihub/daksha/install/local_setup.bash'
[34.870s] INFO:colcon.colcon_core.shell:Creating prefix chain script '/home/phy_ai/.ihub/daksha/install/setup.bash'
[34.874s] INFO:colcon.colcon_core.shell:Creating prefix script '/home/phy_ai/.ihub/daksha/install/local_setup.zsh'
[34.876s] INFO:colcon.colcon_core.shell:Creating prefix chain script '/home/phy_ai/.ihub/daksha/install/setup.zsh'
